"lead_id","chuck_id","mensaje_chuck","intencion","pre_precio","lead_clase"
"L00001","CHUCK_04","Quiero hacer un pedido de información sobre un asistente con IA. Soy Laura. Gracias.","hacer pedido","0","frio"
"L00002","CHUCK_01","Quiero hacer un pedido urgente: implementación en Instagram para concesionaria. Soy Luis.","hacer pedido","0","caliente"
"L00003","CHUCK_09","Puedo hacer un pedido para que me contacten? Soy Javier de Córdoba. Gracias.","hacer pedido","0","frio"
"L00004","CHUCK_07","Puedo hacer un pedido para que me contacten? Soy Brenda de Monterrey. Gracias!","hacer pedido","0","frio"
"L00005","CHUCK_06","Quisiera hacer un pedido: que me llamen para explicarme. Saludos.","hacer pedido","0","frio"
"L00006","CHUCK_02","Quiero hacer un pedido de información sobre una automatización de atención. Gracias.","hacer pedido","0","frio"
"L00007","CHUCK_08","Quiero hacer un pedido para mi negocio en Monterrey: atención y captación de leads. Soy Fernando.","hacer pedido","0","tibio"
"L00008","CHUCK_04","Hago un pedido para arrancar esta semana: necesito automatizar email ya. Quedo atento.","hacer pedido","0","caliente"
"L00009","CHUCK_07","Hago un pedido: necesito que atienda en Instagram y derive a un asesor. Soy Alejandro de CDMX. Quedo atento.","hacer pedido","0","tibio"
"L00010","CHUCK_07","Quiero hacer un pedido urgente: implementación en Telegram para agencia. Soy Camila. Saludos.","hacer pedido","0","caliente"
"L00011","CHUCK_01","Quiero hacer un pedido de información sobre un bot para WhatsApp. Soy Brenda de Quito.","hacer pedido","0","frio"
"L00012","CHUCK_08","Quisiera hacer un pedido: que me llamen para explicarme. Soy Gabriel. Saludos.","hacer pedido","0","frio"
"L00013","CHUCK_02","Quisiera hacer un pedido: que me llamen para explicarme. Gracias!","hacer pedido","0","frio"
"L00014","CHUCK_08","Puedo hacer un pedido para que me contacten? Quedo atento.","hacer pedido","0","frio"
"L00015","CHUCK_09","Quiero hacer un pedido para estudio jurídico: que el bot capture nombre, teléfono y motivo. Soy Sebastián. Quedo atento.","hacer pedido","0","tibio"
"L00016","CHUCK_09","Puedo hacer un pedido para que me contacten? Quedo atento. Soy Valentina de Córdoba.","hacer pedido","0","frio"
"L00017","CHUCK_05","Hago el pedido hoy: necesito dejar esto funcionando lo antes posible. Quedo atento.","hacer pedido","0","caliente"
"L00018","CHUCK_05","Hago el pedido hoy: necesito dejar esto funcionando hoy. Soy Emilio. Quedo atento.","hacer pedido","0","caliente"
"L00019","CHUCK_03","Puedo hacer un pedido para que me contacten? Soy Diego. Gracias.","hacer pedido","0","frio"
"L00020","CHUCK_04","Hago un pedido: necesito que atienda en Telegram y derive a un asesor. Soy Natalia de Monterrey. Quedo atento.","hacer pedido","0","tibio"
"L00021","CHUCK_10","Hago el pedido hoy: necesito dejar esto funcionando para la próxima semana. Soy Sergio. Gracias.","hacer pedido","0","caliente"
"L00022","CHUCK_01","Hago un pedido para arrancar hoy: necesito automatizar Telegram ya. Soy Mateo de Bogotá. Gracias!","hacer pedido","0","caliente"
"L00023","CHUCK_10","Puedo hacer un pedido para que me contacten? Soy María de Santiago. Quedo atento.","hacer pedido","0","frio"
"L00024","CHUCK_05","Hago un pedido para arrancar lo antes posible: necesito automatizar web ya. Soy Paula. Gracias.","hacer pedido","0","caliente"
"L00025","CHUCK_07","Hago el pedido hoy: necesito dejar esto funcionando antes del viernes. Soy Sebastián de Medellín.","hacer pedido","0","caliente"
"L00026","CHUCK_08","Hago un pedido: necesito que atienda en WhatsApp y derive a un asesor. Saludos.","hacer pedido","0","tibio"
"L00027","CHUCK_03","Quisiera hacer un pedido: que me llamen para explicarme. Soy Florencia de Santiago. Quedo atento.","hacer pedido","0","frio"
"L00028","CHUCK_08","Hago un pedido para arrancar para la próxima semana: necesito automatizar Instagram ya. Soy Daniela de Medellín. Gracias.","hacer pedido","0","caliente"
"L00029","CHUCK_07","Quiero hacer un pedido de información sobre un bot multicanal. Soy Renata de Monterrey. Quedo atento.","hacer pedido","0","frio"
"L00030","CHUCK_01","Quiero hacer un pedido de información sobre un bot para WhatsApp. Soy Claudia de Santiago. Quedo atento.","hacer pedido","0","frio"
"L00031","CHUCK_08","Hago un pedido: necesito que atienda en Facebook y derive a un asesor. Soy Valentina de Córdoba. Gracias!","hacer pedido","0","tibio"
"L00032","CHUCK_07","Hago el pedido hoy: necesito dejar esto funcionando para la próxima semana. Saludos.","hacer pedido","0","caliente"
"L00033","CHUCK_09","Quiero hacer un pedido para mi negocio en CDMX: atención y captación de leads. Soy Ricardo de CDMX. Quedo atento.","hacer pedido","0","tibio"
"L00034","CHUCK_04","Quiero hacer un pedido de información sobre un chatbot para ventas. Soy Sofía. Quedo atento.","hacer pedido","0","frio"
"L00035","CHUCK_04","Quiero hacer un pedido urgente: implementación en Instagram para academia. Soy Fernando. Quedo atento.","hacer pedido","0","caliente"
"L00036","CHUCK_01","Quiero hacer un pedido para mi negocio en Lima: atención y captación de leads. Soy María de Lima.","hacer pedido","0","tibio"
"L00037","CHUCK_04","Hago el pedido hoy: necesito dejar esto funcionando lo antes posible. Soy Andrés. Gracias.","hacer pedido","0","caliente"
"L00038","CHUCK_09","Hago un pedido: necesito que atienda en WhatsApp y derive a un asesor. Soy Luis. Quedo atento.","hacer pedido","0","tibio"
"L00039","CHUCK_01","Hago un pedido para arrancar lo antes posible: necesito automatizar Facebook ya. Soy Sebastián de Buenos Aires.","hacer pedido","0","caliente"
"L00040","CHUCK_04","Quiero hacer un pedido de información sobre un asistente con IA. Soy Raúl. Saludos.","hacer pedido","0","frio"
"L00041","CHUCK_01","Puedo hacer un pedido para que me contacten? Soy Verónica. Quedo atento.","hacer pedido","0","frio"
"L00042","CHUCK_07","Quiero hacer un pedido para estudio jurídico: que el bot capture nombre, teléfono y motivo. Soy Sofía. Gracias!","hacer pedido","0","tibio"
"L00043","CHUCK_07","Quiero hacer un pedido para estudio jurídico: que el bot capture nombre, teléfono y motivo. Soy Mónica. Gracias!","hacer pedido","0","tibio"
"L00044","CHUCK_09","Hago un pedido para arrancar hoy: necesito automatizar web ya. Quedo atento.","hacer pedido","0","caliente"
"L00045","CHUCK_07","Hago el pedido hoy: necesito dejar esto funcionando para la próxima semana. Soy Luis de Lima.","hacer pedido","0","caliente"
"L00046","CHUCK_10","Puedo hacer un pedido para que me contacten? Soy Sebastián de Lima. Gracias!","hacer pedido","0","frio"
"L00047","CHUCK_08","Hago un pedido para arrancar para la próxima semana: necesito automatizar email ya. Saludos.","hacer pedido","0","caliente"
"L00048","CHUCK_02","Quisiera hacer un pedido: que me llamen para explicarme. Soy Emilio. Gracias!","hacer pedido","0","frio"
"L00049","CHUCK_08","Quiero hacer un pedido urgente: implementación en WhatsApp para estudio jurídico. Soy Raúl de CDMX. Quedo atento.","hacer pedido","0","caliente"
"L00050","CHUCK_09","Quiero hacer un pedido para mi negocio en Santiago: atención y captación de leads. Soy Daniela de Santiago. Quedo atento.","hacer pedido","0","tibio"
"L00051","CHUCK_10","Hago el pedido hoy: necesito dejar esto funcionando antes del viernes.","hacer pedido","0","caliente"
"L00052","CHUCK_08","Hago un pedido: necesito que atienda en email y derive a un asesor. Soy Laura de Medellín. Gracias!","hacer pedido","0","tibio"
"L00053","CHUCK_10","Hago el pedido hoy: necesito dejar esto funcionando este mes. Soy Iván de Santiago.","hacer pedido","0","caliente"
"L00054","CHUCK_07","Hago un pedido: necesito que atienda en Instagram y derive a un asesor. Soy Javier de Monterrey.","hacer pedido","0","tibio"
"L00055","CHUCK_02","Quiero hacer un pedido de información sobre un chatbot para ventas. Gracias.","hacer pedido","0","frio"
"L00056","CHUCK_04","Quiero hacer un pedido de información sobre un asistente con IA. Soy Patricia de Buenos Aires. Gracias!","hacer pedido","0","frio"
"L00057","CHUCK_05","Quiero hacer un pedido urgente: implementación en Telegram para turismo. Soy Andrea de Monterrey.","hacer pedido","0","caliente"
"L00058","CHUCK_06","Puedo hacer un pedido para que me contacten? Soy Pablo.","hacer pedido","0","frio"
"L00059","CHUCK_07","Hago un pedido para arrancar antes del viernes: necesito automatizar Facebook ya. Quedo atento.","hacer pedido","0","caliente"
"L00060","CHUCK_01","Quiero hacer un pedido para concesionaria: que el bot capture nombre, teléfono y motivo. Soy Gabriel de Lima.","hacer pedido","0","tibio"
"L00061","CHUCK_07","Quiero hacer un pedido para restaurante: que el bot capture nombre, teléfono y motivo. Soy Verónica de Buenos Aires. Saludos.","hacer pedido","0","tibio"
"L00062","CHUCK_10","Hago un pedido para arrancar hoy: necesito automatizar web ya. Soy Sebastián de Córdoba. Quedo atento.","hacer pedido","0","caliente"
"L00063","CHUCK_08","Quisiera hacer un pedido: que me llamen para explicarme. Gracias.","hacer pedido","0","frio"
"L00064","CHUCK_02","Hago el pedido hoy: necesito dejar esto funcionando este mes. Quedo atento.","hacer pedido","0","caliente"
"L00065","CHUCK_07","Quisiera hacer un pedido: que me llamen para explicarme. Soy Paula de Medellín.","hacer pedido","0","frio"
"L00066","CHUCK_01","Quisiera hacer un pedido: que me llamen para explicarme. Gracias!. Idealmente me gustaria tenerlo listo este mes.","hacer pedido","0","frio"
"L00067","CHUCK_04","Hago un pedido para arrancar hoy: necesito automatizar web ya. Soy Daniela. Quedo atento.","hacer pedido","0","caliente"
"L00068","CHUCK_05","Hago un pedido para arrancar hoy: necesito automatizar web ya. Soy Renata de Medellín. Saludos.","hacer pedido","0","caliente"
"L00069","CHUCK_03","Quiero hacer un pedido para academia: que el bot capture nombre, teléfono y motivo. Soy Patricia de Lima. Gracias.","hacer pedido","0","tibio"
"L00070","CHUCK_02","Puedo hacer un pedido para que me contacten?","hacer pedido","0","frio"
"L00071","CHUCK_01","Hago el pedido hoy: necesito dejar esto funcionando hoy. Soy Paula de CDMX. Gracias!","hacer pedido","0","caliente"
"L00072","CHUCK_04","Quiero hacer un pedido para mi negocio en Bogotá: atención y captación de leads. Gracias.","hacer pedido","0","tibio"
"L00073","CHUCK_05","Quiero hacer un pedido para clínica: que el bot capture nombre, teléfono y motivo. Quedo atento.","hacer pedido","0","tibio"
"L00074","CHUCK_02","Quiero hacer un pedido para mi negocio en Quito: atención y captación de leads. Soy Valentina. Gracias!","hacer pedido","0","tibio"
"L00075","CHUCK_05","Quisiera hacer un pedido: que me llamen para explicarme. Soy Renata de Córdoba. Gracias.","hacer pedido","0","frio"
"L00076","CHUCK_05","Hago un pedido: necesito que atienda en Facebook y derive a un asesor.","hacer pedido","0","tibio"
"L00077","CHUCK_07","Quiero hacer un pedido para e-commerce: que el bot capture nombre, teléfono y motivo. Soy Sergio de Lima. Saludos.","hacer pedido","0","tibio"
"L00078","CHUCK_01","Quiero hacer un pedido de información sobre un bot para WhatsApp.","hacer pedido","0","frio"
"L00079","CHUCK_10","Quiero hacer un pedido para turismo: que el bot capture nombre, teléfono y motivo. Soy Carolina de Santiago. Gracias!","hacer pedido","0","tibio"
"L00080","CHUCK_05","Puedo hacer un pedido para que me contacten? Soy Sebastián de Lima.","hacer pedido","0","frio"
"L00081","CHUCK_09","Puedo hacer un pedido para que me contacten? Soy María de Córdoba. Quedo atento.","hacer pedido","0","frio"
"L00082","CHUCK_01","Quiero hacer un pedido de información sobre un bot para WhatsApp. Quedo atento.","hacer pedido","0","frio"
"L00083","CHUCK_05","Quisiera hacer un pedido: que me llamen para explicarme. Soy Iván de Monterrey.","hacer pedido","0","frio"
"L00084","CHUCK_03","Quiero hacer un pedido de información sobre un bot para WhatsApp. Soy Sergio. Saludos.","hacer pedido","0","frio"
"L00085","CHUCK_02","Puedo hacer un pedido para que me contacten? Soy Carolina de CDMX. Gracias.","hacer pedido","0","frio"
"L00086","CHUCK_02","Hago un pedido para arrancar lo antes posible: necesito automatizar email ya. Soy Nicolás de Monterrey. Quedo atento.","hacer pedido","0","caliente"
"L00087","CHUCK_04","Quiero hacer un pedido de información sobre un asistente con IA. Soy Fernando de Santiago. Quedo atento.","hacer pedido","0","frio"
"L00088","CHUCK_05","Puedo hacer un pedido para que me contacten? Soy Javier. Gracias.","hacer pedido","0","frio"
"L00089","CHUCK_03","Quiero hacer un pedido urgente: implementación en email para turismo. Soy Emilio de Córdoba.","hacer pedido","0","caliente"
"L00090","CHUCK_01","Hago un pedido para arrancar este mes: necesito automatizar email ya. Gracias!","hacer pedido","0","caliente"
"L00091","CHUCK_04","Quiero hacer un pedido para concesionaria: que el bot capture nombre, teléfono y motivo. Soy Paula de Guadalajara. Gracias!","hacer pedido","0","tibio"
"L00092","CHUCK_08","Quiero hacer un pedido de información sobre un sistema para gestionar leads. Soy Julia de Santiago. Saludos.","hacer pedido","0","frio"
"L00093","CHUCK_05","Quiero hacer un pedido de información sobre un bot multicanal. Soy Carlos de Buenos Aires. Saludos.","hacer pedido","0","frio"
"L00094","CHUCK_04","Puedo hacer un pedido para que me contacten? Gracias!","hacer pedido","0","frio"
"L00095","CHUCK_09","Quiero hacer un pedido para inmobiliaria: que el bot capture nombre, teléfono y motivo. Soy Claudia. Gracias!","hacer pedido","0","tibio"
"L00096","CHUCK_05","Quiero hacer un pedido de información sobre una automatización de atención. Soy Camila de CDMX. Saludos.","hacer pedido","0","frio"
"L00097","CHUCK_04","Puedo hacer un pedido para que me contacten? Soy Lucía de Lima. Gracias.","hacer pedido","0","frio"
"L00098","CHUCK_08","Quiero hacer un pedido para mi negocio en Quito: atención y captación de leads. Saludos.","hacer pedido","0","tibio"
"L00099","CHUCK_10","Puedo hacer un pedido para que me contacten? Soy Andrea de Santiago. Quedo atento.","hacer pedido","0","frio"
"L00100","CHUCK_03","Quiero hacer un pedido para mi negocio en Guadalajara: atención y captación de leads. Soy Claudia. Gracias.","hacer pedido","0","tibio"
"L00101","CHUCK_01","Hago un pedido para arrancar esta semana: necesito automatizar Facebook ya. Saludos.","hacer pedido","0","caliente"
"L00102","CHUCK_02","Hago un pedido para arrancar para la próxima semana: necesito automatizar Telegram ya.","hacer pedido","0","caliente"
"L00103","CHUCK_05","Hago un pedido: necesito que atienda en WhatsApp y derive a un asesor. Soy Gabriel de Monterrey.","hacer pedido","0","tibio"
"L00104","CHUCK_05","Hago un pedido para arrancar antes del viernes: necesito automatizar WhatsApp ya. Gracias.","hacer pedido","0","caliente"
"L00105","CHUCK_05","Quiero hacer un pedido para mi negocio en Bogotá: atención y captación de leads. Gracias!","hacer pedido","0","tibio"
"L00106","CHUCK_07","Hago el pedido hoy: necesito dejar esto funcionando para la próxima semana. Soy Luis de Lima. Saludos.","hacer pedido","0","caliente"
"L00107","CHUCK_10","Quiero hacer un pedido para gimnasio: que el bot capture nombre, teléfono y motivo. Soy Iván de Guadalajara. Gracias!","hacer pedido","0","tibio"
"L00108","CHUCK_04","Hago el pedido hoy: necesito dejar esto funcionando este mes. Soy Hugo. Quedo atento.","hacer pedido","0","caliente"
"L00109","CHUCK_08","Quiero hacer un pedido de información sobre una automatización de atención. Soy Carlos.","hacer pedido","0","frio"
"L00110","CHUCK_06","Quiero hacer un pedido para gimnasio: que el bot capture nombre, teléfono y motivo. Soy Diego de Lima. Gracias!","hacer pedido","0","tibio"
"L00111","CHUCK_07","Quiero hacer un pedido de información sobre una automatización de atención. Soy Fernando.","hacer pedido","0","frio"
"L00112","CHUCK_03","Quiero hacer un pedido urgente: implementación en email para e-commerce. Soy Luis de Guadalajara.","hacer pedido","0","caliente"
"L00113","CHUCK_03","Quiero hacer un pedido para gimnasio: que el bot capture nombre, teléfono y motivo. Soy Gabriel. Gracias.","hacer pedido","0","tibio"
"L00114","CHUCK_02","Quiero hacer un pedido de información sobre un sistema para gestionar leads. Soy María de Monterrey. Gracias!","hacer pedido","0","frio"
"L00115","CHUCK_10","Hago un pedido: necesito que atienda en WhatsApp y derive a un asesor. Quedo atento.","hacer pedido","0","tibio"
"L00116","CHUCK_02","Quisiera hacer un pedido: que me llamen para explicarme. Soy Hugo de Medellín. Gracias.","hacer pedido","0","frio"
"L00117","CHUCK_03","Puedo hacer un pedido para que me contacten? Soy Iván de CDMX. Gracias.","hacer pedido","0","frio"
"L00118","CHUCK_06","Quiero hacer un pedido de información sobre un asistente con IA. Soy Iván de Medellín. Gracias!","hacer pedido","0","frio"
"L00119","CHUCK_08","Hago un pedido: necesito que atienda en web y derive a un asesor. Soy Sofía. Gracias.","hacer pedido","0","tibio"
"L00120","CHUCK_06","Quiero hacer un pedido para mi negocio en Bogotá: atención y captación de leads. Soy Renata de Bogotá. Saludos.","hacer pedido","0","tibio"
"L00121","CHUCK_10","Quiero hacer un pedido urgente: implementación en Facebook para academia. Soy Martín. Gracias.","hacer pedido","0","caliente"
"L00122","CHUCK_02","Hago un pedido para arrancar lo antes posible: necesito automatizar Telegram ya. Soy Martín. Gracias.","hacer pedido","0","caliente"
"L00123","CHUCK_01","Hago un pedido: necesito que atienda en WhatsApp y derive a un asesor. Soy Diego de Córdoba. Gracias!","hacer pedido","0","tibio"
"L00124","CHUCK_08","Quiero hacer un pedido urgente: implementación en web para academia. Soy Pablo.","hacer pedido","0","caliente"
"L00125","CHUCK_01","Quisiera hacer un pedido: que me llamen para explicarme. Soy Hugo de Monterrey. Quedo atento.","hacer pedido","0","frio"
"L00126","CHUCK_02","Quiero hacer un pedido para mi negocio en Guadalajara: atención y captación de leads. Saludos.","hacer pedido","0","tibio"
"L00127","CHUCK_02","Hago un pedido: necesito que atienda en web y derive a un asesor. Soy María de Bogotá. Saludos.","hacer pedido","0","tibio"
"L00128","CHUCK_05","Hago un pedido para arrancar para la próxima semana: necesito automatizar email ya.","hacer pedido","0","caliente"
"L00129","CHUCK_01","Hago un pedido: necesito que atienda en Instagram y derive a un asesor. Saludos.","hacer pedido","0","tibio"
"L00130","CHUCK_06","Hago un pedido: necesito que atienda en email y derive a un asesor. Gracias.","hacer pedido","0","tibio"
"L00131","CHUCK_09","Quiero hacer un pedido urgente: implementación en web para e-commerce. Soy Javier de Medellín. Saludos.","hacer pedido","0","caliente"
"L00132","CHUCK_06","Quiero hacer un pedido para restaurante: que el bot capture nombre, teléfono y motivo.","hacer pedido","0","tibio"
"L00133","CHUCK_02","Puedo hacer un pedido para que me contacten? Saludos.","hacer pedido","0","frio"
"L00134","CHUCK_10","Quisiera hacer un pedido: que me llamen para explicarme. Gracias!. Manejo un presupuesto de 198 al mes aprox.","hacer pedido","1","frio"
"L00135","CHUCK_09","Quiero hacer un pedido para e-commerce: que el bot capture nombre, teléfono y motivo. Soy Fernando. Quedo atento.","hacer pedido","0","tibio"
"L00136","CHUCK_08","Hago el pedido hoy: necesito dejar esto funcionando hoy. Soy Mónica de Guadalajara.","hacer pedido","0","caliente"
"L00137","CHUCK_05","Quiero hacer un pedido urgente: implementación en email para gimnasio. Gracias!","hacer pedido","0","caliente"
"L00138","CHUCK_01","Quiero hacer un pedido para gimnasio: que el bot capture nombre, teléfono y motivo. Soy Camila. Gracias!","hacer pedido","0","tibio"
"L00139","CHUCK_10","Quiero hacer un pedido urgente: implementación en email para academia. Gracias!","hacer pedido","0","caliente"
"L00140","CHUCK_07","Quiero hacer un pedido para estudio jurídico: que el bot capture nombre, teléfono y motivo. Soy Daniela. Gracias!","hacer pedido","0","tibio"
"L00141","CHUCK_06","Quiero hacer un pedido para turismo: que el bot capture nombre, teléfono y motivo. Quedo atento.","hacer pedido","0","tibio"
"L00142","CHUCK_03","Puedo hacer un pedido para que me contacten? Quedo atento. Idealmente me gustaria tenerlo listo lo antes posible.","hacer pedido","0","frio"
"L00143","CHUCK_10","Hago un pedido para arrancar lo antes posible: necesito automatizar Instagram ya. Soy Brenda de Monterrey. Gracias.","hacer pedido","0","caliente"
"L00144","CHUCK_03","Puedo hacer un pedido para que me contacten? Soy Verónica de Guadalajara. Quedo atento.","hacer pedido","0","frio"
"L00145","CHUCK_07","Quisiera hacer un pedido: que me llamen para explicarme. Gracias. Estoy en Bogotá y lo necesito para WhatsApp.","hacer pedido","0","frio"
"L00146","CHUCK_02","Hago el pedido hoy: necesito dejar esto funcionando hoy. Soy Martín. Saludos.","hacer pedido","0","caliente"
"L00147","CHUCK_08","Quiero hacer un pedido de información sobre un sistema para gestionar leads.","hacer pedido","0","frio"
"L00148","CHUCK_04","Hago un pedido para arrancar este mes: necesito automatizar Facebook ya. Soy Diego. Gracias.","hacer pedido","0","caliente"
"L00149","CHUCK_06","Hago un pedido: necesito que atienda en WhatsApp y derive a un asesor. Soy Diego. Gracias!","hacer pedido","0","tibio"
"L00150","CHUCK_01","Quiero hacer un pedido urgente: implementación en WhatsApp para academia. Soy Diego de Buenos Aires. Gracias!","hacer pedido","0","caliente"
"L00151","CHUCK_10","Quiero hacer un pedido de información sobre un bot para WhatsApp. Soy Diego de Guadalajara.","hacer pedido","0","frio"
"L00152","CHUCK_02","Quisiera hacer un pedido: que me llamen para explicarme. Soy Ricardo. Quedo atento.","hacer pedido","0","frio"
"L00153","CHUCK_09","Quiero hacer un pedido de información sobre una automatización de atención. Gracias!","hacer pedido","0","frio"
"L00154","CHUCK_07","Hago el pedido hoy: necesito dejar esto funcionando este mes. Gracias.","hacer pedido","0","caliente"
"L00155","CHUCK_04","Hago el pedido hoy: necesito dejar esto funcionando este mes. Soy Pablo de Medellín.","hacer pedido","0","caliente"
"L00156","CHUCK_10","Hago un pedido: necesito que atienda en Facebook y derive a un asesor. Soy Sergio. Gracias.","hacer pedido","0","tibio"
"L00157","CHUCK_08","Quiero hacer un pedido de información sobre un bot multicanal. Soy Carolina de Medellín. Gracias!","hacer pedido","0","frio"
"L00158","CHUCK_10","Hago el pedido hoy: necesito dejar esto funcionando antes del viernes. Gracias!","hacer pedido","0","caliente"
"L00159","CHUCK_06","Puedo hacer un pedido para que me contacten? Soy Andrea. Quedo atento.","hacer pedido","0","frio"
"L00160","CHUCK_03","Hago el pedido hoy: necesito dejar esto funcionando hoy. Gracias!","hacer pedido","0","caliente"
"L00161","CHUCK_08","Quiero hacer un pedido para mi negocio en Córdoba: atención y captación de leads. Soy Daniela. Gracias!","hacer pedido","0","tibio"
"L00162","CHUCK_10","Hago un pedido: necesito que atienda en email y derive a un asesor. Soy Emilio de Córdoba. Saludos.","hacer pedido","0","tibio"
"L00163","CHUCK_08","Puedo hacer un pedido para que me contacten? Soy Mónica. Saludos.","hacer pedido","0","frio"
"L00164","CHUCK_03","Quiero hacer un pedido para e-commerce: que el bot capture nombre, teléfono y motivo. Gracias.","hacer pedido","0","tibio"
"L00165","CHUCK_10","Hago el pedido hoy: necesito dejar esto funcionando este mes. Soy Gabriel de Guadalajara. Gracias!","hacer pedido","0","caliente"
"L00166","CHUCK_07","Quiero hacer un pedido de información sobre un asistente con IA.","hacer pedido","0","frio"
"L00167","CHUCK_05","Puedo hacer un pedido para que me contacten? Soy Carlos. Gracias!","hacer pedido","0","frio"
"L00168","CHUCK_09","Hago un pedido para arrancar este mes: necesito automatizar Instagram ya. Soy Hugo. Gracias.","hacer pedido","0","caliente"
"L00169","CHUCK_04","Quiero hacer un pedido para mi negocio en Santiago: atención y captación de leads.","hacer pedido","0","tibio"
"L00170","CHUCK_03","Quiero hacer un pedido urgente: implementación en Facebook para inmobiliaria. Soy Luis de Lima. Quedo atento.","hacer pedido","0","caliente"
"L00171","CHUCK_05","Quiero hacer un pedido para mi negocio en Buenos Aires: atención y captación de leads. Soy Andrés de Buenos Aires. Saludos.","hacer pedido","0","tibio"
"L00172","CHUCK_02","Puedo hacer un pedido para que me contacten? Soy Laura.","hacer pedido","0","frio"
"L00173","CHUCK_01","Quiero hacer un pedido urgente: implementación en web para academia. Gracias.","hacer pedido","0","caliente"
"L00174","CHUCK_04","Quiero hacer un pedido para gimnasio: que el bot capture nombre, teléfono y motivo. Soy Verónica. Saludos.","hacer pedido","0","tibio"
"L00175","CHUCK_06","Quiero hacer un pedido urgente: implementación en web para academia. Quedo atento.","hacer pedido","0","caliente"
"L00176","CHUCK_04","Quiero hacer un pedido urgente: implementación en Telegram para inmobiliaria. Saludos.","hacer pedido","0","caliente"
"L00177","CHUCK_04","Hago un pedido: necesito que atienda en web y derive a un asesor. Soy Javier de Monterrey.","hacer pedido","0","tibio"
"L00178","CHUCK_06","Hago el pedido hoy: necesito dejar esto funcionando para la próxima semana. Soy Ana de Santiago. Saludos.","hacer pedido","0","caliente"
"L00179","CHUCK_06","Quisiera hacer un pedido: que me llamen para explicarme. Soy Lucía de Santiago. Gracias!","hacer pedido","0","frio"
"L00180","CHUCK_05","Puedo hacer un pedido para que me contacten? Soy Gabriel de Guadalajara. Quedo atento.","hacer pedido","0","frio"
"L00181","CHUCK_05","Quiero hacer un pedido de información sobre un sistema para gestionar leads. Soy Brenda de Guadalajara. Quedo atento.","hacer pedido","0","frio"
"L00182","CHUCK_01","Quiero hacer un pedido para mi negocio en Bogotá: atención y captación de leads. Soy Pablo. Quedo atento.","hacer pedido","0","tibio"
"L00183","CHUCK_07","Hago un pedido para arrancar esta semana: necesito automatizar WhatsApp ya. Soy Verónica. Quedo atento.","hacer pedido","0","caliente"
"L00184","CHUCK_07","Hago un pedido: necesito que atienda en web y derive a un asesor. Soy Florencia de Córdoba.","hacer pedido","0","tibio"
"L00185","CHUCK_02","Quisiera hacer un pedido: que me llamen para explicarme. Saludos. Soy Ana de Quito.","hacer pedido","0","frio"
"L00186","CHUCK_02","Puedo hacer un pedido para que me contacten? Soy Verónica. Gracias!","hacer pedido","0","frio"
"L00187","CHUCK_03","Puedo hacer un pedido para que me contacten? Soy Fernando. Gracias!","hacer pedido","0","frio"
"L00188","CHUCK_01","Quiero hacer un pedido para turismo: que el bot capture nombre, teléfono y motivo. Soy Emilio. Gracias!","hacer pedido","0","tibio"
"L00189","CHUCK_03","Quiero hacer un pedido de información sobre un bot multicanal. Soy Paula. Gracias!","hacer pedido","0","frio"
"L00190","CHUCK_08","Quiero hacer un pedido de información sobre un bot multicanal. Soy Mónica. Gracias.","hacer pedido","0","frio"
"L00191","CHUCK_08","Hago un pedido: necesito que atienda en Telegram y derive a un asesor. Quedo atento.","hacer pedido","0","tibio"
"L00192","CHUCK_01","Hago un pedido: necesito que atienda en Telegram y derive a un asesor. Gracias.","hacer pedido","0","tibio"
"L00193","CHUCK_03","Puedo hacer un pedido para que me contacten? Soy Pablo de Guadalajara. Saludos.","hacer pedido","0","frio"
"L00194","CHUCK_08","Hago el pedido hoy: necesito dejar esto funcionando lo antes posible.","hacer pedido","0","caliente"
"L00195","CHUCK_01","Puedo hacer un pedido para que me contacten? Soy Paula de Córdoba. Gracias!","hacer pedido","0","frio"
"L00196","CHUCK_09","Quiero hacer un pedido urgente: implementación en web para restaurante. Soy Florencia de Quito. Gracias.","hacer pedido","0","caliente"
"L00197","CHUCK_03","Quisiera hacer un pedido: que me llamen para explicarme.","hacer pedido","0","frio"
"L00198","CHUCK_07","Quiero hacer un pedido urgente: implementación en Facebook para concesionaria. Soy Luis de Monterrey. Gracias!","hacer pedido","0","caliente"
"L00199","CHUCK_06","Quiero hacer un pedido urgente: implementación en Instagram para gimnasio. Soy Ricardo. Gracias.","hacer pedido","0","caliente"
"L00200","CHUCK_02","Quiero hacer un pedido para concesionaria: que el bot capture nombre, teléfono y motivo. Soy Tomás de Lima. Gracias.","hacer pedido","0","tibio"
"L00201","CHUCK_04","Quiero hacer un pedido para mi negocio en Lima: atención y captación de leads. Soy Alejandro de Lima. Saludos.","hacer pedido","0","tibio"
"L00202","CHUCK_10","Quisiera hacer un pedido: que me llamen para explicarme. Soy Brenda. Quedo atento.","hacer pedido","0","frio"
"L00203","CHUCK_02","Puedo hacer un pedido para que me contacten? Soy Patricia de Lima. Gracias.","hacer pedido","0","frio"
"L00204","CHUCK_02","Hago un pedido para arrancar esta semana: necesito automatizar email ya. Gracias.","hacer pedido","0","caliente"
"L00205","CHUCK_09","Hago un pedido para arrancar para la próxima semana: necesito automatizar email ya. Soy Brenda de Lima. Quedo atento.","hacer pedido","0","caliente"
"L00206","CHUCK_02","Quiero hacer un pedido para mi negocio en Buenos Aires: atención y captación de leads. Soy Sofía de Buenos Aires. Quedo atento.","hacer pedido","0","tibio"
"L00207","CHUCK_01","Quiero hacer un pedido de información sobre un sistema para gestionar leads. Soy Valentina de Buenos Aires. Gracias!","hacer pedido","0","frio"
"L00208","CHUCK_10","Hago un pedido: necesito que atienda en Instagram y derive a un asesor. Saludos. Manejo un presupuesto de 189 al mes aprox.","hacer pedido","1","tibio"
"L00209","CHUCK_03","Puedo hacer un pedido para que me contacten? Soy Camila de Lima. Gracias!","hacer pedido","0","frio"
"L00210","CHUCK_07","Quiero hacer un pedido para academia: que el bot capture nombre, teléfono y motivo. Soy Lucía de CDMX. Gracias.","hacer pedido","0","tibio"
"L00211","CHUCK_08","Hago un pedido para arrancar este mes: necesito automatizar Facebook ya. Soy Sergio. Gracias!","hacer pedido","0","caliente"
"L00212","CHUCK_04","Hago un pedido: necesito que atienda en Telegram y derive a un asesor. Gracias!","hacer pedido","0","tibio"
"L00213","CHUCK_05","Quiero hacer un pedido de información sobre un chatbot para ventas. Soy Mateo de Monterrey. Gracias!","hacer pedido","0","frio"
"L00214","CHUCK_07","Quiero hacer un pedido urgente: implementación en Telegram para gimnasio. Soy Emilio de Quito. Quedo atento.","hacer pedido","0","caliente"
"L00215","CHUCK_01","Hago un pedido: necesito que atienda en web y derive a un asesor. Soy Sergio de Bogotá. Gracias!","hacer pedido","0","tibio"
"L00216","CHUCK_02","Quiero hacer un pedido de información sobre una automatización de atención. Soy Fernando de Lima. Gracias!","hacer pedido","0","frio"
"L00217","CHUCK_08","Quiero hacer un pedido para mi negocio en Quito: atención y captación de leads. Soy Gabriel. Saludos.","hacer pedido","0","tibio"
"L00218","CHUCK_05","Hago un pedido: necesito que atienda en WhatsApp y derive a un asesor. Soy Daniela de Lima. Quedo atento.","hacer pedido","0","tibio"
"L00219","CHUCK_09","Hago un pedido: necesito que atienda en Facebook y derive a un asesor. Soy Paula de Buenos Aires. Gracias!","hacer pedido","0","tibio"
"L00220","CHUCK_05","Hago un pedido para arrancar este mes: necesito automatizar Facebook ya. Saludos.","hacer pedido","0","caliente"
"L00221","CHUCK_02","Quiero hacer un pedido para estudio jurídico: que el bot capture nombre, teléfono y motivo. Gracias!","hacer pedido","0","tibio"
"L00222","CHUCK_06","Quiero hacer un pedido de información sobre un bot para WhatsApp. Saludos.","hacer pedido","0","frio"
"L00223","CHUCK_04","Hago el pedido hoy: necesito dejar esto funcionando para la próxima semana. Soy Natalia de Buenos Aires. Gracias.","hacer pedido","0","caliente"
"L00224","CHUCK_10","Puedo hacer un pedido para que me contacten? Gracias.","hacer pedido","0","frio"
"L00225","CHUCK_03","Hago el pedido hoy: necesito dejar esto funcionando esta semana. Soy Martín de Monterrey. Saludos.","hacer pedido","0","caliente"
"L00226","CHUCK_02","Quiero hacer un pedido para mi negocio en Quito: atención y captación de leads. Saludos. Estoy en Quito y lo necesito para email.","hacer pedido","0","tibio"
"L00227","CHUCK_03","Quiero hacer un pedido urgente: implementación en email para turismo. Gracias.","hacer pedido","0","caliente"
"L00228","CHUCK_06","Puedo hacer un pedido para que me contacten? Soy Daniela. Gracias.","hacer pedido","0","frio"
"L00229","CHUCK_02","Quiero hacer un pedido urgente: implementación en web para turismo. Soy Gabriel. Gracias.","hacer pedido","0","caliente"
"L00230","CHUCK_03","Hago un pedido: necesito que atienda en Telegram y derive a un asesor. Quedo atento. Estoy en Córdoba y lo necesito para Telegram.","hacer pedido","0","tibio"
"L00231","CHUCK_07","Hago un pedido: necesito que atienda en Telegram y derive a un asesor. Soy Natalia de Guadalajara. Gracias.","hacer pedido","0","tibio"
"L00232","CHUCK_07","Puedo hacer un pedido para que me contacten? Soy Andrea de Monterrey. Quedo atento.","hacer pedido","0","frio"
"L00233","CHUCK_02","Quiero hacer un pedido de información sobre un sistema para gestionar leads. Soy Camila de Quito. Gracias.","hacer pedido","0","frio"
"L00234","CHUCK_01","Quiero hacer un pedido de información sobre un bot multicanal. Soy Ricardo. Gracias!","hacer pedido","0","frio"
"L00235","CHUCK_04","Hago un pedido: necesito que atienda en Instagram y derive a un asesor.","hacer pedido","0","tibio"
"L00236","CHUCK_04","Quiero hacer un pedido para e-commerce: que el bot capture nombre, teléfono y motivo. Soy Carlos de Santiago. Quedo atento.","hacer pedido","0","tibio"
"L00237","CHUCK_09","Quiero hacer un pedido urgente: implementación en WhatsApp para turismo. Soy Javier. Gracias.","hacer pedido","0","caliente"
"L00238","CHUCK_05","Quiero hacer un pedido para mi negocio en CDMX: atención y captación de leads. Soy Pablo de CDMX. Gracias.","hacer pedido","0","tibio"
"L00239","CHUCK_05","Hago el pedido hoy: necesito dejar esto funcionando para la próxima semana. Soy Mónica de Quito.","hacer pedido","0","caliente"
"L00240","CHUCK_08","Quiero hacer un pedido de información sobre un asistente con IA. Gracias!","hacer pedido","0","frio"
"L00241","CHUCK_01","Puedo hacer un pedido para que me contacten? Soy Andrés.","hacer pedido","0","frio"
"L00242","CHUCK_05","Puedo hacer un pedido para que me contacten? Soy Daniela. Quedo atento.","hacer pedido","0","frio"
"L00243","CHUCK_10","Hago el pedido hoy: necesito dejar esto funcionando esta semana. Soy Brenda de Lima.","hacer pedido","0","caliente"
"L00244","CHUCK_03","Quiero hacer un pedido urgente: implementación en Telegram para turismo. Gracias!","hacer pedido","0","caliente"
"L00245","CHUCK_03","Quisiera hacer un pedido: que me llamen para explicarme. Soy María.","hacer pedido","0","frio"
"L00246","CHUCK_09","Quiero hacer un pedido de información sobre un chatbot para ventas. Soy Florencia de Córdoba.","hacer pedido","0","frio"
"L00247","CHUCK_04","Puedo hacer un pedido para que me contacten? Soy Mateo de Monterrey. Saludos.","hacer pedido","0","frio"
"L00248","CHUCK_05","Hago un pedido para arrancar hoy: necesito automatizar email ya. Gracias!","hacer pedido","0","caliente"
"L00249","CHUCK_03","Hago un pedido para arrancar lo antes posible: necesito automatizar Telegram ya. Soy Valentina de Bogotá. Gracias.","hacer pedido","0","caliente"
"L00250","CHUCK_05","Puedo hacer un pedido para que me contacten? Soy Diego.","hacer pedido","0","frio"
"L00251","CHUCK_07","Quiero hacer un pedido para mi negocio en Bogotá: atención y captación de leads. Quedo atento.","hacer pedido","0","tibio"
"L00252","CHUCK_03","Hago un pedido para arrancar esta semana: necesito automatizar WhatsApp ya. Soy Camila de Córdoba. Saludos.","hacer pedido","0","caliente"
"L00253","CHUCK_09","Quiero hacer un pedido urgente: implementación en WhatsApp para concesionaria. Quedo atento.","hacer pedido","0","caliente"
"L00254","CHUCK_08","Quiero hacer un pedido para mi negocio en CDMX: atención y captación de leads. Quedo atento.","hacer pedido","0","tibio"
"L00255","CHUCK_04","Quisiera hacer un pedido: que me llamen para explicarme. Soy Emilio de Guadalajara. Saludos.","hacer pedido","0","frio"
"L00256","CHUCK_07","Hago el pedido hoy: necesito dejar esto funcionando antes del viernes. Soy Brenda. Quedo atento.","hacer pedido","0","caliente"
"L00257","CHUCK_05","Puedo hacer un pedido para que me contacten? Gracias!. Lo quiero para web y mi rubro es estudio jurídico.","hacer pedido","0","frio"
"L00258","CHUCK_05","Quiero hacer un pedido urgente: implementación en Instagram para gimnasio. Gracias!","hacer pedido","0","caliente"
"L00259","CHUCK_07","Quiero hacer un pedido para mi negocio en Guadalajara: atención y captación de leads. Soy Raúl. Gracias.","hacer pedido","0","tibio"
"L00260","CHUCK_05","Quiero hacer un pedido para restaurante: que el bot capture nombre, teléfono y motivo. Soy Andrés de Monterrey. Gracias.","hacer pedido","0","tibio"
"L00261","CHUCK_03","Quiero hacer un pedido de información sobre un sistema para gestionar leads. Soy Mateo de Bogotá. Quedo atento.","hacer pedido","0","frio"
"L00262","CHUCK_07","Hago el pedido hoy: necesito dejar esto funcionando lo antes posible. Gracias.","hacer pedido","0","caliente"
"L00263","CHUCK_09","Hago un pedido: necesito que atienda en Facebook y derive a un asesor. Soy Carlos de Córdoba. Gracias.","hacer pedido","0","tibio"
"L00264","CHUCK_03","Quiero hacer un pedido para mi negocio en Santiago: atención y captación de leads. Saludos.","hacer pedido","0","tibio"
"L00265","CHUCK_04","Hago un pedido: necesito que atienda en email y derive a un asesor. Soy Raúl de Medellín. Saludos.","hacer pedido","0","tibio"
"L00266","CHUCK_06","Quisiera hacer un pedido: que me llamen para explicarme. Soy Claudia. Saludos.","hacer pedido","0","frio"
"L00267","CHUCK_10","Quiero hacer un pedido para clínica: que el bot capture nombre, teléfono y motivo. Soy Mateo. Gracias.","hacer pedido","0","tibio"
"L00268","CHUCK_10","Quiero hacer un pedido de información sobre un asistente con IA. Soy Mateo de CDMX. Saludos.","hacer pedido","0","frio"
"L00269","CHUCK_08","Quiero hacer un pedido para inmobiliaria: que el bot capture nombre, teléfono y motivo. Soy Emilio. Gracias!","hacer pedido","0","tibio"
"L00270","CHUCK_08","Hago un pedido: necesito que atienda en WhatsApp y derive a un asesor. Soy Raúl de Buenos Aires. Quedo atento.","hacer pedido","0","tibio"
"L00271","CHUCK_03","Hago un pedido: necesito que atienda en WhatsApp y derive a un asesor. Quedo atento. Idealmente me gustaria tenerlo listo este mes.","hacer pedido","0","tibio"
"L00272","CHUCK_10","Hago un pedido: necesito que atienda en Instagram y derive a un asesor. Saludos. Es para una restaurante y tenemos aprox 61 leads al mes.","hacer pedido","0","tibio"
"L00273","CHUCK_03","Quiero hacer un pedido para mi negocio en Quito: atención y captación de leads. Gracias!","hacer pedido","0","tibio"
"L00274","CHUCK_05","Puedo hacer un pedido para que me contacten? Soy Camila. Saludos.","hacer pedido","0","frio"
"L00275","CHUCK_10","Hago un pedido: necesito que atienda en Instagram y derive a un asesor. Soy Patricia de Córdoba. Gracias!","hacer pedido","0","tibio"
"L00276","CHUCK_10","Hago un pedido: necesito que atienda en Instagram y derive a un asesor. Soy Natalia. Gracias!","hacer pedido","0","tibio"
"L00277","CHUCK_04","Hago el pedido hoy: necesito dejar esto funcionando esta semana. Soy Carolina. Gracias.","hacer pedido","0","caliente"
"L00278","CHUCK_04","Quisiera hacer un pedido: que me llamen para explicarme. Soy Emilio de Medellín.","hacer pedido","0","frio"
"L00279","CHUCK_06","Quiero hacer un pedido urgente: implementación en Facebook para e-commerce. Soy Natalia de Monterrey. Gracias.","hacer pedido","0","caliente"
"L00280","CHUCK_10","Quiero hacer un pedido para mi negocio en Medellín: atención y captación de leads. Soy Hugo de Medellín. Gracias!","hacer pedido","0","tibio"
"L00281","CHUCK_03","Puedo hacer un pedido para que me contacten? Soy Fernando. Gracias.","hacer pedido","0","frio"
"L00282","CHUCK_04","Quiero hacer un pedido urgente: implementación en WhatsApp para clínica. Quedo atento.","hacer pedido","0","caliente"
"L00283","CHUCK_02","Quiero hacer un pedido para mi negocio en Córdoba: atención y captación de leads. Soy Diego.","hacer pedido","0","tibio"
"L00284","CHUCK_02","Quiero hacer un pedido para concesionaria: que el bot capture nombre, teléfono y motivo. Soy Florencia. Quedo atento.","hacer pedido","0","tibio"
"L00285","CHUCK_03","Quiero hacer un pedido para mi negocio en Medellín: atención y captación de leads. Soy Natalia de Medellín. Quedo atento.","hacer pedido","0","tibio"
"L00286","CHUCK_05","Quiero hacer un pedido para mi negocio en Córdoba: atención y captación de leads. Soy Tomás de Córdoba. Gracias.","hacer pedido","0","tibio"
"L00287","CHUCK_09","Quiero hacer un pedido de información sobre un bot multicanal. Soy Ricardo de Buenos Aires.","hacer pedido","0","frio"
"L00288","CHUCK_04","Quiero hacer un pedido para e-commerce: que el bot capture nombre, teléfono y motivo.","hacer pedido","0","tibio"
"L00289","CHUCK_07","Hago el pedido hoy: necesito dejar esto funcionando hoy. Saludos.","hacer pedido","0","caliente"
"L00290","CHUCK_01","Quisiera hacer un pedido: que me llamen para explicarme. Gracias!. Manejo un presupuesto de 103 al mes aprox.","hacer pedido","1","frio"
"L00291","CHUCK_06","Hago el pedido hoy: necesito dejar esto funcionando lo antes posible. Soy Iván. Gracias!","hacer pedido","0","caliente"
"L00292","CHUCK_05","Quiero hacer un pedido de información sobre un bot para WhatsApp. Soy Andrés de Quito.","hacer pedido","0","frio"
"L00293","CHUCK_10","Quisiera hacer un pedido: que me llamen para explicarme. Soy Raúl de Lima. Gracias.","hacer pedido","0","frio"
"L00294","CHUCK_07","Quisiera hacer un pedido: que me llamen para explicarme. Quedo atento.","hacer pedido","0","frio"
"L00295","CHUCK_04","Hago un pedido: necesito que atienda en email y derive a un asesor. Soy Pablo. Gracias!","hacer pedido","0","tibio"
"L00296","CHUCK_02","Hago un pedido: necesito que atienda en Telegram y derive a un asesor. Gracias!. Soy Hugo de CDMX.","hacer pedido","0","tibio"
"L00297","CHUCK_04","Hago el pedido hoy: necesito dejar esto funcionando lo antes posible. Soy Sergio de Lima. Quedo atento.","hacer pedido","0","caliente"
"L00298","CHUCK_06","Hago el pedido hoy: necesito dejar esto funcionando antes del viernes. Soy Renata de Bogotá.","hacer pedido","0","caliente"
"L00299","CHUCK_02","Quiero hacer un pedido para mi negocio en Medellín: atención y captación de leads. Soy Valentina de Medellín. Gracias.","hacer pedido","0","tibio"
"L00300","CHUCK_02","Quiero hacer un pedido de información sobre un bot multicanal. Gracias.","hacer pedido","0","frio"
"L00301","CHUCK_03","Estoy comparando soluciones para turismo. Qué ventajas tiene lo suyo? Soy Camila. Gracias!","comparación","0","tibio"
"L00302","CHUCK_02","Tienen distintos planes o versiones? En qué se diferencian? Soy Luis. Saludos.","comparación","0","frio"
"L00303","CHUCK_06","Estoy comparando soluciones para agencia. Qué ventajas tiene lo suyo? Soy Pablo de Monterrey. Gracias!","comparación","0","tibio"
"L00304","CHUCK_06","Quiero elegir ya. Qué opción rinde mejor para captar leads en email? Quedo atento.","comparación","0","caliente"
"L00305","CHUCK_02","Necesito decidir hoy: cuál opción recomiendan para 418 leads/mes? Soy Sofía de Quito.","comparación","0","caliente"
"L00306","CHUCK_03","Quiero elegir ya. Qué opción rinde mejor para captar leads en Telegram? Saludos.","comparación","0","caliente"
"L00307","CHUCK_02","Estoy comparando soluciones para e-commerce. Qué ventajas tiene lo suyo? Soy Hugo. Quedo atento.","comparación","0","tibio"
"L00308","CHUCK_07","Entre Facebook y web, cuál conviene para empezar? Soy Sergio. Gracias.","comparación","0","tibio"
"L00309","CHUCK_07","Entre WhatsApp y web, cuál conviene para empezar? Soy Martín de Bogotá.","comparación","0","tibio"
"L00310","CHUCK_03","Necesito decidir hoy: cuál opción recomiendan para 158 leads/mes? Soy Paula. Saludos.","comparación","0","caliente"
"L00311","CHUCK_03","Qué cambia entre una implementación simple y una más completa? Soy Paula. Saludos.","comparación","0","frio"
"L00312","CHUCK_06","Entre Telegram y web, cuál conviene para empezar? Soy Gabriel de Santiago.","comparación","0","tibio"
"L00313","CHUCK_01","Quiero elegir ya. Qué opción rinde mejor para captar leads en Facebook? Gracias!","comparación","0","caliente"
"L00314","CHUCK_05","Estoy comparando soluciones para academia. Qué ventajas tiene lo suyo? Gracias.","comparación","0","tibio"
"L00315","CHUCK_07","Estoy comparando soluciones para turismo. Qué ventajas tiene lo suyo? Gracias.","comparación","0","tibio"
"L00316","CHUCK_01","Qué diferencias hay entre bot básico vs. avanzado para Telegram? Soy Andrea de Monterrey. Saludos.","comparación","0","tibio"
"L00317","CHUCK_01","Estoy entre dos alternativas. Qué me conviene para turismo en Guadalajara? Gracias!","comparación","0","caliente"
"L00318","CHUCK_05","Estoy comparando soluciones para estudio jurídico. Qué ventajas tiene lo suyo? Gracias!","comparación","0","tibio"
"L00319","CHUCK_06","Entre Facebook y web, cuál conviene para empezar? Soy Brenda de Buenos Aires. Saludos.","comparación","0","tibio"
"L00320","CHUCK_08","Tienen distintos planes o versiones? En qué se diferencian? Soy Sergio de Quito. Saludos.","comparación","0","frio"
"L00321","CHUCK_04","Necesito decidir hoy: cuál opción recomiendan para 258 leads/mes? Soy Camila de Guadalajara.","comparación","0","caliente"
"L00322","CHUCK_03","Quiero elegir ya. Qué opción rinde mejor para captar leads en email? Gracias!","comparación","0","caliente"
"L00323","CHUCK_06","Qué diferencias hay entre bot básico vs. avanzado para Telegram? Quedo atento.","comparación","0","tibio"
"L00324","CHUCK_03","Estoy comparando soluciones para academia. Qué ventajas tiene lo suyo? Soy Carolina de Buenos Aires. Gracias!","comparación","0","tibio"
"L00325","CHUCK_08","Estoy entre dos alternativas. Qué me conviene para inmobiliaria en Córdoba? Soy Claudia de Córdoba. Quedo atento.","comparación","0","caliente"
"L00326","CHUCK_09","Cuál es la diferencia entre sus opciones? Soy Tomás. Gracias!","comparación","0","frio"
"L00327","CHUCK_03","Cuál es la diferencia entre sus opciones? Gracias.","comparación","0","frio"
"L00328","CHUCK_07","Entre email y web, cuál conviene para empezar? Soy Laura de Quito. Quedo atento.","comparación","0","tibio"
"L00329","CHUCK_08","Necesito decidir hoy: cuál opción recomiendan para 293 leads/mes? Soy Paula. Quedo atento.","comparación","0","caliente"
"L00330","CHUCK_04","Qué diferencias hay entre bot básico vs. avanzado para Facebook? Soy Carlos de Quito. Gracias!","comparación","0","tibio"
"L00331","CHUCK_05","Qué diferencias hay entre bot básico vs. avanzado para Facebook? Soy Mateo. Saludos.","comparación","0","tibio"
"L00332","CHUCK_05","Qué diferencias hay entre bot básico vs. avanzado para Instagram? Saludos.","comparación","0","tibio"
"L00333","CHUCK_04","Estoy comparando soluciones para gimnasio. Qué ventajas tiene lo suyo? Soy Brenda de CDMX. Saludos.","comparación","0","tibio"
"L00334","CHUCK_09","Quiero elegir ya. Qué opción rinde mejor para captar leads en Telegram? Gracias!","comparación","0","caliente"
"L00335","CHUCK_02","Estoy comparando soluciones para turismo. Qué ventajas tiene lo suyo? Soy Mateo.","comparación","0","tibio"
"L00336","CHUCK_05","Qué cambia entre una implementación simple y una más completa? Soy Andrés. Saludos.","comparación","0","frio"
"L00337","CHUCK_06","Qué diferencias hay entre bot básico vs. avanzado para WhatsApp? Saludos.","comparación","0","tibio"
"L00338","CHUCK_08","Quiero elegir ya. Qué opción rinde mejor para captar leads en Instagram? Soy Sofía de Bogotá.","comparación","0","caliente"
"L00339","CHUCK_03","Cuál es la diferencia entre sus opciones? Soy Javier. Gracias!","comparación","0","frio"
"L00340","CHUCK_04","Cuál es la diferencia entre sus opciones? Soy Renata de Quito. Gracias!","comparación","0","frio"
"L00341","CHUCK_09","Qué diferencias hay entre bot básico vs. avanzado para web? Soy Sebastián. Gracias!","comparación","0","tibio"
"L00342","CHUCK_08","Qué diferencias hay entre bot básico vs. avanzado para Telegram? Soy Ricardo de Buenos Aires. Quedo atento.","comparación","0","tibio"
"L00343","CHUCK_05","Necesito decidir hoy: cuál opción recomiendan para 117 leads/mes? Soy Luis. Gracias.","comparación","0","caliente"
"L00344","CHUCK_08","Necesito decidir hoy: cuál opción recomiendan para 36 leads/mes? Soy Tomás de Santiago. Gracias.","comparación","0","caliente"
"L00345","CHUCK_09","Estoy comparando soluciones para clínica. Qué ventajas tiene lo suyo? Soy Sergio de CDMX. Quedo atento.","comparación","0","tibio"
"L00346","CHUCK_10","Estoy comparando soluciones para academia. Qué ventajas tiene lo suyo? Soy Ana. Saludos.","comparación","0","tibio"
"L00347","CHUCK_10","Qué cambia entre una implementación simple y una más completa? Soy Fernando de Santiago. Quedo atento.","comparación","0","frio"
"L00348","CHUCK_04","Estoy entre dos alternativas. Qué me conviene para concesionaria en Bogotá? Soy Tomás. Gracias!","comparación","0","caliente"
"L00349","CHUCK_09","Quiero elegir ya. Qué opción rinde mejor para captar leads en Facebook? Soy Brenda. Gracias!","comparación","0","caliente"
"L00350","CHUCK_10","Qué cambia entre una implementación simple y una más completa? Soy Natalia de Medellín. Gracias!","comparación","0","frio"
"L00351","CHUCK_04","Qué cambia entre una implementación simple y una más completa? Gracias!","comparación","0","frio"
"L00352","CHUCK_04","Qué cambia entre una implementación simple y una más completa? Soy Tomás de Bogotá. Saludos.","comparación","0","frio"
"L00353","CHUCK_05","Qué cambia entre una implementación simple y una más completa? Soy Andrea de Monterrey. Quedo atento.","comparación","0","frio"
"L00354","CHUCK_02","Necesito decidir hoy: cuál opción recomiendan para 376 leads/mes? Soy Hugo de Bogotá. Gracias.","comparación","0","caliente"
"L00355","CHUCK_09","Cuál es la diferencia entre sus opciones? Soy Emilio. Gracias.","comparación","0","frio"
"L00356","CHUCK_01","Entre web y web, cuál conviene para empezar? Soy Patricia.","comparación","0","tibio"
"L00357","CHUCK_05","Estoy comparando soluciones para gimnasio. Qué ventajas tiene lo suyo? Gracias!","comparación","0","tibio"
"L00358","CHUCK_03","Tienen distintos planes o versiones? En qué se diferencian? Soy Sergio de Quito. Gracias.","comparación","0","frio"
"L00359","CHUCK_05","Qué diferencias hay entre bot básico vs. avanzado para Facebook? Saludos.","comparación","0","tibio"
"L00360","CHUCK_08","Estoy entre dos alternativas. Qué me conviene para e-commerce en Monterrey? Gracias.","comparación","0","caliente"
"L00361","CHUCK_03","Tienen distintos planes o versiones? En qué se diferencian? Soy Emilio. Saludos.","comparación","0","frio"
"L00362","CHUCK_07","Entre Facebook y web, cuál conviene para empezar? Saludos.","comparación","0","tibio"
"L00363","CHUCK_03","Quiero elegir ya. Qué opción rinde mejor para captar leads en WhatsApp? Soy Nicolás. Quedo atento.","comparación","0","caliente"
"L00364","CHUCK_06","Entre Telegram y web, cuál conviene para empezar? Soy Florencia de CDMX. Gracias!","comparación","0","tibio"
"L00365","CHUCK_01","Qué diferencias hay entre bot básico vs. avanzado para web?","comparación","0","tibio"
"L00366","CHUCK_02","Tienen distintos planes o versiones? En qué se diferencian? Soy Sergio. Quedo atento.","comparación","0","frio"
"L00367","CHUCK_10","Tienen distintos planes o versiones? En qué se diferencian? Soy Daniela de Buenos Aires.","comparación","0","frio"
"L00368","CHUCK_02","Qué cambia entre una implementación simple y una más completa? Soy Carolina de Monterrey. Saludos.","comparación","0","frio"
"L00369","CHUCK_08","Qué diferencias hay entre bot básico vs. avanzado para Telegram? Soy Nicolás. Quedo atento.","comparación","0","tibio"
"L00370","CHUCK_05","Cuál es la diferencia entre sus opciones? Soy Renata. Quedo atento.","comparación","0","frio"
"L00371","CHUCK_04","Qué cambia entre una implementación simple y una más completa? Soy Luis. Quedo atento.","comparación","0","frio"
"L00372","CHUCK_08","Necesito decidir hoy: cuál opción recomiendan para 192 leads/mes? Soy Andrea de Santiago. Gracias!","comparación","0","caliente"
"L00373","CHUCK_04","Estoy comparando soluciones para estudio jurídico. Qué ventajas tiene lo suyo? Soy Emilio de Buenos Aires. Gracias.","comparación","0","tibio"
"L00374","CHUCK_07","Estoy entre dos alternativas. Qué me conviene para restaurante en Guadalajara? Gracias.","comparación","0","caliente"
"L00375","CHUCK_09","Qué cambia entre una implementación simple y una más completa? Soy Florencia. Gracias.","comparación","0","frio"
"L00376","CHUCK_07","Qué cambia entre una implementación simple y una más completa? Gracias!. Manejo un presupuesto de 700 al mes aprox.","comparación","1","frio"
"L00377","CHUCK_05","Qué cambia entre una implementación simple y una más completa? Soy Javier de Lima. Quedo atento.","comparación","0","frio"
"L00378","CHUCK_09","Quiero elegir ya. Qué opción rinde mejor para captar leads en Telegram? Soy Patricia de Guadalajara.","comparación","0","caliente"
"L00379","CHUCK_07","Necesito decidir hoy: cuál opción recomiendan para 469 leads/mes? Gracias!","comparación","0","caliente"
"L00380","CHUCK_09","Necesito decidir hoy: cuál opción recomiendan para 299 leads/mes? Soy Carolina de CDMX. Gracias!","comparación","0","caliente"
"L00381","CHUCK_04","Qué cambia entre una implementación simple y una más completa? Gracias!. Es para una gimnasio y tenemos aprox 211 leads al mes.","comparación","0","frio"
"L00382","CHUCK_01","Necesito decidir hoy: cuál opción recomiendan para 66 leads/mes? Soy Paula. Gracias.","comparación","0","caliente"
"L00383","CHUCK_05","Qué diferencias hay entre bot básico vs. avanzado para Instagram? Soy Julia de Quito. Quedo atento.","comparación","0","tibio"
"L00384","CHUCK_06","Estoy entre dos alternativas. Qué me conviene para academia en Bogotá? Gracias.","comparación","0","caliente"
"L00385","CHUCK_05","Cuál es la diferencia entre sus opciones? Soy Martín de Santiago. Gracias!","comparación","0","frio"
"L00386","CHUCK_07","Entre web y web, cuál conviene para empezar? Soy Mateo de Bogotá. Gracias.","comparación","0","tibio"
"L00387","CHUCK_04","Estoy entre dos alternativas. Qué me conviene para e-commerce en CDMX? Soy Javier. Gracias.","comparación","0","caliente"
"L00388","CHUCK_05","Necesito decidir hoy: cuál opción recomiendan para 109 leads/mes? Soy Renata. Saludos.","comparación","0","caliente"
"L00389","CHUCK_04","Necesito decidir hoy: cuál opción recomiendan para 342 leads/mes? Soy María.","comparación","0","caliente"
"L00390","CHUCK_07","Entre email y web, cuál conviene para empezar? Gracias!","comparación","0","tibio"
"L00391","CHUCK_07","Cuál es la diferencia entre sus opciones? Soy Verónica de Lima. Saludos.","comparación","0","frio"
"L00392","CHUCK_08","Estoy entre dos alternativas. Qué me conviene para e-commerce en Bogotá? Soy Natalia de Bogotá. Gracias.","comparación","0","caliente"
"L00393","CHUCK_04","Estoy entre dos alternativas. Qué me conviene para e-commerce en Medellín? Saludos.","comparación","0","caliente"
"L00394","CHUCK_02","Qué cambia entre una implementación simple y una más completa? Soy Raúl. Saludos.","comparación","0","frio"
"L00395","CHUCK_07","Cuál es la diferencia entre sus opciones? Gracias!","comparación","0","frio"
"L00396","CHUCK_04","Quiero elegir ya. Qué opción rinde mejor para captar leads en Facebook? Soy Hugo.","comparación","0","caliente"
"L00397","CHUCK_04","Entre email y web, cuál conviene para empezar? Soy Laura.","comparación","0","tibio"
"L00398","CHUCK_07","Qué diferencias hay entre bot básico vs. avanzado para web? Soy Mateo. Gracias!","comparación","0","tibio"
"L00399","CHUCK_03","Qué diferencias hay entre bot básico vs. avanzado para Facebook? Soy Tomás. Gracias!","comparación","0","tibio"
"L00400","CHUCK_10","Qué diferencias hay entre bot básico vs. avanzado para email? Gracias.","comparación","0","tibio"
"L00401","CHUCK_03","Entre Instagram y web, cuál conviene para empezar? Quedo atento.","comparación","0","tibio"
"L00402","CHUCK_03","Quiero elegir ya. Qué opción rinde mejor para captar leads en email? Soy Hugo de CDMX. Gracias.","comparación","0","caliente"
"L00403","CHUCK_08","Necesito decidir hoy: cuál opción recomiendan para 422 leads/mes? Soy Claudia de CDMX. Gracias.","comparación","0","caliente"
"L00404","CHUCK_04","Tienen distintos planes o versiones? En qué se diferencian? Soy Luis. Gracias.","comparación","0","frio"
"L00405","CHUCK_09","Qué diferencias hay entre bot básico vs. avanzado para Instagram? Soy Carlos. Gracias!","comparación","0","tibio"
"L00406","CHUCK_03","Necesito decidir hoy: cuál opción recomiendan para 367 leads/mes? Soy María. Saludos.","comparación","0","caliente"
"L00407","CHUCK_10","Estoy comparando soluciones para e-commerce. Qué ventajas tiene lo suyo? Gracias.","comparación","0","tibio"
"L00408","CHUCK_05","Qué diferencias hay entre bot básico vs. avanzado para web? Soy Andrés. Quedo atento.","comparación","0","tibio"
"L00409","CHUCK_09","Entre Facebook y web, cuál conviene para empezar? Soy Pablo de Bogotá. Saludos.","comparación","0","tibio"
"L00410","CHUCK_10","Cuál es la diferencia entre sus opciones? Gracias. Soy Martín de Guadalajara.","comparación","0","frio"
"L00411","CHUCK_08","Entre Telegram y web, cuál conviene para empezar? Quedo atento.","comparación","0","tibio"
"L00412","CHUCK_05","Tienen distintos planes o versiones? En qué se diferencian? Gracias.","comparación","0","frio"
"L00413","CHUCK_01","Estoy entre dos alternativas. Qué me conviene para estudio jurídico en Medellín? Gracias!","comparación","0","caliente"
"L00414","CHUCK_09","Estoy comparando soluciones para turismo. Qué ventajas tiene lo suyo? Saludos.","comparación","0","tibio"
"L00415","CHUCK_10","Quiero elegir ya. Qué opción rinde mejor para captar leads en email? Gracias.","comparación","0","caliente"
"L00416","CHUCK_06","Entre Instagram y web, cuál conviene para empezar? Soy Laura. Quedo atento.","comparación","0","tibio"
"L00417","CHUCK_10","Necesito decidir hoy: cuál opción recomiendan para 250 leads/mes? Soy Sofía de Guadalajara. Quedo atento.","comparación","0","caliente"
"L00418","CHUCK_06","Tienen distintos planes o versiones? En qué se diferencian? Gracias. Soy Pablo de Medellín.","comparación","0","frio"
"L00419","CHUCK_06","Tienen distintos planes o versiones? En qué se diferencian? Soy Valentina. Gracias.","comparación","0","frio"
"L00420","CHUCK_04","Qué diferencias hay entre bot básico vs. avanzado para Instagram? Quedo atento.","comparación","0","tibio"
"L00421","CHUCK_02","Qué cambia entre una implementación simple y una más completa? Soy Patricia de Quito. Gracias!","comparación","0","frio"
"L00422","CHUCK_01","Qué cambia entre una implementación simple y una más completa? Soy Julia de Guadalajara.","comparación","0","frio"
"L00423","CHUCK_09","Estoy entre dos alternativas. Qué me conviene para estudio jurídico en Monterrey? Gracias!","comparación","0","caliente"
"L00424","CHUCK_07","Estoy comparando soluciones para restaurante. Qué ventajas tiene lo suyo? Soy Brenda de Monterrey. Saludos.","comparación","0","tibio"
"L00425","CHUCK_04","Necesito decidir hoy: cuál opción recomiendan para 199 leads/mes? Soy Nicolás de Monterrey. Gracias.","comparación","0","caliente"
"L00426","CHUCK_06","Entre web y web, cuál conviene para empezar? Soy Gabriel. Gracias!","comparación","0","tibio"
"L00427","CHUCK_04","Quiero elegir ya. Qué opción rinde mejor para captar leads en WhatsApp? Saludos.","comparación","0","caliente"
"L00428","CHUCK_09","Estoy comparando soluciones para restaurante. Qué ventajas tiene lo suyo? Soy Camila de Buenos Aires. Quedo atento.","comparación","0","tibio"
"L00429","CHUCK_04","Cuál es la diferencia entre sus opciones? Soy Julia. Saludos.","comparación","0","frio"
"L00430","CHUCK_10","Entre WhatsApp y web, cuál conviene para empezar? Soy Brenda de Córdoba. Quedo atento.","comparación","0","tibio"
"L00431","CHUCK_06","Estoy comparando soluciones para restaurante. Qué ventajas tiene lo suyo? Soy Laura de Bogotá. Gracias.","comparación","0","tibio"
"L00432","CHUCK_10","Quiero elegir ya. Qué opción rinde mejor para captar leads en Telegram? Soy Andrea. Gracias!","comparación","0","caliente"
"L00433","CHUCK_05","Necesito decidir hoy: cuál opción recomiendan para 104 leads/mes? Quedo atento.","comparación","0","caliente"
"L00434","CHUCK_04","Necesito decidir hoy: cuál opción recomiendan para 79 leads/mes? Saludos.","comparación","0","caliente"
"L00435","CHUCK_08","Estoy entre dos alternativas. Qué me conviene para e-commerce en Córdoba? Soy Valentina de Córdoba. Saludos.","comparación","0","caliente"
"L00436","CHUCK_09","Tienen distintos planes o versiones? En qué se diferencian? Gracias. Idealmente me gustaria tenerlo listo esta semana.","comparación","0","frio"
"L00437","CHUCK_04","Qué cambia entre una implementación simple y una más completa? Soy Luis. Saludos.","comparación","0","frio"
"L00438","CHUCK_01","Entre email y web, cuál conviene para empezar? Soy María. Gracias.","comparación","0","tibio"
"L00439","CHUCK_01","Estoy comparando soluciones para agencia. Qué ventajas tiene lo suyo? Quedo atento.","comparación","0","tibio"
"L00440","CHUCK_08","Qué cambia entre una implementación simple y una más completa? Soy María de CDMX.","comparación","0","frio"
"L00441","CHUCK_03","Estoy entre dos alternativas. Qué me conviene para agencia en CDMX? Soy Raúl de CDMX. Quedo atento.","comparación","0","caliente"
"L00442","CHUCK_03","Estoy entre dos alternativas. Qué me conviene para agencia en Córdoba? Soy Carolina. Quedo atento.","comparación","0","caliente"
"L00443","CHUCK_09","Entre Instagram y web, cuál conviene para empezar? Quedo atento. Estoy en Buenos Aires y lo necesito para Instagram.","comparación","0","tibio"
"L00444","CHUCK_05","Qué diferencias hay entre bot básico vs. avanzado para WhatsApp? Soy Alejandro. Saludos.","comparación","0","tibio"
"L00445","CHUCK_10","Quiero elegir ya. Qué opción rinde mejor para captar leads en Telegram? Saludos. Lo quiero para Telegram y mi rubro es estudio jurídico.","comparación","0","caliente"
"L00446","CHUCK_03","Quiero elegir ya. Qué opción rinde mejor para captar leads en email? Soy Andrea de Quito. Gracias.","comparación","0","caliente"
"L00447","CHUCK_06","Entre Instagram y web, cuál conviene para empezar? Soy Sergio de Córdoba. Saludos.","comparación","0","tibio"
"L00448","CHUCK_09","Quiero elegir ya. Qué opción rinde mejor para captar leads en Facebook? Soy Natalia. Quedo atento.","comparación","0","caliente"
"L00449","CHUCK_03","Qué cambia entre una implementación simple y una más completa? Soy Mónica.","comparación","0","frio"
"L00450","CHUCK_08","Cuál es la diferencia entre sus opciones? Gracias!. Es para una concesionaria y tenemos aprox 292 leads al mes.","comparación","0","frio"
"L00451","CHUCK_03","Cuál es la diferencia entre sus opciones?","comparación","0","frio"
"L00452","CHUCK_08","Estoy entre dos alternativas. Qué me conviene para e-commerce en Monterrey? Soy Ricardo. Gracias.","comparación","0","caliente"
"L00453","CHUCK_09","Necesito decidir hoy: cuál opción recomiendan para 397 leads/mes? Gracias.","comparación","0","caliente"
"L00454","CHUCK_09","Quiero elegir ya. Qué opción rinde mejor para captar leads en Instagram?","comparación","0","caliente"
"L00455","CHUCK_07","Estoy comparando soluciones para estudio jurídico. Qué ventajas tiene lo suyo? Soy Emilio de CDMX. Quedo atento.","comparación","0","tibio"
"L00456","CHUCK_03","Estoy comparando soluciones para inmobiliaria. Qué ventajas tiene lo suyo? Soy Florencia de Guadalajara. Quedo atento.","comparación","0","tibio"
"L00457","CHUCK_09","Tienen distintos planes o versiones? En qué se diferencian? Soy Natalia de CDMX. Quedo atento.","comparación","0","frio"
"L00458","CHUCK_01","Necesito decidir hoy: cuál opción recomiendan para 214 leads/mes? Soy María. Gracias!","comparación","0","caliente"
"L00459","CHUCK_01","Cuál es la diferencia entre sus opciones? Gracias. Es para una concesionaria y tenemos aprox 393 leads al mes.","comparación","0","frio"
"L00460","CHUCK_06","Estoy comparando soluciones para concesionaria. Qué ventajas tiene lo suyo? Soy Carolina. Quedo atento.","comparación","0","tibio"
"L00461","CHUCK_03","Estoy entre dos alternativas. Qué me conviene para gimnasio en Bogotá? Soy Javier de Bogotá. Gracias.","comparación","0","caliente"
"L00462","CHUCK_01","Cuál es la diferencia entre sus opciones? Soy Claudia. Gracias.","comparación","0","frio"
"L00463","CHUCK_10","Quiero elegir ya. Qué opción rinde mejor para captar leads en Facebook? Soy Andrés. Gracias!","comparación","0","caliente"
"L00464","CHUCK_06","Quiero elegir ya. Qué opción rinde mejor para captar leads en WhatsApp? Soy Sebastián. Gracias!","comparación","0","caliente"
"L00465","CHUCK_09","Estoy comparando soluciones para gimnasio. Qué ventajas tiene lo suyo? Soy Laura de Buenos Aires. Gracias!","comparación","0","tibio"
"L00466","CHUCK_06","Qué cambia entre una implementación simple y una más completa? Soy Sergio de Buenos Aires.","comparación","0","frio"
"L00467","CHUCK_06","Qué cambia entre una implementación simple y una más completa? Gracias.","comparación","0","frio"
"L00468","CHUCK_07","Tienen distintos planes o versiones? En qué se diferencian? Soy Renata de CDMX. Saludos.","comparación","0","frio"
"L00469","CHUCK_08","Entre Instagram y web, cuál conviene para empezar? Soy Iván de Córdoba.","comparación","0","tibio"
"L00470","CHUCK_06","Qué diferencias hay entre bot básico vs. avanzado para WhatsApp?","comparación","0","tibio"
"L00471","CHUCK_01","Quiero elegir ya. Qué opción rinde mejor para captar leads en WhatsApp? Soy Andrés de Santiago. Gracias.","comparación","0","caliente"
"L00472","CHUCK_01","Cuál es la diferencia entre sus opciones? Soy Diego de CDMX. Quedo atento.","comparación","0","frio"
"L00473","CHUCK_06","Qué cambia entre una implementación simple y una más completa? Soy Camila.","comparación","0","frio"
"L00474","CHUCK_07","Qué cambia entre una implementación simple y una más completa? Soy María de Quito. Gracias!","comparación","0","frio"
"L00475","CHUCK_03","Estoy entre dos alternativas. Qué me conviene para restaurante en Bogotá? Soy Julia. Quedo atento.","comparación","0","caliente"
"L00476","CHUCK_06","Qué cambia entre una implementación simple y una más completa? Soy Camila. Estoy en Monterrey y lo necesito para web.","comparación","0","frio"
"L00477","CHUCK_08","Estoy entre dos alternativas. Qué me conviene para clínica en Lima? Soy Iván de Lima. Gracias!","comparación","0","caliente"
"L00478","CHUCK_10","Estoy comparando soluciones para agencia. Qué ventajas tiene lo suyo? Gracias.","comparación","0","tibio"
"L00479","CHUCK_04","Tienen distintos planes o versiones? En qué se diferencian? Soy Lucía.","comparación","0","frio"
"L00480","CHUCK_01","Qué cambia entre una implementación simple y una más completa? Soy Camila de Buenos Aires.","comparación","0","frio"
"L00481","CHUCK_03","Qué diferencias hay entre bot básico vs. avanzado para Telegram? Quedo atento. Estoy en Quito y lo necesito para Telegram.","comparación","0","tibio"
"L00482","CHUCK_01","Estoy entre dos alternativas. Qué me conviene para concesionaria en Quito? Soy Claudia de Quito. Gracias.","comparación","0","caliente"
"L00483","CHUCK_07","Tienen distintos planes o versiones? En qué se diferencian? Soy Daniela. Quedo atento.","comparación","0","frio"
"L00484","CHUCK_10","Necesito decidir hoy: cuál opción recomiendan para 128 leads/mes? Soy Andrea de Bogotá. Saludos.","comparación","0","caliente"
"L00485","CHUCK_01","Qué diferencias hay entre bot básico vs. avanzado para email? Soy Lucía de Lima. Gracias!","comparación","0","tibio"
"L00486","CHUCK_08","Cuál es la diferencia entre sus opciones? Soy Tomás de Santiago. Gracias.","comparación","0","frio"
"L00487","CHUCK_06","Estoy entre dos alternativas. Qué me conviene para concesionaria en Córdoba? Soy Nicolás de Córdoba. Gracias.","comparación","0","caliente"
"L00488","CHUCK_04","Estoy entre dos alternativas. Qué me conviene para restaurante en Guadalajara? Soy Nicolás de Guadalajara. Gracias!","comparación","0","caliente"
"L00489","CHUCK_01","Necesito decidir hoy: cuál opción recomiendan para 301 leads/mes? Gracias.","comparación","0","caliente"
"L00490","CHUCK_05","Quiero elegir ya. Qué opción rinde mejor para captar leads en email? Soy Luis. Gracias!","comparación","0","caliente"
"L00491","CHUCK_09","Cuál es la diferencia entre sus opciones? Soy Sofía de Medellín. Quedo atento.","comparación","0","frio"
"L00492","CHUCK_01","Qué cambia entre una implementación simple y una más completa? Soy Fernando.","comparación","0","frio"
"L00493","CHUCK_04","Estoy comparando soluciones para estudio jurídico. Qué ventajas tiene lo suyo? Soy Claudia. Gracias!","comparación","0","tibio"
"L00494","CHUCK_09","Estoy comparando soluciones para clínica. Qué ventajas tiene lo suyo? Soy Andrea. Quedo atento.","comparación","0","tibio"
"L00495","CHUCK_10","Necesito decidir hoy: cuál opción recomiendan para 297 leads/mes? Soy Javier de Santiago. Gracias!","comparación","0","caliente"
"L00496","CHUCK_06","Necesito decidir hoy: cuál opción recomiendan para 290 leads/mes? Soy Mónica. Gracias.","comparación","0","caliente"
"L00497","CHUCK_08","Qué diferencias hay entre bot básico vs. avanzado para email? Gracias!","comparación","0","tibio"
"L00498","CHUCK_02","Qué diferencias hay entre bot básico vs. avanzado para web? Gracias!","comparación","0","tibio"
"L00499","CHUCK_05","Cuál es la diferencia entre sus opciones? Soy Florencia de Bogotá. Gracias!","comparación","0","frio"
"L00500","CHUCK_05","Estoy entre dos alternativas. Qué me conviene para concesionaria en Córdoba? Soy María de Córdoba. Gracias!","comparación","0","caliente"
"L00501","CHUCK_02","Estoy comparando soluciones para concesionaria. Qué ventajas tiene lo suyo? Saludos.","comparación","0","tibio"
"L00502","CHUCK_05","Quiero elegir ya. Qué opción rinde mejor para captar leads en web? Soy Fernando de Lima. Gracias.","comparación","0","caliente"
"L00503","CHUCK_02","Quiero elegir ya. Qué opción rinde mejor para captar leads en Telegram? Gracias!. Soy Martín de Córdoba.","comparación","0","caliente"
"L00504","CHUCK_03","Entre web y web, cuál conviene para empezar? Soy Ana. Saludos.","comparación","0","tibio"
"L00505","CHUCK_05","Quiero elegir ya. Qué opción rinde mejor para captar leads en web? Soy Alejandro. Saludos.","comparación","0","caliente"
"L00506","CHUCK_05","Qué cambia entre una implementación simple y una más completa? Soy Carolina de CDMX. Gracias.","comparación","0","frio"
"L00507","CHUCK_01","Qué cambia entre una implementación simple y una más completa? Soy Fernando de Quito.","comparación","0","frio"
"L00508","CHUCK_07","Cuál es la diferencia entre sus opciones? Soy Gabriel de Lima. Gracias.","comparación","0","frio"
"L00509","CHUCK_08","Entre Facebook y web, cuál conviene para empezar? Gracias.","comparación","0","tibio"
"L00510","CHUCK_09","Necesito decidir hoy: cuál opción recomiendan para 326 leads/mes? Soy Claudia. Gracias!","comparación","0","caliente"
"L00511","CHUCK_01","Estoy entre dos alternativas. Qué me conviene para turismo en Bogotá? Soy Pablo de Bogotá. Saludos.","comparación","0","caliente"
"L00512","CHUCK_01","Necesito decidir hoy: cuál opción recomiendan para 298 leads/mes? Soy Mónica. Quedo atento.","comparación","0","caliente"
"L00513","CHUCK_07","Necesito decidir hoy: cuál opción recomiendan para 401 leads/mes? Soy Diego. Gracias.","comparación","0","caliente"
"L00514","CHUCK_07","Estoy comparando soluciones para inmobiliaria. Qué ventajas tiene lo suyo? Soy Iván de Guadalajara. Gracias.","comparación","0","tibio"
"L00515","CHUCK_02","Qué cambia entre una implementación simple y una más completa? Soy Diego de Bogotá. Saludos.","comparación","0","frio"
"L00516","CHUCK_04","Estoy entre dos alternativas. Qué me conviene para gimnasio en Monterrey? Soy Carolina de Monterrey.","comparación","0","caliente"
"L00517","CHUCK_04","Qué diferencias hay entre bot básico vs. avanzado para WhatsApp? Soy Brenda.","comparación","0","tibio"
"L00518","CHUCK_05","Quiero elegir ya. Qué opción rinde mejor para captar leads en Instagram? Gracias!","comparación","0","caliente"
"L00519","CHUCK_03","Entre web y web, cuál conviene para empezar? Soy María. Quedo atento.","comparación","0","tibio"
"L00520","CHUCK_05","Estoy entre dos alternativas. Qué me conviene para agencia en Guadalajara? Soy Valentina. Gracias!","comparación","0","caliente"
"L00521","CHUCK_06","Qué cambia entre una implementación simple y una más completa? Soy Claudia de Lima. Gracias.","comparación","0","frio"
"L00522","CHUCK_10","Necesito decidir hoy: cuál opción recomiendan para 473 leads/mes? Soy Raúl de Santiago. Gracias.","comparación","0","caliente"
"L00523","CHUCK_09","Necesito decidir hoy: cuál opción recomiendan para 154 leads/mes? Soy Pablo de Córdoba.","comparación","0","caliente"
"L00524","CHUCK_03","Qué cambia entre una implementación simple y una más completa? Soy Mónica de Córdoba. Quedo atento.","comparación","0","frio"
"L00525","CHUCK_10","Necesito decidir hoy: cuál opción recomiendan para 111 leads/mes? Soy Valentina. Gracias.","comparación","0","caliente"
"L00526","CHUCK_02","Entre Facebook y web, cuál conviene para empezar? Soy Emilio. Gracias!","comparación","0","tibio"
"L00527","CHUCK_04","Qué cambia entre una implementación simple y una más completa? Soy Sebastián. Gracias.","comparación","0","frio"
"L00528","CHUCK_06","Cuál es la diferencia entre sus opciones? Soy Iván. Saludos.","comparación","0","frio"
"L00529","CHUCK_03","Quiero elegir ya. Qué opción rinde mejor para captar leads en Facebook? Soy Florencia. Gracias.","comparación","0","caliente"
"L00530","CHUCK_10","Cuál es la diferencia entre sus opciones? Soy Verónica de Quito.","comparación","0","frio"
"L00531","CHUCK_01","Entre web y web, cuál conviene para empezar? Soy Luis de Monterrey. Gracias.","comparación","0","tibio"
"L00532","CHUCK_10","Quiero elegir ya. Qué opción rinde mejor para captar leads en email? Soy Hugo de Bogotá. Gracias!","comparación","0","caliente"
"L00533","CHUCK_10","Tienen distintos planes o versiones? En qué se diferencian? Gracias. Manejo un presupuesto de 833 al mes aprox.","comparación","1","frio"
"L00534","CHUCK_09","Tienen distintos planes o versiones? En qué se diferencian? Soy Gabriel de Monterrey. Saludos.","comparación","0","frio"
"L00535","CHUCK_01","Quiero elegir ya. Qué opción rinde mejor para captar leads en Telegram? Saludos. Lo quiero para Telegram y mi rubro es clínica.","comparación","0","caliente"
"L00536","CHUCK_08","Entre Telegram y web, cuál conviene para empezar? Soy Daniela de Medellín. Gracias.","comparación","0","tibio"
"L00537","CHUCK_07","Necesito decidir hoy: cuál opción recomiendan para 41 leads/mes? Soy Sofía. Quedo atento.","comparación","0","caliente"
"L00538","CHUCK_02","Necesito decidir hoy: cuál opción recomiendan para 489 leads/mes? Soy Andrés. Gracias.","comparación","0","caliente"
"L00539","CHUCK_09","Cuál es la diferencia entre sus opciones? Gracias. Idealmente me gustaria tenerlo listo hoy.","comparación","0","frio"
"L00540","CHUCK_06","Qué cambia entre una implementación simple y una más completa? Gracias. Es para una estudio jurídico y tenemos aprox 156 leads al mes.","comparación","0","frio"
"L00541","CHUCK_09","Entre Facebook y web, cuál conviene para empezar?","comparación","0","tibio"
"L00542","CHUCK_05","Tienen distintos planes o versiones? En qué se diferencian? Soy Andrea de CDMX.","comparación","0","frio"
"L00543","CHUCK_07","Quiero elegir ya. Qué opción rinde mejor para captar leads en Telegram? Soy Martín. Saludos.","comparación","0","caliente"
"L00544","CHUCK_06","Estoy entre dos alternativas. Qué me conviene para estudio jurídico en Córdoba? Soy Fernando de Córdoba.","comparación","0","caliente"
"L00545","CHUCK_10","Estoy entre dos alternativas. Qué me conviene para inmobiliaria en Medellín? Quedo atento.","comparación","0","caliente"
"L00546","CHUCK_05","Necesito decidir hoy: cuál opción recomiendan para 250 leads/mes? Gracias.","comparación","0","caliente"
"L00547","CHUCK_04","Quiero elegir ya. Qué opción rinde mejor para captar leads en web? Soy Patricia. Saludos.","comparación","0","caliente"
"L00548","CHUCK_03","Qué diferencias hay entre bot básico vs. avanzado para Telegram? Soy Laura de Buenos Aires. Gracias!","comparación","0","tibio"
"L00549","CHUCK_07","Quiero elegir ya. Qué opción rinde mejor para captar leads en WhatsApp? Gracias.","comparación","0","caliente"
"L00550","CHUCK_02","Entre email y web, cuál conviene para empezar? Soy Nicolás. Gracias!","comparación","0","tibio"
"L00551","CHUCK_01","Quiero elegir ya. Qué opción rinde mejor para captar leads en Facebook? Soy Lucía de Santiago. Gracias.","comparación","0","caliente"
"L00552","CHUCK_03","Qué cambia entre una implementación simple y una más completa? Soy Sergio.","comparación","0","frio"
"L00553","CHUCK_02","Cuál es la diferencia entre sus opciones? Gracias!. Estoy en CDMX y lo necesito para web.","comparación","0","frio"
"L00554","CHUCK_02","Estoy entre dos alternativas. Qué me conviene para concesionaria en CDMX? Soy Ana de CDMX. Saludos.","comparación","0","caliente"
"L00555","CHUCK_04","Tienen distintos planes o versiones? En qué se diferencian? Soy Florencia de Buenos Aires. Gracias!","comparación","0","frio"
"L00556","CHUCK_04","Tienen distintos planes o versiones? En qué se diferencian? Soy Sebastián. Gracias.","comparación","0","frio"
"L00557","CHUCK_02","Qué diferencias hay entre bot básico vs. avanzado para Instagram? Gracias.","comparación","0","tibio"
"L00558","CHUCK_10","Entre WhatsApp y web, cuál conviene para empezar? Soy Andrea. Quedo atento.","comparación","0","tibio"
"L00559","CHUCK_05","Entre web y web, cuál conviene para empezar? Soy Andrés. Gracias.","comparación","0","tibio"
"L00560","CHUCK_08","Cuál es la diferencia entre sus opciones? Soy Ana de Córdoba.","comparación","0","frio"
"L00561","CHUCK_07","Cuál es la diferencia entre sus opciones? Soy Julia. Quedo atento.","comparación","0","frio"
"L00562","CHUCK_10","Quiero elegir ya. Qué opción rinde mejor para captar leads en web? Soy Diego de Guadalajara. Saludos.","comparación","0","caliente"
"L00563","CHUCK_09","Qué diferencias hay entre bot básico vs. avanzado para web? Soy Lucía. Saludos.","comparación","0","tibio"
"L00564","CHUCK_04","Quiero elegir ya. Qué opción rinde mejor para captar leads en web? Soy Lucía de Córdoba.","comparación","0","caliente"
"L00565","CHUCK_06","Qué cambia entre una implementación simple y una más completa? Gracias!. Idealmente me gustaria tenerlo listo hoy.","comparación","0","frio"
"L00566","CHUCK_03","Estoy entre dos alternativas. Qué me conviene para e-commerce en Buenos Aires? Soy Florencia. Quedo atento.","comparación","0","caliente"
"L00567","CHUCK_07","Estoy comparando soluciones para agencia. Qué ventajas tiene lo suyo? Gracias. Lo quiero para Instagram y mi rubro es agencia.","comparación","0","tibio"
"L00568","CHUCK_08","Quiero elegir ya. Qué opción rinde mejor para captar leads en Instagram? Soy Renata de Buenos Aires. Quedo atento.","comparación","0","caliente"
"L00569","CHUCK_01","Estoy entre dos alternativas. Qué me conviene para estudio jurídico en Buenos Aires? Soy Ana de Buenos Aires. Quedo atento.","comparación","0","caliente"
"L00570","CHUCK_03","Estoy entre dos alternativas. Qué me conviene para clínica en Medellín? Soy Hugo de Medellín. Quedo atento.","comparación","0","caliente"
"L00571","CHUCK_01","Tienen distintos planes o versiones? En qué se diferencian? Soy Alejandro. Saludos.","comparación","0","frio"
"L00572","CHUCK_05","Qué cambia entre una implementación simple y una más completa? Soy Ricardo.","comparación","0","frio"
"L00573","CHUCK_04","Necesito decidir hoy: cuál opción recomiendan para 423 leads/mes? Soy Daniela. Saludos.","comparación","0","caliente"
"L00574","CHUCK_08","Qué diferencias hay entre bot básico vs. avanzado para Telegram? Soy Martín. Gracias!","comparación","0","tibio"
"L00575","CHUCK_09","Estoy entre dos alternativas. Qué me conviene para estudio jurídico en Buenos Aires? Soy Renata de Buenos Aires. Gracias!","comparación","0","caliente"
"L00576","CHUCK_09","Qué cambia entre una implementación simple y una más completa? Soy Tomás de Guadalajara. Quedo atento.","comparación","0","frio"
"L00577","CHUCK_07","Necesito decidir hoy: cuál opción recomiendan para 491 leads/mes? Soy Raúl de Buenos Aires.","comparación","0","caliente"
"L00578","CHUCK_10","Necesito decidir hoy: cuál opción recomiendan para 270 leads/mes? Soy Verónica de Buenos Aires. Gracias.","comparación","0","caliente"
"L00579","CHUCK_06","Tienen distintos planes o versiones? En qué se diferencian? Soy Florencia. Saludos.","comparación","0","frio"
"L00580","CHUCK_04","Qué cambia entre una implementación simple y una más completa? Soy Tomás. Gracias.","comparación","0","frio"
"L00581","CHUCK_09","Necesito decidir hoy: cuál opción recomiendan para 215 leads/mes? Soy Lucía. Gracias.","comparación","0","caliente"
"L00582","CHUCK_05","Cuál es la diferencia entre sus opciones? Soy Alejandro de Córdoba. Gracias.","comparación","0","frio"
"L00583","CHUCK_09","Estoy comparando soluciones para gimnasio. Qué ventajas tiene lo suyo? Saludos.","comparación","0","tibio"
"L00584","CHUCK_09","Quiero elegir ya. Qué opción rinde mejor para captar leads en web? Gracias!","comparación","0","caliente"
"L00585","CHUCK_02","Quiero elegir ya. Qué opción rinde mejor para captar leads en web? Soy Diego. Saludos.","comparación","0","caliente"
"L00586","CHUCK_02","Necesito decidir hoy: cuál opción recomiendan para 211 leads/mes? Soy Ricardo de Quito. Gracias!","comparación","0","caliente"
"L00587","CHUCK_03","Cuál es la diferencia entre sus opciones? Soy Ricardo de Monterrey. Gracias.","comparación","0","frio"
"L00588","CHUCK_02","Tienen distintos planes o versiones? En qué se diferencian? Soy Florencia de Monterrey. Gracias!","comparación","0","frio"
"L00589","CHUCK_07","Qué cambia entre una implementación simple y una más completa? Soy Valentina. Quedo atento.","comparación","0","frio"
"L00590","CHUCK_08","Necesito decidir hoy: cuál opción recomiendan para 73 leads/mes? Quedo atento.","comparación","0","caliente"
"L00591","CHUCK_01","Quiero elegir ya. Qué opción rinde mejor para captar leads en email? Soy Ana de Guadalajara. Gracias!","comparación","0","caliente"
"L00592","CHUCK_01","Necesito decidir hoy: cuál opción recomiendan para 140 leads/mes? Soy María de Buenos Aires. Gracias.","comparación","0","caliente"
"L00593","CHUCK_08","Necesito decidir hoy: cuál opción recomiendan para 190 leads/mes? Soy Pablo de Guadalajara. Saludos.","comparación","0","caliente"
"L00594","CHUCK_10","Entre Facebook y web, cuál conviene para empezar? Soy María de CDMX. Gracias!","comparación","0","tibio"
"L00595","CHUCK_02","Necesito decidir hoy: cuál opción recomiendan para 177 leads/mes? Soy Mónica de Lima. Gracias!","comparación","0","caliente"
"L00596","CHUCK_02","Quiero elegir ya. Qué opción rinde mejor para captar leads en email? Quedo atento. Lo quiero para email y mi rubro es concesionaria.","comparación","0","caliente"
"L00597","CHUCK_01","Estoy comparando soluciones para e-commerce. Qué ventajas tiene lo suyo? Soy Andrea. Gracias.","comparación","0","tibio"
"L00598","CHUCK_10","Quiero elegir ya. Qué opción rinde mejor para captar leads en Instagram? Gracias.","comparación","0","caliente"
"L00599","CHUCK_04","Qué cambia entre una implementación simple y una más completa? Soy Camila de Bogotá. Gracias!","comparación","0","frio"
"L00600","CHUCK_07","Qué cambia entre una implementación simple y una más completa? Soy Camila de Córdoba.","comparación","0","frio"
"L00601","CHUCK_04","Me interesa contratar. Qué necesito para empezar? Gracias.","compra","0","frio"
"L00602","CHUCK_01","Listo, quiero contratar para la próxima semana. Qué falta para cerrarlo? Saludos.","compra","0","caliente"
"L00603","CHUCK_09","Creo que quiero comprar. Cómo sería el proceso? Soy Martín.","compra","0","frio"
"L00604","CHUCK_02","Ok, quiero contratar. Coordinamos la puesta en marcha? Soy Florencia. Quedo atento.","compra","0","tibio"
"L00605","CHUCK_01","Quiero avanzar con la compra. Cómo seguimos? Soy Andrés. Gracias.","compra","0","frio"
"L00606","CHUCK_09","Quiero avanzar con la compra. Cómo seguimos? Soy Julia de Monterrey.","compra","0","frio"
"L00607","CHUCK_09","Estoy listo para avanzar. Me indican el proceso de alta? Soy Julia de Quito. Saludos.","compra","0","tibio"
"L00608","CHUCK_01","Me interesa contratar. Qué necesito para empezar? Soy Valentina de CDMX. Saludos.","compra","0","frio"
"L00609","CHUCK_08","Estoy listo para avanzar. Me indican el proceso de alta? Quedo atento.","compra","0","tibio"
"L00610","CHUCK_05","Me interesa contratar. Qué necesito para empezar? Soy Alejandro de Guadalajara. Gracias.","compra","0","frio"
"L00611","CHUCK_07","Ok, quiero contratar. Coordinamos la puesta en marcha? Soy Javier.","compra","0","tibio"
"L00612","CHUCK_09","Ok, quiero contratar. Coordinamos la puesta en marcha? Soy Andrés. Quedo atento.","compra","0","tibio"
"L00613","CHUCK_09","Listo, quiero contratar lo antes posible. Qué falta para cerrarlo? Soy Andrés. Gracias!","compra","0","caliente"
"L00614","CHUCK_03","Me interesa contratar. Qué necesito para empezar? Gracias. Idealmente me gustaria tenerlo listo antes del viernes.","compra","0","frio"
"L00615","CHUCK_10","Dale, quiero contratar un bot para WhatsApp para email. Cuáles son los pasos? Soy Valentina de Santiago. Gracias!","compra","0","tibio"
"L00616","CHUCK_01","Estoy listo para avanzar. Me indican el proceso de alta? Soy Andrés de Quito. Gracias.","compra","0","tibio"
"L00617","CHUCK_03","Estoy listo para avanzar. Me indican el proceso de alta? Soy Patricia. Quedo atento.","compra","0","tibio"
"L00618","CHUCK_09","Listo, quiero contratar para la próxima semana. Qué falta para cerrarlo? Quedo atento.","compra","0","caliente"
"L00619","CHUCK_07","Quiero avanzar con la compra. Cómo seguimos? Soy Iván.","compra","0","frio"
"L00620","CHUCK_10","Listo, quiero contratar hoy. Qué falta para cerrarlo? Soy Sebastián de Quito.","compra","0","caliente"
"L00621","CHUCK_04","Quiero cerrar hoy. Me confirman los pasos finales? Soy Alejandro de Guadalajara. Gracias.","compra","0","caliente"
"L00622","CHUCK_08","Listo, quiero contratar este mes. Qué falta para cerrarlo? Gracias!","compra","0","caliente"
"L00623","CHUCK_03","Dale, quiero contratar un chatbot para ventas para Instagram. Cuáles son los pasos? Soy Valentina. Quedo atento.","compra","0","tibio"
"L00624","CHUCK_09","Dale, quiero contratar una automatización de atención para Telegram. Cuáles son los pasos? Soy Andrés de CDMX. Saludos.","compra","0","tibio"
"L00625","CHUCK_08","Ok, quiero contratar. Coordinamos la puesta en marcha? Quedo atento.","compra","0","tibio"
"L00626","CHUCK_02","Estoy listo para implementar en Telegram ya. Arrancamos? Soy Sergio. Quedo atento.","compra","0","caliente"
"L00627","CHUCK_01","Quiero cerrar hoy. Me confirman los pasos finales? Gracias!","compra","0","caliente"
"L00628","CHUCK_06","Creo que quiero comprar. Cómo sería el proceso? Soy Fernando de Buenos Aires.","compra","0","frio"
"L00629","CHUCK_01","Estoy listo para avanzar. Me indican el proceso de alta? Quedo atento. Manejo un presupuesto de 881 al mes aprox.","compra","1","tibio"
"L00630","CHUCK_01","Quiero cerrar hoy. Me confirman los pasos finales? Soy Ricardo de Córdoba. Gracias!","compra","0","caliente"
"L00631","CHUCK_01","Creo que quiero comprar. Cómo sería el proceso? Gracias.","compra","0","frio"
"L00632","CHUCK_02","Quiero cerrar hoy. Me confirman los pasos finales? Soy Nicolás. Gracias!","compra","0","caliente"
"L00633","CHUCK_06","Quiero cerrar hoy. Me confirman los pasos finales?","compra","0","caliente"
"L00634","CHUCK_03","Ok, quiero contratar. Coordinamos la puesta en marcha? Gracias.","compra","0","tibio"
"L00635","CHUCK_10","Quiero cerrar hoy. Me confirman los pasos finales? Soy Carolina. Saludos.","compra","0","caliente"
"L00636","CHUCK_09","Estoy listo para avanzar. Me indican el proceso de alta? Soy Diego. Saludos.","compra","0","tibio"
"L00637","CHUCK_10","Quiero cerrar hoy. Me confirman los pasos finales? Gracias!. Estoy en Santiago y lo necesito para Instagram.","compra","0","caliente"
"L00638","CHUCK_01","Dale, quiero contratar una automatización de atención para Instagram. Cuáles son los pasos? Soy Julia de Monterrey.","compra","0","tibio"
"L00639","CHUCK_07","Estoy listo para avanzar. Me indican el proceso de alta? Gracias!","compra","0","tibio"
"L00640","CHUCK_10","Listo, quiero contratar hoy. Qué falta para cerrarlo? Soy Paula. Gracias!","compra","0","caliente"
"L00641","CHUCK_08","Quiero avanzar con la compra. Cómo seguimos? Soy Iván de Bogotá. Gracias!","compra","0","frio"
"L00642","CHUCK_02","Creo que quiero comprar. Cómo sería el proceso? Soy Julia de Buenos Aires.","compra","0","frio"
"L00643","CHUCK_02","Estoy listo para avanzar. Me indican el proceso de alta? Gracias!. Soy Carlos de Guadalajara.","compra","0","tibio"
"L00644","CHUCK_09","Dale, quiero contratar un bot multicanal para WhatsApp. Cuáles son los pasos? Soy Diego. Quedo atento.","compra","0","tibio"
"L00645","CHUCK_03","Estoy listo para implementar en Telegram ya. Arrancamos? Soy Emilio de Medellín. Quedo atento.","compra","0","caliente"
"L00646","CHUCK_08","Ok, quiero contratar. Coordinamos la puesta en marcha? Soy Sofía de CDMX. Gracias!","compra","0","tibio"
"L00647","CHUCK_01","Listo, quiero contratar este mes. Qué falta para cerrarlo? Soy Valentina de Córdoba. Quedo atento.","compra","0","caliente"
"L00648","CHUCK_03","Estoy listo para avanzar. Me indican el proceso de alta? Soy Lucía de Quito. Saludos.","compra","0","tibio"
"L00649","CHUCK_04","Quiero cerrar hoy. Me confirman los pasos finales? Soy Florencia.","compra","0","caliente"
"L00650","CHUCK_08","Estoy listo para avanzar. Me indican el proceso de alta? Soy Claudia de Santiago. Gracias!","compra","0","tibio"
"L00651","CHUCK_04","Estoy listo para implementar en Facebook ya. Arrancamos? Soy Ana. Gracias.","compra","0","caliente"
"L00652","CHUCK_02","Dale, quiero contratar un chatbot para ventas para WhatsApp. Cuáles son los pasos? Soy Martín. Quedo atento.","compra","0","tibio"
"L00653","CHUCK_08","Estoy listo para avanzar. Me indican el proceso de alta? Soy Carlos. Quedo atento.","compra","0","tibio"
"L00654","CHUCK_04","Quiero cerrar hoy. Me confirman los pasos finales? Soy Luis de Buenos Aires.","compra","0","caliente"
"L00655","CHUCK_02","Listo, quiero contratar hoy. Qué falta para cerrarlo? Soy Paula. Quedo atento.","compra","0","caliente"
"L00656","CHUCK_03","Creo que quiero comprar. Cómo sería el proceso? Soy Carlos. Gracias!","compra","0","frio"
"L00657","CHUCK_04","Quiero avanzar con la compra. Cómo seguimos? Soy María.","compra","0","frio"
"L00658","CHUCK_09","Estoy listo para avanzar. Me indican el proceso de alta? Soy Renata. Quedo atento.","compra","0","tibio"
"L00659","CHUCK_07","Estoy listo para avanzar. Me indican el proceso de alta? Soy Renata de Córdoba. Gracias!","compra","0","tibio"
"L00660","CHUCK_02","Estoy listo para avanzar. Me indican el proceso de alta? Soy Carlos de Santiago. Quedo atento.","compra","0","tibio"
"L00661","CHUCK_01","Listo, quiero contratar hoy. Qué falta para cerrarlo? Soy Sofía. Quedo atento.","compra","0","caliente"
"L00662","CHUCK_07","Quiero avanzar con la compra. Cómo seguimos? Soy Carolina. Gracias.","compra","0","frio"
"L00663","CHUCK_10","Dale, quiero contratar una automatización de atención para WhatsApp. Cuáles son los pasos? Soy María de Bogotá. Quedo atento.","compra","0","tibio"
"L00664","CHUCK_01","Estoy listo para implementar en Instagram ya. Arrancamos? Saludos.","compra","0","caliente"
"L00665","CHUCK_03","Estoy listo para avanzar. Me indican el proceso de alta? Saludos.","compra","0","tibio"
"L00666","CHUCK_04","Quiero avanzar con la compra. Cómo seguimos? Soy Andrea de Córdoba. Quedo atento.","compra","0","frio"
"L00667","CHUCK_01","Ok, quiero contratar. Coordinamos la puesta en marcha? Quedo atento. Manejo un presupuesto de 935 al mes aprox.","compra","1","tibio"
"L00668","CHUCK_06","Me interesa contratar. Qué necesito para empezar? Soy Ana. Saludos.","compra","0","frio"
"L00669","CHUCK_03","Ok, quiero contratar. Coordinamos la puesta en marcha? Saludos.","compra","0","tibio"
"L00670","CHUCK_05","Creo que quiero comprar. Cómo sería el proceso? Soy Martín de Lima. Gracias!","compra","0","frio"
"L00671","CHUCK_04","Me interesa contratar. Qué necesito para empezar? Gracias. Soy Laura de Monterrey.","compra","0","frio"
"L00672","CHUCK_07","Listo, quiero contratar esta semana. Qué falta para cerrarlo? Saludos.","compra","0","caliente"
"L00673","CHUCK_08","Quiero avanzar con la compra. Cómo seguimos? Quedo atento.","compra","0","frio"
"L00674","CHUCK_01","Quiero cerrar hoy. Me confirman los pasos finales? Soy Brenda.","compra","0","caliente"
"L00675","CHUCK_02","Estoy listo para avanzar. Me indican el proceso de alta? Gracias.","compra","0","tibio"
"L00676","CHUCK_05","Ok, quiero contratar. Coordinamos la puesta en marcha? Soy Javier. Quedo atento.","compra","0","tibio"
"L00677","CHUCK_10","Quiero cerrar hoy. Me confirman los pasos finales? Soy Renata. Gracias.","compra","0","caliente"
"L00678","CHUCK_06","Ok, quiero contratar. Coordinamos la puesta en marcha? Gracias!","compra","0","tibio"
"L00679","CHUCK_03","Estoy listo para avanzar. Me indican el proceso de alta? Soy Ricardo. Saludos.","compra","0","tibio"
"L00680","CHUCK_10","Creo que quiero comprar. Cómo sería el proceso? Soy Laura.","compra","0","frio"
"L00681","CHUCK_04","Quiero avanzar con la compra. Cómo seguimos? Gracias.","compra","0","frio"
"L00682","CHUCK_07","Ok, quiero contratar. Coordinamos la puesta en marcha? Soy Ricardo de Buenos Aires.","compra","0","tibio"
"L00683","CHUCK_02","Dale, quiero contratar un bot multicanal para Instagram. Cuáles son los pasos?","compra","0","tibio"
"L00684","CHUCK_03","Dale, quiero contratar un sistema para gestionar leads para Facebook. Cuáles son los pasos? Saludos.","compra","0","tibio"
"L00685","CHUCK_05","Estoy listo para implementar en Facebook ya. Arrancamos? Soy Julia de Santiago. Saludos.","compra","0","caliente"
"L00686","CHUCK_09","Quiero cerrar hoy. Me confirman los pasos finales? Soy Patricia de Lima. Gracias!","compra","0","caliente"
"L00687","CHUCK_05","Quiero avanzar con la compra. Cómo seguimos? Soy Florencia de Santiago. Saludos.","compra","0","frio"
"L00688","CHUCK_01","Dale, quiero contratar un chatbot para ventas para email. Cuáles son los pasos? Soy Sebastián. Gracias!","compra","0","tibio"
"L00689","CHUCK_02","Me interesa contratar. Qué necesito para empezar? Soy Natalia.","compra","0","frio"
"L00690","CHUCK_02","Quiero avanzar con la compra. Cómo seguimos? Soy Sebastián de Buenos Aires. Quedo atento.","compra","0","frio"
"L00691","CHUCK_03","Dale, quiero contratar un asistente con IA para Instagram. Cuáles son los pasos? Soy Andrea. Gracias!","compra","0","tibio"
"L00692","CHUCK_04","Me interesa contratar. Qué necesito para empezar? Soy Fernando.","compra","0","frio"
"L00693","CHUCK_02","Estoy listo para avanzar. Me indican el proceso de alta?","compra","0","tibio"
"L00694","CHUCK_03","Estoy listo para avanzar. Me indican el proceso de alta? Soy Andrea de Bogotá. Saludos.","compra","0","tibio"
"L00695","CHUCK_07","Listo, quiero contratar este mes. Qué falta para cerrarlo? Soy Andrea. Saludos.","compra","0","caliente"
"L00696","CHUCK_05","Dale, quiero contratar un asistente con IA para Telegram. Cuáles son los pasos?","compra","0","tibio"
"L00697","CHUCK_09","Ok, quiero contratar. Coordinamos la puesta en marcha?","compra","0","tibio"
"L00698","CHUCK_08","Estoy listo para avanzar. Me indican el proceso de alta? Soy Andrea de Buenos Aires.","compra","0","tibio"
"L00699","CHUCK_05","Creo que quiero comprar. Cómo sería el proceso? Soy Mateo.","compra","0","frio"
"L00700","CHUCK_01","Dale, quiero contratar un bot para WhatsApp para email. Cuáles son los pasos? Soy Luis. Gracias.","compra","0","tibio"
"L00701","CHUCK_01","Listo, quiero contratar esta semana. Qué falta para cerrarlo? Quedo atento.","compra","0","caliente"
"L00702","CHUCK_07","Ok, quiero contratar. Coordinamos la puesta en marcha? Soy Lucía de Buenos Aires. Gracias.","compra","0","tibio"
"L00703","CHUCK_01","Creo que quiero comprar. Cómo sería el proceso? Quedo atento.","compra","0","frio"
"L00704","CHUCK_03","Estoy listo para implementar en Telegram ya. Arrancamos? Soy Camila de Buenos Aires. Saludos.","compra","0","caliente"
"L00705","CHUCK_05","Ok, quiero contratar. Coordinamos la puesta en marcha? Soy Verónica de CDMX.","compra","0","tibio"
"L00706","CHUCK_05","Quiero avanzar con la compra. Cómo seguimos? Soy Pablo. Quedo atento.","compra","0","frio"
"L00707","CHUCK_05","Estoy listo para avanzar. Me indican el proceso de alta? Soy Claudia. Gracias!","compra","0","tibio"
"L00708","CHUCK_07","Quiero cerrar hoy. Me confirman los pasos finales? Quedo atento.","compra","0","caliente"
"L00709","CHUCK_01","Quiero avanzar con la compra. Cómo seguimos?","compra","0","frio"
"L00710","CHUCK_07","Quiero avanzar con la compra. Cómo seguimos? Soy Fernando de Guadalajara. Quedo atento.","compra","0","frio"
"L00711","CHUCK_01","Creo que quiero comprar. Cómo sería el proceso?","compra","0","frio"
"L00712","CHUCK_06","Quiero avanzar con la compra. Cómo seguimos? Soy Brenda de Lima. Gracias.","compra","0","frio"
"L00713","CHUCK_02","Me interesa contratar. Qué necesito para empezar? Soy Gabriel. Quedo atento.","compra","0","frio"
"L00714","CHUCK_04","Quiero avanzar con la compra. Cómo seguimos? Gracias. Lo quiero para Facebook y mi rubro es concesionaria.","compra","0","frio"
"L00715","CHUCK_03","Creo que quiero comprar. Cómo sería el proceso? Soy Daniela de Medellín. Gracias!","compra","0","frio"
"L00716","CHUCK_09","Quiero avanzar con la compra. Cómo seguimos? Soy Ricardo. Gracias.","compra","0","frio"
"L00717","CHUCK_07","Quiero cerrar hoy. Me confirman los pasos finales?. Lo quiero para email y mi rubro es concesionaria.","compra","0","caliente"
"L00718","CHUCK_09","Estoy listo para implementar en email ya. Arrancamos? Soy Mateo. Gracias.","compra","0","caliente"
"L00719","CHUCK_03","Creo que quiero comprar. Cómo sería el proceso? Gracias!","compra","0","frio"
"L00720","CHUCK_07","Quiero avanzar con la compra. Cómo seguimos? Soy Alejandro de Quito. Quedo atento.","compra","0","frio"
"L00721","CHUCK_10","Quiero avanzar con la compra. Cómo seguimos? Soy Carlos. Quedo atento.","compra","0","frio"
"L00722","CHUCK_02","Creo que quiero comprar. Cómo sería el proceso? Gracias!. Lo quiero para email y mi rubro es turismo.","compra","0","frio"
"L00723","CHUCK_08","Ok, quiero contratar. Coordinamos la puesta en marcha? Soy Sofía de Lima. Saludos.","compra","0","tibio"
"L00724","CHUCK_10","Me interesa contratar. Qué necesito para empezar? Soy Lucía de Monterrey. Saludos.","compra","0","frio"
"L00725","CHUCK_07","Creo que quiero comprar. Cómo sería el proceso? Soy Paula de Córdoba. Saludos.","compra","0","frio"
"L00726","CHUCK_09","Ok, quiero contratar. Coordinamos la puesta en marcha? Soy Fernando de Lima. Gracias!","compra","0","tibio"
"L00727","CHUCK_01","Quiero cerrar hoy. Me confirman los pasos finales?. Idealmente me gustaria tenerlo listo para la próxima semana.","compra","0","caliente"
"L00728","CHUCK_07","Listo, quiero contratar antes del viernes. Qué falta para cerrarlo? Soy Patricia. Gracias!","compra","0","caliente"
"L00729","CHUCK_09","Creo que quiero comprar. Cómo sería el proceso? Soy Renata de Monterrey.","compra","0","frio"
"L00730","CHUCK_05","Dale, quiero contratar un chatbot para ventas para Facebook. Cuáles son los pasos? Soy Paula. Gracias.","compra","0","tibio"
"L00731","CHUCK_02","Dale, quiero contratar un bot multicanal para Instagram. Cuáles son los pasos? Soy Sergio.","compra","0","tibio"
"L00732","CHUCK_10","Estoy listo para implementar en WhatsApp ya. Arrancamos? Quedo atento.","compra","0","caliente"
"L00733","CHUCK_05","Creo que quiero comprar. Cómo sería el proceso? Soy Martín de Quito.","compra","0","frio"
"L00734","CHUCK_06","Estoy listo para avanzar. Me indican el proceso de alta? Gracias!. Idealmente me gustaria tenerlo listo para la próxima semana.","compra","0","tibio"
"L00735","CHUCK_07","Creo que quiero comprar. Cómo sería el proceso? Saludos.","compra","0","frio"
"L00736","CHUCK_10","Estoy listo para implementar en web ya. Arrancamos? Soy Sergio de Bogotá. Gracias.","compra","0","caliente"
"L00737","CHUCK_05","Estoy listo para avanzar. Me indican el proceso de alta? Gracias!. Es para una clínica y tenemos aprox 30 leads al mes.","compra","0","tibio"
"L00738","CHUCK_08","Listo, quiero contratar esta semana. Qué falta para cerrarlo? Soy Pablo. Quedo atento.","compra","0","caliente"
"L00739","CHUCK_07","Listo, quiero contratar lo antes posible. Qué falta para cerrarlo?","compra","0","caliente"
"L00740","CHUCK_07","Listo, quiero contratar esta semana. Qué falta para cerrarlo? Gracias!","compra","0","caliente"
"L00741","CHUCK_04","Quiero avanzar con la compra. Cómo seguimos? Soy Javier de Quito.","compra","0","frio"
"L00742","CHUCK_05","Estoy listo para avanzar. Me indican el proceso de alta? Soy Natalia de CDMX. Quedo atento.","compra","0","tibio"
"L00743","CHUCK_04","Quiero avanzar con la compra. Cómo seguimos? Soy Andrés.","compra","0","frio"
"L00744","CHUCK_08","Ok, quiero contratar. Coordinamos la puesta en marcha? Gracias!. Estoy en Lima y lo necesito para Instagram.","compra","0","tibio"
"L00745","CHUCK_06","Dale, quiero contratar un asistente con IA para email. Cuáles son los pasos? Soy Lucía de CDMX. Quedo atento.","compra","0","tibio"
"L00746","CHUCK_03","Creo que quiero comprar. Cómo sería el proceso? Soy Natalia. Gracias!","compra","0","frio"
"L00747","CHUCK_04","Quiero avanzar con la compra. Cómo seguimos?. Lo quiero para web y mi rubro es e-commerce.","compra","0","frio"
"L00748","CHUCK_03","Creo que quiero comprar. Cómo sería el proceso? Soy Fernando de Bogotá. Gracias.","compra","0","frio"
"L00749","CHUCK_10","Estoy listo para implementar en web ya. Arrancamos? Soy Ricardo.","compra","0","caliente"
"L00750","CHUCK_04","Creo que quiero comprar. Cómo sería el proceso?. Idealmente me gustaria tenerlo listo antes del viernes.","compra","0","frio"
"L00751","CHUCK_07","Quiero avanzar con la compra. Cómo seguimos? Soy Fernando. Gracias!","compra","0","frio"
"L00752","CHUCK_06","Listo, quiero contratar este mes. Qué falta para cerrarlo? Soy Raúl de Santiago. Quedo atento.","compra","0","caliente"
"L00753","CHUCK_03","Ok, quiero contratar. Coordinamos la puesta en marcha? Saludos. Estoy en Monterrey y lo necesito para web.","compra","0","tibio"
"L00754","CHUCK_02","Quiero avanzar con la compra. Cómo seguimos? Soy Julia. Saludos.","compra","0","frio"
"L00755","CHUCK_06","Listo, quiero contratar antes del viernes. Qué falta para cerrarlo? Soy Lucía de Medellín. Gracias!","compra","0","caliente"
"L00756","CHUCK_05","Ok, quiero contratar. Coordinamos la puesta en marcha? Soy Carolina de Medellín.","compra","0","tibio"
"L00757","CHUCK_03","Me interesa contratar. Qué necesito para empezar? Soy Diego. Gracias!","compra","0","frio"
"L00758","CHUCK_02","Estoy listo para avanzar. Me indican el proceso de alta? Quedo atento. Manejo un presupuesto de 1233 al mes aprox.","compra","1","tibio"
"L00759","CHUCK_10","Estoy listo para implementar en web ya. Arrancamos? Soy Diego de Córdoba. Gracias!","compra","0","caliente"
"L00760","CHUCK_09","Estoy listo para avanzar. Me indican el proceso de alta? Gracias!. Es para una inmobiliaria y tenemos aprox 103 leads al mes.","compra","0","tibio"
"L00761","CHUCK_05","Ok, quiero contratar. Coordinamos la puesta en marcha? Saludos. Lo quiero para email y mi rubro es concesionaria.","compra","0","tibio"
"L00762","CHUCK_09","Estoy listo para implementar en Facebook ya. Arrancamos? Soy Carolina. Quedo atento.","compra","0","caliente"
"L00763","CHUCK_03","Estoy listo para avanzar. Me indican el proceso de alta? Soy Verónica. Gracias!","compra","0","tibio"
"L00764","CHUCK_02","Estoy listo para avanzar. Me indican el proceso de alta? Soy Pablo de Quito.","compra","0","tibio"
"L00765","CHUCK_07","Quiero avanzar con la compra. Cómo seguimos? Saludos.","compra","0","frio"
"L00766","CHUCK_04","Ok, quiero contratar. Coordinamos la puesta en marcha? Soy Hugo.","compra","0","tibio"
"L00767","CHUCK_07","Dale, quiero contratar un bot para WhatsApp para Instagram. Cuáles son los pasos? Soy Julia de Guadalajara. Saludos.","compra","0","tibio"
"L00768","CHUCK_05","Listo, quiero contratar lo antes posible. Qué falta para cerrarlo? Gracias.","compra","0","caliente"
"L00769","CHUCK_09","Ok, quiero contratar. Coordinamos la puesta en marcha? Saludos. Es para una turismo y tenemos aprox 184 leads al mes.","compra","0","tibio"
"L00770","CHUCK_05","Quiero cerrar hoy. Me confirman los pasos finales? Quedo atento. Es para una turismo y tenemos aprox 136 leads al mes.","compra","0","caliente"
"L00771","CHUCK_05","Dale, quiero contratar un bot para WhatsApp para Telegram. Cuáles son los pasos? Soy Ana.","compra","0","tibio"
"L00772","CHUCK_04","Quiero cerrar hoy. Me confirman los pasos finales? Soy Hugo de CDMX.","compra","0","caliente"
"L00773","CHUCK_10","Me interesa contratar. Qué necesito para empezar? Soy Claudia. Gracias.","compra","0","frio"
"L00774","CHUCK_04","Quiero cerrar hoy. Me confirman los pasos finales? Soy Natalia.","compra","0","caliente"
"L00775","CHUCK_04","Listo, quiero contratar esta semana. Qué falta para cerrarlo? Soy Carolina. Saludos.","compra","0","caliente"
"L00776","CHUCK_08","Estoy listo para implementar en Instagram ya. Arrancamos? Quedo atento.","compra","0","caliente"
"L00777","CHUCK_08","Listo, quiero contratar este mes. Qué falta para cerrarlo? Soy Alejandro de Guadalajara. Quedo atento.","compra","0","caliente"
"L00778","CHUCK_08","Creo que quiero comprar. Cómo sería el proceso? Saludos. Es para una restaurante y tenemos aprox 417 leads al mes.","compra","0","frio"
"L00779","CHUCK_06","Quiero cerrar hoy. Me confirman los pasos finales? Gracias.","compra","0","caliente"
"L00780","CHUCK_08","Quiero cerrar hoy. Me confirman los pasos finales? Soy Camila.","compra","0","caliente"
"L00781","CHUCK_07","Quiero cerrar hoy. Me confirman los pasos finales? Soy Paula de Monterrey. Quedo atento.","compra","0","caliente"
"L00782","CHUCK_06","Quiero cerrar hoy. Me confirman los pasos finales? Soy Daniela. Gracias.","compra","0","caliente"
"L00783","CHUCK_07","Creo que quiero comprar. Cómo sería el proceso? Soy Luis. Gracias!","compra","0","frio"
"L00784","CHUCK_04","Creo que quiero comprar. Cómo sería el proceso? Soy Iván de Quito.","compra","0","frio"
"L00785","CHUCK_04","Quiero cerrar hoy. Me confirman los pasos finales? Gracias!. Idealmente me gustaria tenerlo listo este mes.","compra","0","caliente"
"L00786","CHUCK_04","Quiero cerrar hoy. Me confirman los pasos finales? Gracias. Es para una turismo y tenemos aprox 215 leads al mes.","compra","0","caliente"
"L00787","CHUCK_10","Creo que quiero comprar. Cómo sería el proceso? Quedo atento. Es para una academia y tenemos aprox 175 leads al mes.","compra","0","frio"
"L00788","CHUCK_08","Quiero cerrar hoy. Me confirman los pasos finales? Saludos.","compra","0","caliente"
"L00789","CHUCK_02","Listo, quiero contratar antes del viernes. Qué falta para cerrarlo? Saludos.","compra","0","caliente"
"L00790","CHUCK_02","Listo, quiero contratar antes del viernes. Qué falta para cerrarlo? Quedo atento.","compra","0","caliente"
"L00791","CHUCK_02","Creo que quiero comprar. Cómo sería el proceso? Soy Carolina. Saludos.","compra","0","frio"
"L00792","CHUCK_08","Quiero avanzar con la compra. Cómo seguimos?. Estoy en Bogotá y lo necesito para Telegram.","compra","0","frio"
"L00793","CHUCK_03","Ok, quiero contratar. Coordinamos la puesta en marcha? Saludos. Es para una restaurante y tenemos aprox 320 leads al mes.","compra","0","tibio"
"L00794","CHUCK_04","Ok, quiero contratar. Coordinamos la puesta en marcha? Soy Ana. Gracias.","compra","0","tibio"
"L00795","CHUCK_03","Estoy listo para avanzar. Me indican el proceso de alta? Soy Camila. Gracias!","compra","0","tibio"
"L00796","CHUCK_03","Estoy listo para avanzar. Me indican el proceso de alta? Gracias!. Soy Paula de CDMX.","compra","0","tibio"
"L00797","CHUCK_08","Me interesa contratar. Qué necesito para empezar? Gracias!","compra","0","frio"
"L00798","CHUCK_04","Quiero cerrar hoy. Me confirman los pasos finales? Soy Andrea. Gracias.","compra","0","caliente"
"L00799","CHUCK_06","Creo que quiero comprar. Cómo sería el proceso? Soy Pablo de Córdoba. Saludos.","compra","0","frio"
"L00800","CHUCK_02","Ok, quiero contratar. Coordinamos la puesta en marcha? Soy Alejandro de Quito. Saludos.","compra","0","tibio"
"L00801","CHUCK_09","Listo, quiero contratar hoy. Qué falta para cerrarlo? Quedo atento.","compra","0","caliente"
"L00802","CHUCK_09","Listo, quiero contratar este mes. Qué falta para cerrarlo?","compra","0","caliente"
"L00803","CHUCK_08","Dale, quiero contratar una automatización de atención para web. Cuáles son los pasos? Soy Fernando de Guadalajara. Gracias.","compra","0","tibio"
"L00804","CHUCK_10","Estoy listo para implementar en email ya. Arrancamos? Soy Tomás de Guadalajara.","compra","0","caliente"
"L00805","CHUCK_01","Creo que quiero comprar. Cómo sería el proceso? Soy Gabriel. Gracias!","compra","0","frio"
"L00806","CHUCK_01","Estoy listo para implementar en Telegram ya. Arrancamos? Gracias.","compra","0","caliente"
"L00807","CHUCK_05","Quiero avanzar con la compra. Cómo seguimos? Quedo atento. Idealmente me gustaria tenerlo listo esta semana.","compra","0","frio"
"L00808","CHUCK_08","Creo que quiero comprar. Cómo sería el proceso? Soy Emilio de Córdoba. Gracias.","compra","0","frio"
"L00809","CHUCK_04","Dale, quiero contratar una automatización de atención para Telegram. Cuáles son los pasos? Saludos.","compra","0","tibio"
"L00810","CHUCK_01","Creo que quiero comprar. Cómo sería el proceso? Soy Pablo de Medellín. Gracias.","compra","0","frio"
"L00811","CHUCK_06","Creo que quiero comprar. Cómo sería el proceso? Soy Natalia de Bogotá. Saludos.","compra","0","frio"
"L00812","CHUCK_05","Quiero cerrar hoy. Me confirman los pasos finales? Soy Hugo de Buenos Aires. Quedo atento.","compra","0","caliente"
"L00813","CHUCK_05","Dale, quiero contratar un bot multicanal para WhatsApp. Cuáles son los pasos?","compra","0","tibio"
"L00814","CHUCK_07","Listo, quiero contratar para la próxima semana. Qué falta para cerrarlo? Soy Daniela. Gracias.","compra","0","caliente"
"L00815","CHUCK_03","Quiero cerrar hoy. Me confirman los pasos finales? Soy Andrés.","compra","0","caliente"
"L00816","CHUCK_10","Dale, quiero contratar un chatbot para ventas para Telegram. Cuáles son los pasos?","compra","0","tibio"
"L00817","CHUCK_02","Ok, quiero contratar. Coordinamos la puesta en marcha? Soy Claudia de Buenos Aires. Gracias.","compra","0","tibio"
"L00818","CHUCK_07","Quiero cerrar hoy. Me confirman los pasos finales? Soy Andrés. Manejo un presupuesto de 101 al mes aprox.","compra","1","caliente"
"L00819","CHUCK_02","Listo, quiero contratar lo antes posible. Qué falta para cerrarlo? Soy Florencia. Gracias.","compra","0","caliente"
"L00820","CHUCK_07","Ok, quiero contratar. Coordinamos la puesta en marcha?. Estoy en Medellín y lo necesito para Instagram.","compra","0","tibio"
"L00821","CHUCK_04","Estoy listo para avanzar. Me indican el proceso de alta?. Idealmente me gustaria tenerlo listo esta semana.","compra","0","tibio"
"L00822","CHUCK_08","Me interesa contratar. Qué necesito para empezar? Soy Alejandro de Quito.","compra","0","frio"
"L00823","CHUCK_01","Dale, quiero contratar un sistema para gestionar leads para WhatsApp. Cuáles son los pasos? Soy Renata.","compra","0","tibio"
"L00824","CHUCK_08","Quiero avanzar con la compra. Cómo seguimos? Soy Diego de Santiago. Gracias!","compra","0","frio"
"L00825","CHUCK_07","Ok, quiero contratar. Coordinamos la puesta en marcha? Soy Ana de Lima. Saludos.","compra","0","tibio"
"L00826","CHUCK_04","Listo, quiero contratar lo antes posible. Qué falta para cerrarlo? Soy Patricia. Saludos.","compra","0","caliente"
"L00827","CHUCK_06","Creo que quiero comprar. Cómo sería el proceso?. Estoy en CDMX y lo necesito para Facebook.","compra","0","frio"
"L00828","CHUCK_06","Ok, quiero contratar. Coordinamos la puesta en marcha? Soy Florencia de Bogotá. Saludos.","compra","0","tibio"
"L00829","CHUCK_07","Ok, quiero contratar. Coordinamos la puesta en marcha? Quedo atento. Soy Nicolás de CDMX.","compra","0","tibio"
"L00830","CHUCK_02","Dale, quiero contratar una automatización de atención para web. Cuáles son los pasos?","compra","0","tibio"
"L00831","CHUCK_10","Estoy listo para avanzar. Me indican el proceso de alta? Soy Laura. Quedo atento.","compra","0","tibio"
"L00832","CHUCK_01","Quiero cerrar hoy. Me confirman los pasos finales? Soy Verónica de Guadalajara. Gracias.","compra","0","caliente"
"L00833","CHUCK_04","Listo, quiero contratar para la próxima semana. Qué falta para cerrarlo? Soy Sofía.","compra","0","caliente"
"L00834","CHUCK_03","Estoy listo para avanzar. Me indican el proceso de alta? Saludos. Es para una turismo y tenemos aprox 114 leads al mes.","compra","0","tibio"
"L00835","CHUCK_07","Creo que quiero comprar. Cómo sería el proceso? Soy Tomás de CDMX. Quedo atento.","compra","0","frio"
"L00836","CHUCK_04","Ok, quiero contratar. Coordinamos la puesta en marcha? Soy Javier de Monterrey. Saludos.","compra","0","tibio"
"L00837","CHUCK_01","Dale, quiero contratar un asistente con IA para Facebook. Cuáles son los pasos? Gracias!","compra","0","tibio"
"L00838","CHUCK_01","Quiero avanzar con la compra. Cómo seguimos? Gracias. Es para una e-commerce y tenemos aprox 113 leads al mes.","compra","0","frio"
"L00839","CHUCK_09","Dale, quiero contratar un sistema para gestionar leads para Instagram. Cuáles son los pasos?","compra","0","tibio"
"L00840","CHUCK_04","Me interesa contratar. Qué necesito para empezar? Soy Carolina de CDMX. Gracias.","compra","0","frio"
"L00841","CHUCK_04","Listo, quiero contratar hoy. Qué falta para cerrarlo? Soy Natalia de Buenos Aires. Gracias!","compra","0","caliente"
"L00842","CHUCK_09","Listo, quiero contratar antes del viernes. Qué falta para cerrarlo? Gracias.","compra","0","caliente"
"L00843","CHUCK_03","Ok, quiero contratar. Coordinamos la puesta en marcha? Gracias. Estoy en Bogotá y lo necesito para Facebook.","compra","0","tibio"
"L00844","CHUCK_10","Ok, quiero contratar. Coordinamos la puesta en marcha? Saludos. Idealmente me gustaria tenerlo listo este mes.","compra","0","tibio"
"L00845","CHUCK_08","Quiero cerrar hoy. Me confirman los pasos finales?. Idealmente me gustaria tenerlo listo antes del viernes.","compra","0","caliente"
"L00846","CHUCK_01","Listo, quiero contratar este mes. Qué falta para cerrarlo? Soy Mónica de Córdoba. Quedo atento.","compra","0","caliente"
"L00847","CHUCK_04","Creo que quiero comprar. Cómo sería el proceso? Soy Paula de Lima.","compra","0","frio"
"L00848","CHUCK_07","Creo que quiero comprar. Cómo sería el proceso? Saludos. Lo quiero para Telegram y mi rubro es turismo.","compra","0","frio"
"L00849","CHUCK_02","Ok, quiero contratar. Coordinamos la puesta en marcha? Quedo atento. Manejo un presupuesto de 392 al mes aprox.","compra","1","tibio"
"L00850","CHUCK_03","Estoy listo para avanzar. Me indican el proceso de alta? Soy Valentina de Santiago.","compra","0","tibio"
"L00851","CHUCK_01","Creo que quiero comprar. Cómo sería el proceso? Gracias!. Estoy en Medellín y lo necesito para email.","compra","0","frio"
"L00852","CHUCK_09","Quiero avanzar con la compra. Cómo seguimos? Soy Gabriel de Guadalajara.","compra","0","frio"
"L00853","CHUCK_04","Estoy listo para avanzar. Me indican el proceso de alta? Soy Mateo de Lima. Gracias.","compra","0","tibio"
"L00854","CHUCK_04","Estoy listo para avanzar. Me indican el proceso de alta?. Lo quiero para WhatsApp y mi rubro es agencia.","compra","0","tibio"
"L00855","CHUCK_07","Estoy listo para implementar en email ya. Arrancamos? Soy Mateo de Quito.","compra","0","caliente"
"L00856","CHUCK_04","Dale, quiero contratar un sistema para gestionar leads para email. Cuáles son los pasos? Soy Renata. Gracias.","compra","0","tibio"
"L00857","CHUCK_07","Me interesa contratar. Qué necesito para empezar? Saludos.","compra","0","frio"
"L00858","CHUCK_01","Ok, quiero contratar. Coordinamos la puesta en marcha? Soy Pablo de Santiago. Quedo atento.","compra","0","tibio"
"L00859","CHUCK_10","Estoy listo para avanzar. Me indican el proceso de alta? Soy Carlos de Monterrey. Gracias!","compra","0","tibio"
"L00860","CHUCK_07","Quiero avanzar con la compra. Cómo seguimos? Gracias. Lo quiero para web y mi rubro es concesionaria.","compra","0","frio"
"L00861","CHUCK_06","Quiero cerrar hoy. Me confirman los pasos finales? Soy Carolina de Monterrey.","compra","0","caliente"
"L00862","CHUCK_06","Estoy listo para implementar en Telegram ya. Arrancamos? Soy Carolina. Quedo atento.","compra","0","caliente"
"L00863","CHUCK_02","Estoy listo para avanzar. Me indican el proceso de alta?. Estoy en CDMX y lo necesito para Instagram.","compra","0","tibio"
"L00864","CHUCK_06","Dale, quiero contratar un bot para WhatsApp para Facebook. Cuáles son los pasos? Soy Andrés de Monterrey.","compra","0","tibio"
"L00865","CHUCK_01","Estoy listo para implementar en email ya. Arrancamos? Saludos.","compra","0","caliente"
"L00866","CHUCK_03","Estoy listo para avanzar. Me indican el proceso de alta? Soy Brenda. Quedo atento.","compra","0","tibio"
"L00867","CHUCK_08","Estoy listo para avanzar. Me indican el proceso de alta? Soy Natalia de Guadalajara.","compra","0","tibio"
"L00868","CHUCK_01","Me interesa contratar. Qué necesito para empezar? Gracias!. Soy Brenda de Santiago.","compra","0","frio"
"L00869","CHUCK_09","Listo, quiero contratar para la próxima semana. Qué falta para cerrarlo?","compra","0","caliente"
"L00870","CHUCK_09","Estoy listo para avanzar. Me indican el proceso de alta? Soy Julia de Buenos Aires. Gracias.","compra","0","tibio"
"L00871","CHUCK_03","Ok, quiero contratar. Coordinamos la puesta en marcha? Quedo atento. Manejo un presupuesto de 163 al mes aprox.","compra","1","tibio"
"L00872","CHUCK_09","Dale, quiero contratar un sistema para gestionar leads para web. Cuáles son los pasos? Soy Gabriel de Medellín. Saludos.","compra","0","tibio"
"L00873","CHUCK_01","Me interesa contratar. Qué necesito para empezar? Soy Mateo.","compra","0","frio"
"L00874","CHUCK_09","Quiero cerrar hoy. Me confirman los pasos finales? Soy Sofía. Gracias.","compra","0","caliente"
"L00875","CHUCK_09","Listo, quiero contratar para la próxima semana. Qué falta para cerrarlo? Soy Verónica.","compra","0","caliente"
"L00876","CHUCK_02","Estoy listo para avanzar. Me indican el proceso de alta? Gracias. Lo quiero para Facebook y mi rubro es e-commerce.","compra","0","tibio"
"L00877","CHUCK_06","Estoy listo para implementar en web ya. Arrancamos? Gracias!","compra","0","caliente"
"L00878","CHUCK_03","Listo, quiero contratar esta semana. Qué falta para cerrarlo? Soy Florencia de Bogotá. Quedo atento.","compra","0","caliente"
"L00879","CHUCK_07","Dale, quiero contratar un sistema para gestionar leads para Telegram. Cuáles son los pasos? Soy María de Guadalajara. Gracias!","compra","0","tibio"
"L00880","CHUCK_01","Estoy listo para avanzar. Me indican el proceso de alta? Saludos. Lo quiero para Instagram y mi rubro es estudio jurídico.","compra","0","tibio"
"L00881","CHUCK_10","Quiero avanzar con la compra. Cómo seguimos? Quedo atento. Es para una gimnasio y tenemos aprox 376 leads al mes.","compra","0","frio"
"L00882","CHUCK_06","Estoy listo para avanzar. Me indican el proceso de alta? Gracias!. Lo quiero para WhatsApp y mi rubro es turismo.","compra","0","tibio"
"L00883","CHUCK_06","Creo que quiero comprar. Cómo sería el proceso? Soy Mónica de Córdoba.","compra","0","frio"
"L00884","CHUCK_04","Quiero avanzar con la compra. Cómo seguimos? Soy Emilio de Medellín.","compra","0","frio"
"L00885","CHUCK_10","Estoy listo para avanzar. Me indican el proceso de alta? Soy Renata. Quedo atento. Idealmente me gustaria tenerlo listo este mes.","compra","0","tibio"
"L00886","CHUCK_08","Quiero avanzar con la compra. Cómo seguimos? Soy Julia de Guadalajara. Gracias!","compra","0","frio"
"L00887","CHUCK_09","Listo, quiero contratar hoy. Qué falta para cerrarlo? Soy Daniela de Córdoba. Gracias.","compra","0","caliente"
"L00888","CHUCK_08","Creo que quiero comprar. Cómo sería el proceso? Soy Iván de Lima. Quedo atento.","compra","0","frio"
"L00889","CHUCK_02","Quiero avanzar con la compra. Cómo seguimos? Soy Brenda de Córdoba. Gracias!","compra","0","frio"
"L00890","CHUCK_10","Ok, quiero contratar. Coordinamos la puesta en marcha? Soy Mónica.","compra","0","tibio"
"L00891","CHUCK_03","Quiero avanzar con la compra. Cómo seguimos? Soy Andrea. Gracias!","compra","0","frio"
"L00892","CHUCK_03","Me interesa contratar. Qué necesito para empezar? Soy Luis de CDMX.","compra","0","frio"
"L00893","CHUCK_01","Quiero cerrar hoy. Me confirman los pasos finales? Soy Fernando de CDMX. Gracias.","compra","0","caliente"
"L00894","CHUCK_02","Estoy listo para implementar en WhatsApp ya. Arrancamos? Soy Valentina. Saludos.","compra","0","caliente"
"L00895","CHUCK_10","Quiero cerrar hoy. Me confirman los pasos finales? Soy Sofía. Gracias!","compra","0","caliente"
"L00896","CHUCK_08","Ok, quiero contratar. Coordinamos la puesta en marcha? Saludos. Estoy en Guadalajara y lo necesito para WhatsApp.","compra","0","tibio"
"L00897","CHUCK_09","Creo que quiero comprar. Cómo sería el proceso? Soy Carlos.","compra","0","frio"
"L00898","CHUCK_05","Estoy listo para avanzar. Me indican el proceso de alta? Soy Andrea de CDMX. Gracias!","compra","0","tibio"
"L00899","CHUCK_04","Estoy listo para implementar en WhatsApp ya. Arrancamos? Soy Sergio.","compra","0","caliente"
"L00900","CHUCK_01","Quiero cerrar hoy. Me confirman los pasos finales? Soy Fernando de Santiago. Gracias.","compra","0","caliente"
"L00901","CHUCK_06","Estoy comparando: cuál es el costo mensual y anual? Soy Ricardo de CDMX. Gracias.","consulta_precio","1","tibio"
"L00902","CHUCK_07","Me pasás el precio y qué incluye cada plan? Quedo atento.","consulta_precio","1","tibio"
"L00903","CHUCK_05","Me pasás el costo aproximado? Gracias.","consulta_precio","1","frio"
"L00904","CHUCK_09","Necesito el precio final hoy para decidir. Quedo atento.","consulta_precio","1","caliente"
"L00905","CHUCK_09","Cuál es el precio?","consulta_precio","1","frio"
"L00906","CHUCK_05","Me pasás el precio y qué incluye cada plan? Soy Andrés de Córdoba. Quedo atento.","consulta_precio","1","tibio"
"L00907","CHUCK_03","Qué precio tiene para 452 leads/mes aprox? Soy Tomás de Bogotá. Saludos.","consulta_precio","1","tibio"
"L00908","CHUCK_02","Cuál es el precio? Gracias!","consulta_precio","1","frio"
"L00909","CHUCK_01","Necesito el precio final hoy para decidir. Gracias.","consulta_precio","1","caliente"
"L00910","CHUCK_06","Qué precio tiene para 321 leads/mes aprox? Soy Tomás. Gracias!","consulta_precio","1","tibio"
"L00911","CHUCK_07","Cuánto cuesta un bot para WhatsApp? Soy Iván. Quedo atento.","consulta_precio","1","frio"
"L00912","CHUCK_02","Me pasás el costo aproximado? Gracias. Lo quiero para Facebook y mi rubro es academia.","consulta_precio","1","frio"
"L00913","CHUCK_06","Estoy comparando: cuál es el costo mensual y anual? Soy Javier de CDMX. Saludos.","consulta_precio","1","tibio"
"L00914","CHUCK_08","Listo para cerrar: confirmame el costo total, por favor. Soy Mateo de Quito. Quedo atento.","consulta_precio","1","caliente"
"L00915","CHUCK_04","Listo para cerrar: confirmame el costo total, por favor. Quedo atento.","consulta_precio","1","caliente"
"L00916","CHUCK_07","Necesito el precio final hoy para decidir. Soy Alejandro.","consulta_precio","1","caliente"
"L00917","CHUCK_09","Quiero avanzar hoy: cuál es el precio final y cómo lo contratamos? Soy Ana. Gracias!","consulta_precio","1","caliente"
"L00918","CHUCK_03","Cuál es el precio? Soy Hugo de Lima. Gracias.","consulta_precio","1","frio"
"L00919","CHUCK_04","Qué precio tiene para 215 leads/mes aprox? Soy Andrés de Lima. Gracias!","consulta_precio","1","tibio"
"L00920","CHUCK_07","Estoy comparando: cuál es el costo mensual y anual? Soy Diego de Guadalajara. Quedo atento.","consulta_precio","1","tibio"
"L00921","CHUCK_03","Cuál es el precio? Soy Alejandro. Quedo atento.","consulta_precio","1","frio"
"L00922","CHUCK_04","Qué precio tiene para 446 leads/mes aprox? Soy Andrea de Lima. Quedo atento.","consulta_precio","1","tibio"
"L00923","CHUCK_03","Listo para cerrar: confirmame el costo total, por favor. Soy Natalia de Buenos Aires. Gracias!","consulta_precio","1","caliente"
"L00924","CHUCK_05","Qué precio tiene para 489 leads/mes aprox? Soy Laura. Saludos.","consulta_precio","1","tibio"
"L00925","CHUCK_10","Quiero avanzar hoy: cuál es el precio final y cómo lo contratamos? Gracias!","consulta_precio","1","caliente"
"L00926","CHUCK_09","Cuánto cuesta una automatización de atención?","consulta_precio","1","frio"
"L00927","CHUCK_03","Qué precio tiene para 464 leads/mes aprox? Soy Lucía de Buenos Aires.","consulta_precio","1","tibio"
"L00928","CHUCK_05","Me pasás el costo aproximado? Saludos.","consulta_precio","1","frio"
"L00929","CHUCK_07","Me pasás el precio y qué incluye cada plan? Soy Andrea de Guadalajara. Gracias.","consulta_precio","1","tibio"
"L00930","CHUCK_04","Cuánto cuesta un asistente con IA? Gracias!","consulta_precio","1","frio"
"L00931","CHUCK_10","Cuánto cuesta un asistente con IA? Soy Diego. Gracias!","consulta_precio","1","frio"
"L00932","CHUCK_09","Cuál es el precio? Gracias!. Idealmente me gustaria tenerlo listo hoy.","consulta_precio","1","frio"
"L00933","CHUCK_02","Cuál es el precio? Quedo atento.","consulta_precio","1","frio"
"L00934","CHUCK_10","Necesito el precio final hoy para decidir. Soy Verónica. Quedo atento.","consulta_precio","1","caliente"
"L00935","CHUCK_02","Cuánto cuesta un sistema para gestionar leads? Soy Emilio. Saludos.","consulta_precio","1","frio"
"L00936","CHUCK_08","Me pasás el costo aproximado? Soy Iván de Buenos Aires.","consulta_precio","1","frio"
"L00937","CHUCK_04","Listo para cerrar: confirmame el costo total, por favor. Gracias!","consulta_precio","1","caliente"
"L00938","CHUCK_04","Me pasás el precio y qué incluye cada plan? Soy Paula de Guadalajara. Gracias!","consulta_precio","1","tibio"
"L00939","CHUCK_02","Me pasás el costo aproximado?","consulta_precio","1","frio"
"L00940","CHUCK_07","Me pasás el costo aproximado? Soy Emilio de Córdoba. Quedo atento.","consulta_precio","1","frio"
"L00941","CHUCK_10","Me pasás el precio y qué incluye cada plan? Gracias!","consulta_precio","1","tibio"
"L00942","CHUCK_03","Listo para cerrar: confirmame el costo total, por favor. Soy Mateo. Gracias.","consulta_precio","1","caliente"
"L00943","CHUCK_07","Listo para cerrar: confirmame el costo total, por favor. Soy Renata de Medellín. Gracias.","consulta_precio","1","caliente"
"L00944","CHUCK_10","Cuánto cuesta un bot para WhatsApp? Soy Camila de Bogotá.","consulta_precio","1","frio"
"L00945","CHUCK_05","Necesito el precio final hoy para decidir.","consulta_precio","1","caliente"
"L00946","CHUCK_05","Necesito el precio final hoy para decidir. Saludos.","consulta_precio","1","caliente"
"L00947","CHUCK_09","Qué precio tiene para 278 leads/mes aprox? Soy Martín de Medellín. Gracias.","consulta_precio","1","tibio"
"L00948","CHUCK_06","Cuál es el precio?. Idealmente me gustaria tenerlo listo para la próxima semana.","consulta_precio","1","frio"
"L00949","CHUCK_06","Me pasás el precio y qué incluye cada plan? Soy Renata de CDMX. Gracias.","consulta_precio","1","tibio"
"L00950","CHUCK_06","Quiero avanzar hoy: cuál es el precio final y cómo lo contratamos? Soy Sergio de Guadalajara. Gracias!","consulta_precio","1","caliente"
"L00951","CHUCK_01","Necesito el precio final hoy para decidir. Soy Hugo de CDMX. Gracias!","consulta_precio","1","caliente"
"L00952","CHUCK_08","Cuánto cuesta un sistema para gestionar leads?","consulta_precio","1","frio"
"L00953","CHUCK_08","Listo para cerrar: confirmame el costo total, por favor. Soy Emilio. Gracias!","consulta_precio","1","caliente"
"L00954","CHUCK_08","Cuál es el precio? Soy Camila. Gracias.","consulta_precio","1","frio"
"L00955","CHUCK_01","Cuál es el precio? Saludos.","consulta_precio","1","frio"
"L00956","CHUCK_03","Me pasás el precio y qué incluye cada plan? Soy María de Buenos Aires. Saludos.","consulta_precio","1","tibio"
"L00957","CHUCK_07","Me pasás el precio y qué incluye cada plan? Soy Camila.","consulta_precio","1","tibio"
"L00958","CHUCK_08","Cuánto cuesta un bot multicanal? Soy Alejandro de Monterrey. Saludos.","consulta_precio","1","frio"
"L00959","CHUCK_06","Me pasás el precio y qué incluye cada plan? Soy Andrés de CDMX. Gracias!","consulta_precio","1","tibio"
"L00960","CHUCK_02","Qué precio tiene para 335 leads/mes aprox?","consulta_precio","1","tibio"
"L00961","CHUCK_03","Necesito el precio final hoy para decidir. Soy Daniela. Quedo atento.","consulta_precio","1","caliente"
"L00962","CHUCK_02","Necesito el precio final hoy para decidir. Saludos. Idealmente me gustaria tenerlo listo para la próxima semana.","consulta_precio","1","caliente"
"L00963","CHUCK_08","Me pasás el costo aproximado? Soy Emilio. Gracias.","consulta_precio","1","frio"
"L00964","CHUCK_03","Quiero avanzar hoy: cuál es el precio final y cómo lo contratamos? Soy Laura. Gracias!","consulta_precio","1","caliente"
"L00965","CHUCK_08","Listo para cerrar: confirmame el costo total, por favor. Soy Pablo. Quedo atento.","consulta_precio","1","caliente"
"L00966","CHUCK_08","Necesito el precio final hoy para decidir. Soy Florencia de Guadalajara. Saludos.","consulta_precio","1","caliente"
"L00967","CHUCK_06","Quiero avanzar hoy: cuál es el precio final y cómo lo contratamos? Soy Camila de Guadalajara. Quedo atento.","consulta_precio","1","caliente"
"L00968","CHUCK_08","Me pasás el costo aproximado? Soy Mateo. Quedo atento.","consulta_precio","1","frio"
"L00969","CHUCK_05","Cuál es el precio? Soy Emilio de Buenos Aires. Quedo atento.","consulta_precio","1","frio"
"L00970","CHUCK_01","Me pasás el precio y qué incluye cada plan? Soy Emilio. Saludos.","consulta_precio","1","tibio"
"L00971","CHUCK_10","Qué precio tiene para 479 leads/mes aprox? Saludos.","consulta_precio","1","tibio"
"L00972","CHUCK_04","Cuánto cuesta un bot para WhatsApp? Saludos.","consulta_precio","1","frio"
"L00973","CHUCK_02","Me pasás el costo aproximado? Soy Diego de Córdoba. Gracias.","consulta_precio","1","frio"
"L00974","CHUCK_01","Quiero avanzar hoy: cuál es el precio final y cómo lo contratamos? Soy Javier de Medellín.","consulta_precio","1","caliente"
"L00975","CHUCK_05","Me pasás el costo aproximado? Gracias!","consulta_precio","1","frio"
"L00976","CHUCK_07","Me pasás el precio y qué incluye cada plan? Soy Andrés de Buenos Aires. Saludos.","consulta_precio","1","tibio"
"L00977","CHUCK_03","Quiero avanzar hoy: cuál es el precio final y cómo lo contratamos? Soy Pablo. Quedo atento.","consulta_precio","1","caliente"
"L00978","CHUCK_10","Quiero avanzar hoy: cuál es el precio final y cómo lo contratamos? Soy Andrés. Quedo atento.","consulta_precio","1","caliente"
"L00979","CHUCK_02","Estoy comparando: cuál es el costo mensual y anual? Saludos.","consulta_precio","1","tibio"
"L00980","CHUCK_07","Qué precio tiene para 149 leads/mes aprox? Soy Paula de Lima. Gracias.","consulta_precio","1","tibio"
"L00981","CHUCK_08","Me pasás el precio y qué incluye cada plan? Soy Sebastián. Quedo atento.","consulta_precio","1","tibio"
"L00982","CHUCK_09","Qué precio tiene para 211 leads/mes aprox? Soy Iván.","consulta_precio","1","tibio"
"L00983","CHUCK_01","Quiero avanzar hoy: cuál es el precio final y cómo lo contratamos? Gracias.","consulta_precio","1","caliente"
"L00984","CHUCK_09","Me pasás el precio y qué incluye cada plan? Soy Gabriel de Córdoba. Gracias!","consulta_precio","1","tibio"
"L00985","CHUCK_10","Necesito el precio final hoy para decidir. Quedo atento. Manejo un presupuesto de 1154 al mes aprox.","consulta_precio","1","caliente"
"L00986","CHUCK_06","Qué precio tiene para 482 leads/mes aprox? Soy Brenda de Quito. Quedo atento.","consulta_precio","1","tibio"
"L00987","CHUCK_08","Necesito el precio final hoy para decidir. Soy Valentina. Quedo atento.","consulta_precio","1","caliente"
"L00988","CHUCK_06","Cuál es el precio? Soy Hugo de CDMX.","consulta_precio","1","frio"
"L00989","CHUCK_04","Quiero avanzar hoy: cuál es el precio final y cómo lo contratamos?","consulta_precio","1","caliente"
"L00990","CHUCK_03","Quiero avanzar hoy: cuál es el precio final y cómo lo contratamos? Soy Sergio. Gracias.","consulta_precio","1","caliente"
"L00991","CHUCK_06","Me pasás el precio y qué incluye cada plan? Saludos.","consulta_precio","1","tibio"
"L00992","CHUCK_03","Me pasás el costo aproximado? Soy Pablo. Saludos.","consulta_precio","1","frio"
"L00993","CHUCK_03","Me pasás el precio y qué incluye cada plan? Soy Andrea. Gracias!","consulta_precio","1","tibio"
"L00994","CHUCK_06","Me pasás el precio y qué incluye cada plan? Soy Florencia.","consulta_precio","1","tibio"
"L00995","CHUCK_06","Cuánto cuesta un bot multicanal? Soy Florencia de Monterrey. Gracias!","consulta_precio","1","frio"
"L00996","CHUCK_03","Cuál es el precio? Soy Carlos de Buenos Aires. Quedo atento.","consulta_precio","1","frio"
"L00997","CHUCK_08","Qué precio tiene para 26 leads/mes aprox? Soy Lucía. Saludos.","consulta_precio","1","tibio"
"L00998","CHUCK_07","Me pasás el precio y qué incluye cada plan?","consulta_precio","1","tibio"
"L00999","CHUCK_02","Estoy comparando: cuál es el costo mensual y anual?","consulta_precio","1","tibio"
"L01000","CHUCK_05","Cuál es el precio? Gracias!. Manejo un presupuesto de 969 al mes aprox.","consulta_precio","1","frio"
"L01001","CHUCK_08","Necesito el precio final hoy para decidir. Soy Renata. Gracias!","consulta_precio","1","caliente"
"L01002","CHUCK_09","Quiero avanzar hoy: cuál es el precio final y cómo lo contratamos? Soy Javier de Medellín. Estoy en Medellín y lo necesito para Facebook.","consulta_precio","1","caliente"
"L01003","CHUCK_09","Listo para cerrar: confirmame el costo total, por favor. Soy Sofía. Saludos.","consulta_precio","1","caliente"
"L01004","CHUCK_09","Cuál es el precio? Gracias!. Manejo un presupuesto de 515 al mes aprox.","consulta_precio","1","frio"
"L01005","CHUCK_08","Necesito el precio final hoy para decidir. Quedo atento. Es para una agencia y tenemos aprox 356 leads al mes.","consulta_precio","1","caliente"
"L01006","CHUCK_02","Qué precio tiene para 468 leads/mes aprox? Soy Mónica. Gracias.","consulta_precio","1","tibio"
"L01007","CHUCK_01","Quiero avanzar hoy: cuál es el precio final y cómo lo contratamos? Soy Raúl de Bogotá. Gracias!","consulta_precio","1","caliente"
"L01008","CHUCK_07","Me pasás el costo aproximado? Soy Hugo de Santiago. Quedo atento.","consulta_precio","1","frio"
"L01009","CHUCK_09","Me pasás el costo aproximado? Soy Martín de CDMX. Saludos.","consulta_precio","1","frio"
"L01010","CHUCK_05","Cuánto cuesta un asistente con IA? Soy Martín. Saludos.","consulta_precio","1","frio"
"L01011","CHUCK_08","Estoy comparando: cuál es el costo mensual y anual? Saludos. Manejo un presupuesto de 260 al mes aprox.","consulta_precio","1","tibio"
"L01012","CHUCK_01","Me pasás el costo aproximado? Gracias. Estoy en Quito y lo necesito para WhatsApp.","consulta_precio","1","frio"
"L01013","CHUCK_08","Cuánto cuesta un bot multicanal? Soy Hugo. Saludos.","consulta_precio","1","frio"
"L01014","CHUCK_10","Me pasás el costo aproximado? Soy Lucía. Quedo atento.","consulta_precio","1","frio"
"L01015","CHUCK_07","Qué precio tiene para 224 leads/mes aprox? Soy Ana de Buenos Aires.","consulta_precio","1","tibio"
"L01016","CHUCK_04","Necesito el precio final hoy para decidir. Soy Brenda. Gracias.","consulta_precio","1","caliente"
"L01017","CHUCK_06","Cuál es el precio? Soy Lucía. Gracias!","consulta_precio","1","frio"
"L01018","CHUCK_03","Me pasás el precio y qué incluye cada plan? Soy Emilio. Quedo atento.","consulta_precio","1","tibio"
"L01019","CHUCK_03","Estoy comparando: cuál es el costo mensual y anual?. Soy Natalia de Medellín.","consulta_precio","1","tibio"
"L01020","CHUCK_08","Listo para cerrar: confirmame el costo total, por favor. Gracias!. Lo quiero para email y mi rubro es gimnasio.","consulta_precio","1","caliente"
"L01021","CHUCK_04","Quiero avanzar hoy: cuál es el precio final y cómo lo contratamos? Gracias!. Soy Diego de Bogotá.","consulta_precio","1","caliente"
"L01022","CHUCK_01","Me pasás el costo aproximado? Soy Raúl de Buenos Aires.","consulta_precio","1","frio"
"L01023","CHUCK_03","Necesito el precio final hoy para decidir. Soy Alejandro. Quedo atento.","consulta_precio","1","caliente"
"L01024","CHUCK_07","Quiero avanzar hoy: cuál es el precio final y cómo lo contratamos?. Lo quiero para WhatsApp y mi rubro es estudio jurídico.","consulta_precio","1","caliente"
"L01025","CHUCK_08","Cuál es el precio? Soy Carlos de CDMX. Quedo atento.","consulta_precio","1","frio"
"L01026","CHUCK_06","Necesito el precio final hoy para decidir. Soy Mónica.","consulta_precio","1","caliente"
"L01027","CHUCK_07","Estoy comparando: cuál es el costo mensual y anual? Soy Brenda. Saludos.","consulta_precio","1","tibio"
"L01028","CHUCK_09","Me pasás el precio y qué incluye cada plan? Soy Paula de Bogotá.","consulta_precio","1","tibio"
"L01029","CHUCK_04","Qué precio tiene para 422 leads/mes aprox? Soy Andrés. Gracias.","consulta_precio","1","tibio"
"L01030","CHUCK_04","Listo para cerrar: confirmame el costo total, por favor.","consulta_precio","1","caliente"
"L01031","CHUCK_10","Estoy comparando: cuál es el costo mensual y anual? Soy Martín. Gracias.","consulta_precio","1","tibio"
"L01032","CHUCK_08","Qué precio tiene para 351 leads/mes aprox? Soy Verónica.","consulta_precio","1","tibio"
"L01033","CHUCK_05","Necesito el precio final hoy para decidir. Soy Mateo de Monterrey.","consulta_precio","1","caliente"
"L01034","CHUCK_05","Qué precio tiene para 426 leads/mes aprox? Saludos.","consulta_precio","1","tibio"
"L01035","CHUCK_10","Me pasás el costo aproximado? Saludos. Soy Sergio de Bogotá.","consulta_precio","1","frio"
"L01036","CHUCK_03","Qué precio tiene para 235 leads/mes aprox? Gracias.","consulta_precio","1","tibio"
"L01037","CHUCK_08","Qué precio tiene para 81 leads/mes aprox? Gracias.","consulta_precio","1","tibio"
"L01038","CHUCK_09","Me pasás el costo aproximado? Soy Andrés. Gracias.","consulta_precio","1","frio"
"L01039","CHUCK_04","Qué precio tiene para 401 leads/mes aprox?","consulta_precio","1","tibio"
"L01040","CHUCK_02","Estoy comparando: cuál es el costo mensual y anual? Soy Emilio de Lima.","consulta_precio","1","tibio"
"L01041","CHUCK_08","Estoy comparando: cuál es el costo mensual y anual? Soy Carlos. Gracias.","consulta_precio","1","tibio"
"L01042","CHUCK_02","Me pasás el costo aproximado? Soy Pablo de Córdoba. Saludos.","consulta_precio","1","frio"
"L01043","CHUCK_01","Cuál es el precio? Soy Valentina de Buenos Aires. Gracias.","consulta_precio","1","frio"
"L01044","CHUCK_07","Necesito el precio final hoy para decidir. Manejo un presupuesto de 435 al mes aprox.","consulta_precio","1","caliente"
"L01045","CHUCK_10","Qué precio tiene para 156 leads/mes aprox? Soy Hugo.","consulta_precio","1","tibio"
"L01046","CHUCK_03","Me pasás el precio y qué incluye cada plan? Saludos. Idealmente me gustaria tenerlo listo este mes.","consulta_precio","1","tibio"
"L01047","CHUCK_05","Listo para cerrar: confirmame el costo total, por favor. Soy Mónica de Medellín.","consulta_precio","1","caliente"
"L01048","CHUCK_02","Cuál es el precio? Soy Gabriel. Quedo atento.","consulta_precio","1","frio"
"L01049","CHUCK_02","Me pasás el costo aproximado? Soy Diego.","consulta_precio","1","frio"
"L01050","CHUCK_06","Cuál es el precio? Soy Brenda. Quedo atento.","consulta_precio","1","frio"
"L01051","CHUCK_02","Listo para cerrar: confirmame el costo total, por favor. Soy Sergio. Saludos.","consulta_precio","1","caliente"
"L01052","CHUCK_05","Estoy comparando: cuál es el costo mensual y anual? Soy Sergio de Buenos Aires. Saludos.","consulta_precio","1","tibio"
"L01053","CHUCK_09","Necesito el precio final hoy para decidir. Soy Carolina de Santiago. Gracias.","consulta_precio","1","caliente"
"L01054","CHUCK_07","Quiero avanzar hoy: cuál es el precio final y cómo lo contratamos? Gracias. Idealmente me gustaria tenerlo listo para la próxima semana.","consulta_precio","1","caliente"
"L01055","CHUCK_07","Me pasás el costo aproximado? Soy Emilio de Medellín. Gracias.","consulta_precio","1","frio"
"L01056","CHUCK_09","Estoy comparando: cuál es el costo mensual y anual? Gracias!","consulta_precio","1","tibio"
"L01057","CHUCK_05","Me pasás el precio y qué incluye cada plan? Soy Fernando. Saludos.","consulta_precio","1","tibio"
"L01058","CHUCK_09","Listo para cerrar: confirmame el costo total, por favor. Soy Julia. Gracias.","consulta_precio","1","caliente"
"L01059","CHUCK_01","Necesito el precio final hoy para decidir. Gracias. Lo quiero para web y mi rubro es inmobiliaria.","consulta_precio","1","caliente"
"L01060","CHUCK_02","Cuánto cuesta una automatización de atención? Soy Martín. Gracias!","consulta_precio","1","frio"
"L01061","CHUCK_04","Cuál es el precio? Soy Emilio. Saludos.","consulta_precio","1","frio"
"L01062","CHUCK_02","Cuál es el precio? Soy Verónica de Quito. Gracias!","consulta_precio","1","frio"
"L01063","CHUCK_03","Me pasás el costo aproximado? Soy Carolina de Quito.","consulta_precio","1","frio"
"L01064","CHUCK_09","Qué precio tiene para 296 leads/mes aprox? Soy Verónica. Gracias!","consulta_precio","1","tibio"
"L01065","CHUCK_05","Necesito el precio final hoy para decidir. Soy Florencia de Guadalajara. Gracias!","consulta_precio","1","caliente"
"L01066","CHUCK_01","Estoy comparando: cuál es el costo mensual y anual? Gracias!. Estoy en Bogotá y lo necesito para Telegram.","consulta_precio","1","tibio"
"L01067","CHUCK_01","Qué precio tiene para 187 leads/mes aprox? Soy Iván. Quedo atento.","consulta_precio","1","tibio"
"L01068","CHUCK_05","Me pasás el costo aproximado? Soy Daniela de Córdoba. Saludos.","consulta_precio","1","frio"
"L01069","CHUCK_10","Listo para cerrar: confirmame el costo total, por favor. Soy Diego de Santiago. Saludos.","consulta_precio","1","caliente"
"L01070","CHUCK_01","Me pasás el precio y qué incluye cada plan? Gracias.","consulta_precio","1","tibio"
"L01071","CHUCK_03","Me pasás el costo aproximado? Soy Verónica.","consulta_precio","1","frio"
"L01072","CHUCK_05","Cuánto cuesta un bot para WhatsApp? Soy Pablo de Guadalajara. Saludos.","consulta_precio","1","frio"
"L01073","CHUCK_06","Cuál es el precio? Gracias.","consulta_precio","1","frio"
"L01074","CHUCK_08","Estoy comparando: cuál es el costo mensual y anual? Gracias.","consulta_precio","1","tibio"
"L01075","CHUCK_05","Qué precio tiene para 202 leads/mes aprox? Soy Florencia de Quito. Quedo atento.","consulta_precio","1","tibio"
"L01076","CHUCK_04","Me pasás el precio y qué incluye cada plan? Soy Martín de Quito.","consulta_precio","1","tibio"
"L01077","CHUCK_10","Qué precio tiene para 302 leads/mes aprox? Soy Mónica. Saludos.","consulta_precio","1","tibio"
"L01078","CHUCK_09","Qué precio tiene para 162 leads/mes aprox? Gracias.","consulta_precio","1","tibio"
"L01079","CHUCK_07","Quiero avanzar hoy: cuál es el precio final y cómo lo contratamos? Soy Patricia. Gracias!","consulta_precio","1","caliente"
"L01080","CHUCK_01","Me pasás el costo aproximado? Gracias!. Estoy en CDMX y lo necesito para Instagram.","consulta_precio","1","frio"
"L01081","CHUCK_04","Quiero avanzar hoy: cuál es el precio final y cómo lo contratamos? Soy Diego de Medellín. Saludos.","consulta_precio","1","caliente"
"L01082","CHUCK_09","Cuál es el precio? Soy Verónica.","consulta_precio","1","frio"
"L01083","CHUCK_05","Quiero avanzar hoy: cuál es el precio final y cómo lo contratamos? Soy Julia. Quedo atento.","consulta_precio","1","caliente"
"L01084","CHUCK_09","Cuál es el precio? Saludos. Idealmente me gustaria tenerlo listo este mes.","consulta_precio","1","frio"
"L01085","CHUCK_02","Cuánto cuesta un asistente con IA? Soy Nicolás de CDMX. Saludos.","consulta_precio","1","frio"
"L01086","CHUCK_06","Listo para cerrar: confirmame el costo total, por favor. Soy María de Medellín. Gracias!","consulta_precio","1","caliente"
"L01087","CHUCK_05","Me pasás el costo aproximado? Soy Andrea.","consulta_precio","1","frio"
"L01088","CHUCK_10","Qué precio tiene para 326 leads/mes aprox? Saludos.","consulta_precio","1","tibio"
"L01089","CHUCK_01","Cuánto cuesta un bot para WhatsApp? Soy Mónica. Gracias!","consulta_precio","1","frio"
"L01090","CHUCK_04","Cuál es el precio?. Lo quiero para web y mi rubro es turismo.","consulta_precio","1","frio"
"L01091","CHUCK_05","Quiero avanzar hoy: cuál es el precio final y cómo lo contratamos? Soy Valentina.","consulta_precio","1","caliente"
"L01092","CHUCK_02","Quiero avanzar hoy: cuál es el precio final y cómo lo contratamos? Quedo atento.","consulta_precio","1","caliente"
"L01093","CHUCK_10","Cuánto cuesta una automatización de atención? Soy Raúl de CDMX.","consulta_precio","1","frio"
"L01094","CHUCK_06","Qué precio tiene para 211 leads/mes aprox?","consulta_precio","1","tibio"
"L01095","CHUCK_05","Cuánto cuesta una automatización de atención? Soy Emilio. Gracias!","consulta_precio","1","frio"
"L01096","CHUCK_02","Me pasás el precio y qué incluye cada plan? Soy Sergio de Quito. Quedo atento.","consulta_precio","1","tibio"
"L01097","CHUCK_08","Cuál es el precio? Soy Laura de Bogotá. Gracias!","consulta_precio","1","frio"
"L01098","CHUCK_06","Cuál es el precio? Soy Florencia de CDMX. Gracias!","consulta_precio","1","frio"
"L01099","CHUCK_01","Cuánto cuesta una automatización de atención? Soy Patricia. Gracias!","consulta_precio","1","frio"
"L01100","CHUCK_07","Me pasás el precio y qué incluye cada plan? Soy Camila. Saludos.","consulta_precio","1","tibio"
"L01101","CHUCK_06","Estoy comparando: cuál es el costo mensual y anual? Soy Mónica.","consulta_precio","1","tibio"
"L01102","CHUCK_08","Me pasás el precio y qué incluye cada plan? Quedo atento. Soy Brenda de Bogotá.","consulta_precio","1","tibio"
"L01103","CHUCK_07","Me pasás el costo aproximado? Soy Natalia. Gracias!","consulta_precio","1","frio"
"L01104","CHUCK_08","Cuánto cuesta un chatbot para ventas? Soy Andrea. Gracias!","consulta_precio","1","frio"
"L01105","CHUCK_03","Cuánto cuesta un bot para WhatsApp? Soy Pablo de Buenos Aires. Gracias.","consulta_precio","1","frio"
"L01106","CHUCK_09","Necesito el precio final hoy para decidir. Soy Claudia de Monterrey. Quedo atento.","consulta_precio","1","caliente"
"L01107","CHUCK_04","Me pasás el precio y qué incluye cada plan? Soy Claudia. Quedo atento.","consulta_precio","1","tibio"
"L01108","CHUCK_09","Me pasás el precio y qué incluye cada plan? Soy Julia de CDMX. Gracias.","consulta_precio","1","tibio"
"L01109","CHUCK_05","Cuál es el precio? Saludos. Estoy en Lima y lo necesito para Instagram.","consulta_precio","1","frio"
"L01110","CHUCK_05","Listo para cerrar: confirmame el costo total, por favor. Soy Andrea. Gracias!","consulta_precio","1","caliente"
"L01111","CHUCK_10","Cuál es el precio? Soy Alejandro. Saludos.","consulta_precio","1","frio"
"L01112","CHUCK_10","Listo para cerrar: confirmame el costo total, por favor. Soy Laura. Quedo atento.","consulta_precio","1","caliente"
"L01113","CHUCK_01","Estoy comparando: cuál es el costo mensual y anual? Gracias. Lo quiero para Facebook y mi rubro es turismo.","consulta_precio","1","tibio"
"L01114","CHUCK_08","Me pasás el costo aproximado? Soy Andrea. Quedo atento.","consulta_precio","1","frio"
"L01115","CHUCK_05","Cuánto cuesta una automatización de atención? Saludos.","consulta_precio","1","frio"
"L01116","CHUCK_04","Cuánto cuesta un bot multicanal? Soy Julia de CDMX. Gracias.","consulta_precio","1","frio"
"L01117","CHUCK_01","Estoy comparando: cuál es el costo mensual y anual? Gracias. Manejo un presupuesto de 1334 al mes aprox.","consulta_precio","1","tibio"
"L01118","CHUCK_09","Listo para cerrar: confirmame el costo total, por favor. Soy Nicolás de Bogotá. Quedo atento.","consulta_precio","1","caliente"
"L01119","CHUCK_05","Necesito el precio final hoy para decidir. Quedo atento. Es para una turismo y tenemos aprox 52 leads al mes.","consulta_precio","1","caliente"
"L01120","CHUCK_03","Cuál es el precio? Soy Natalia de CDMX.","consulta_precio","1","frio"
"L01121","CHUCK_03","Qué precio tiene para 456 leads/mes aprox? Quedo atento.","consulta_precio","1","tibio"
"L01122","CHUCK_02","Me pasás el costo aproximado? Gracias!. Lo quiero para Instagram y mi rubro es e-commerce.","consulta_precio","1","frio"
"L01123","CHUCK_05","Listo para cerrar: confirmame el costo total, por favor. Gracias.","consulta_precio","1","caliente"
"L01124","CHUCK_06","Qué precio tiene para 187 leads/mes aprox? Soy María.","consulta_precio","1","tibio"
"L01125","CHUCK_03","Quiero avanzar hoy: cuál es el precio final y cómo lo contratamos? Quedo atento. Manejo un presupuesto de 1499 al mes aprox.","consulta_precio","1","caliente"
"L01126","CHUCK_02","Cuánto cuesta un asistente con IA? Soy Daniela de CDMX.","consulta_precio","1","frio"
"L01127","CHUCK_06","Estoy comparando: cuál es el costo mensual y anual? Soy Pablo de Santiago.","consulta_precio","1","tibio"
"L01128","CHUCK_10","Qué precio tiene para 266 leads/mes aprox? Quedo atento.","consulta_precio","1","tibio"
"L01129","CHUCK_06","Me pasás el costo aproximado? Soy Gabriel. Quedo atento.","consulta_precio","1","frio"
"L01130","CHUCK_07","Me pasás el costo aproximado? Soy Mateo de Buenos Aires. Gracias!","consulta_precio","1","frio"
"L01131","CHUCK_02","Listo para cerrar: confirmame el costo total, por favor. Gracias. Manejo un presupuesto de 203 al mes aprox.","consulta_precio","1","caliente"
"L01132","CHUCK_06","Me pasás el precio y qué incluye cada plan? Soy Laura. Gracias.","consulta_precio","1","tibio"
"L01133","CHUCK_02","Me pasás el costo aproximado? Saludos. Idealmente me gustaria tenerlo listo esta semana.","consulta_precio","1","frio"
"L01134","CHUCK_08","Listo para cerrar: confirmame el costo total, por favor. Saludos.","consulta_precio","1","caliente"
"L01135","CHUCK_04","Qué precio tiene para 275 leads/mes aprox? Soy Sergio de Santiago. Gracias.","consulta_precio","1","tibio"
"L01136","CHUCK_04","Cuál es el precio? Soy Raúl de Lima. Quedo atento.","consulta_precio","1","frio"
"L01137","CHUCK_09","Listo para cerrar: confirmame el costo total, por favor. Gracias!. Estoy en CDMX y lo necesito para web.","consulta_precio","1","caliente"
"L01138","CHUCK_09","Me pasás el precio y qué incluye cada plan? Soy Alejandro. Quedo atento.","consulta_precio","1","tibio"
"L01139","CHUCK_08","Cuánto cuesta un bot multicanal? Soy Camila. Gracias!","consulta_precio","1","frio"
"L01140","CHUCK_07","Quiero avanzar hoy: cuál es el precio final y cómo lo contratamos? Soy Verónica. Gracias!","consulta_precio","1","caliente"
"L01141","CHUCK_07","Listo para cerrar: confirmame el costo total, por favor. Soy Hugo. Quedo atento.","consulta_precio","1","caliente"
"L01142","CHUCK_04","Cuánto cuesta un sistema para gestionar leads?. Es para una inmobiliaria y tenemos aprox 482 leads al mes.","consulta_precio","1","frio"
"L01143","CHUCK_02","Quiero avanzar hoy: cuál es el precio final y cómo lo contratamos? Gracias!. Es para una estudio jurídico y tenemos aprox 93 leads al mes.","consulta_precio","1","caliente"
"L01144","CHUCK_07","Necesito el precio final hoy para decidir. Soy Mónica de Bogotá. Quedo atento.","consulta_precio","1","caliente"
"L01145","CHUCK_04","Cuál es el precio? Saludos. Soy Florencia de Lima.","consulta_precio","1","frio"
"L01146","CHUCK_05","Quiero avanzar hoy: cuál es el precio final y cómo lo contratamos? Gracias!. Es para una restaurante y tenemos aprox 374 leads al mes.","consulta_precio","1","caliente"
"L01147","CHUCK_04","Cuánto cuesta un bot para WhatsApp? Soy Carolina de Bogotá. Quedo atento.","consulta_precio","1","frio"
"L01148","CHUCK_03","Cuánto cuesta un chatbot para ventas? Soy Camila de Córdoba.","consulta_precio","1","frio"
"L01149","CHUCK_03","Me pasás el precio y qué incluye cada plan? Soy Gabriel de Quito. Gracias.","consulta_precio","1","tibio"
"L01150","CHUCK_06","Cuánto cuesta una automatización de atención? Gracias.","consulta_precio","1","frio"
"L01151","CHUCK_08","Quiero avanzar hoy: cuál es el precio final y cómo lo contratamos? Gracias!. Es para una estudio jurídico y tenemos aprox 169 leads al mes.","consulta_precio","1","caliente"
"L01152","CHUCK_03","Necesito el precio final hoy para decidir. Gracias. Manejo un presupuesto de 1231 al mes aprox.","consulta_precio","1","caliente"
"L01153","CHUCK_08","Listo para cerrar: confirmame el costo total, por favor. Es para una agencia y tenemos aprox 483 leads al mes.","consulta_precio","1","caliente"
"L01154","CHUCK_10","Quiero avanzar hoy: cuál es el precio final y cómo lo contratamos? Gracias. Idealmente me gustaria tenerlo listo este mes.","consulta_precio","1","caliente"
"L01155","CHUCK_06","Cuál es el precio? Soy Daniela de Santiago.","consulta_precio","1","frio"
"L01156","CHUCK_05","Listo para cerrar: confirmame el costo total, por favor. Soy Iván de Córdoba.","consulta_precio","1","caliente"
"L01157","CHUCK_04","Quiero avanzar hoy: cuál es el precio final y cómo lo contratamos? Soy Julia de Bogotá. Saludos.","consulta_precio","1","caliente"
"L01158","CHUCK_09","Me pasás el costo aproximado? Gracias. Es para una concesionaria y tenemos aprox 176 leads al mes.","consulta_precio","1","frio"
"L01159","CHUCK_06","Necesito el precio final hoy para decidir. Soy María. Gracias.","consulta_precio","1","caliente"
"L01160","CHUCK_03","Quiero avanzar hoy: cuál es el precio final y cómo lo contratamos? Soy Florencia. Saludos.","consulta_precio","1","caliente"
"L01161","CHUCK_04","Quiero avanzar hoy: cuál es el precio final y cómo lo contratamos? Soy Sebastián de CDMX. Quedo atento.","consulta_precio","1","caliente"
"L01162","CHUCK_08","Quiero avanzar hoy: cuál es el precio final y cómo lo contratamos? Soy Nicolás. Quedo atento.","consulta_precio","1","caliente"
"L01163","CHUCK_05","Cuánto cuesta un asistente con IA? Soy Fernando. Gracias!","consulta_precio","1","frio"
"L01164","CHUCK_09","Cuánto cuesta un bot para WhatsApp? Gracias.","consulta_precio","1","frio"
"L01165","CHUCK_08","Estoy comparando: cuál es el costo mensual y anual? Gracias. Soy Diego de Santiago.","consulta_precio","1","tibio"
"L01166","CHUCK_04","Listo para cerrar: confirmame el costo total, por favor. Soy Renata de CDMX. Quedo atento.","consulta_precio","1","caliente"
"L01167","CHUCK_09","Estoy comparando: cuál es el costo mensual y anual? Soy Paula. Quedo atento.","consulta_precio","1","tibio"
"L01168","CHUCK_04","Qué precio tiene para 21 leads/mes aprox? Quedo atento.","consulta_precio","1","tibio"
"L01169","CHUCK_02","Cuánto cuesta una automatización de atención? Saludos. Es para una e-commerce y tenemos aprox 233 leads al mes.","consulta_precio","1","frio"
"L01170","CHUCK_05","Necesito el precio final hoy para decidir. Lo quiero para web y mi rubro es agencia.","consulta_precio","1","caliente"
"L01171","CHUCK_05","Listo para cerrar: confirmame el costo total, por favor. Soy Julia. Quedo atento.","consulta_precio","1","caliente"
"L01172","CHUCK_08","Qué precio tiene para 56 leads/mes aprox?","consulta_precio","1","tibio"
"L01173","CHUCK_10","Listo para cerrar: confirmame el costo total, por favor. Soy Laura. Quedo atento. Lo quiero para email y mi rubro es academia.","consulta_precio","1","caliente"
"L01174","CHUCK_01","Cuánto cuesta un sistema para gestionar leads? Quedo atento.","consulta_precio","1","frio"
"L01175","CHUCK_01","Me pasás el precio y qué incluye cada plan?. Soy Mónica de Córdoba.","consulta_precio","1","tibio"
"L01176","CHUCK_02","Me pasás el precio y qué incluye cada plan? Soy Brenda.","consulta_precio","1","tibio"
"L01177","CHUCK_07","Qué precio tiene para 181 leads/mes aprox? Soy Lucía de Guadalajara. Gracias!","consulta_precio","1","tibio"
"L01178","CHUCK_05","Me pasás el precio y qué incluye cada plan? Gracias!. Estoy en CDMX y lo necesito para email.","consulta_precio","1","tibio"
"L01179","CHUCK_09","Necesito el precio final hoy para decidir. Soy Mateo de Santiago. Saludos.","consulta_precio","1","caliente"
"L01180","CHUCK_05","Qué precio tiene para 448 leads/mes aprox? Soy Iván de Córdoba. Saludos.","consulta_precio","1","tibio"
"L01181","CHUCK_10","Necesito el precio final hoy para decidir. Gracias!","consulta_precio","1","caliente"
"L01182","CHUCK_08","Cuánto cuesta un bot para WhatsApp? Gracias!","consulta_precio","1","frio"
"L01183","CHUCK_05","Quiero avanzar hoy: cuál es el precio final y cómo lo contratamos? Soy Carlos.","consulta_precio","1","caliente"
"L01184","CHUCK_06","Me pasás el precio y qué incluye cada plan? Quedo atento. Lo quiero para WhatsApp y mi rubro es turismo.","consulta_precio","1","tibio"
"L01185","CHUCK_06","Qué precio tiene para 219 leads/mes aprox? Soy Nicolás de CDMX. Gracias.","consulta_precio","1","tibio"
"L01186","CHUCK_05","Listo para cerrar: confirmame el costo total, por favor. Soy Nicolás. Gracias.","consulta_precio","1","caliente"
"L01187","CHUCK_04","Qué precio tiene para 28 leads/mes aprox?","consulta_precio","1","tibio"
"L01188","CHUCK_10","Quiero avanzar hoy: cuál es el precio final y cómo lo contratamos? Gracias!. Es para una restaurante y tenemos aprox 121 leads al mes.","consulta_precio","1","caliente"
"L01189","CHUCK_06","Me pasás el precio y qué incluye cada plan? Soy Diego de Lima. Gracias.","consulta_precio","1","tibio"
"L01190","CHUCK_07","Necesito el precio final hoy para decidir. Soy Paula. Gracias.","consulta_precio","1","caliente"
"L01191","CHUCK_07","Necesito el precio final hoy para decidir. Soy Camila.","consulta_precio","1","caliente"
"L01192","CHUCK_03","Me pasás el precio y qué incluye cada plan? Saludos. Manejo un presupuesto de 589 al mes aprox.","consulta_precio","1","tibio"
"L01193","CHUCK_08","Necesito el precio final hoy para decidir. Soy Carolina de Guadalajara.","consulta_precio","1","caliente"
"L01194","CHUCK_02","Listo para cerrar: confirmame el costo total, por favor. Soy Diego de Santiago. Gracias.","consulta_precio","1","caliente"
"L01195","CHUCK_04","Me pasás el precio y qué incluye cada plan? Soy Sebastián de Medellín. Gracias!","consulta_precio","1","tibio"
"L01196","CHUCK_01","Me pasás el costo aproximado? Soy Lucía. Gracias!","consulta_precio","1","frio"
"L01197","CHUCK_09","Listo para cerrar: confirmame el costo total, por favor. Soy Javier. Quedo atento.","consulta_precio","1","caliente"
"L01198","CHUCK_07","Cuánto cuesta un chatbot para ventas? Soy Brenda de Córdoba. Saludos.","consulta_precio","1","frio"
"L01199","CHUCK_02","Cuál es el precio? Soy Brenda.","consulta_precio","1","frio"
"L01200","CHUCK_03","Quiero avanzar hoy: cuál es el precio final y cómo lo contratamos? Soy María. Quedo atento.","consulta_precio","1","caliente"
"L01201","CHUCK_07","Funciona para agencia o es más general? Saludos.","consulta_producto","0","frio"
"L01202","CHUCK_08","Me interesa un asistente con IA para academia. Qué incluye y cómo se configura? Soy Daniela. Gracias!","consulta_producto","0","tibio"
"L01203","CHUCK_05","Me interesa un bot multicanal para gimnasio. Qué incluye y cómo se configura? Soy Natalia de Córdoba. Gracias.","consulta_producto","0","tibio"
"L01204","CHUCK_08","Se puede integrar con mi web y WhatsApp? Soy Fernando. Quedo atento.","consulta_producto","0","frio"
"L01205","CHUCK_02","Necesito un sistema para gestionar leads listo esta semana. Qué información necesitan de mi lado? Soy Ricardo.","consulta_producto","0","caliente"
"L01206","CHUCK_09","Qué tan personalizable es para Telegram y para mi rubro (academia)? Soy Ricardo. Gracias.","consulta_producto","0","tibio"
"L01207","CHUCK_08","Lo necesito para 388 leads/mes aprox. Aguanta ese volumen? Soy Renata. Gracias.","consulta_producto","0","caliente"
"L01208","CHUCK_05","Quiero que empiece a captar leads en Telegram lo antes posible. Qué incluye la implementación? Soy Florencia. Gracias!","consulta_producto","0","caliente"
"L01209","CHUCK_02","Se puede integrar con mi web y Instagram? Soy Renata. Saludos.","consulta_producto","0","frio"
"L01210","CHUCK_10","Funciona para academia o es más general? Soy Renata. Quedo atento.","consulta_producto","0","frio"
"L01211","CHUCK_10","Qué incluye un asistente con IA y qué puede hacer en WhatsApp? Soy Hugo de Bogotá.","consulta_producto","0","frio"
"L01212","CHUCK_04","Necesito un bot multicanal listo para la próxima semana. Qué información necesitan de mi lado? Saludos.","consulta_producto","0","caliente"
"L01213","CHUCK_07","Qué tan personalizable es para Instagram y para mi rubro (e-commerce)? Soy Gabriel. Gracias!","consulta_producto","0","tibio"
"L01214","CHUCK_08","Necesito un chatbot para ventas listo para la próxima semana. Qué información necesitan de mi lado? Quedo atento.","consulta_producto","0","caliente"
"L01215","CHUCK_09","Me interesa un asistente con IA para agencia. Qué incluye y cómo se configura? Gracias!","consulta_producto","0","tibio"
"L01216","CHUCK_04","Qué incluye un bot multicanal y qué puede hacer en web? Gracias!","consulta_producto","0","frio"
"L01217","CHUCK_02","Necesito que atienda consultas y capture datos. Lo hace? Saludos.","consulta_producto","0","tibio"
"L01218","CHUCK_02","Me interesa un bot multicanal para turismo. Qué incluye y cómo se configura? Saludos.","consulta_producto","0","tibio"
"L01219","CHUCK_09","Lo necesito para 160 leads/mes aprox. Aguanta ese volumen? Soy Tomás. Gracias.","consulta_producto","0","caliente"
"L01220","CHUCK_07","Necesito una automatización de atención listo antes del viernes. Qué información necesitan de mi lado? Gracias.","consulta_producto","0","caliente"
"L01221","CHUCK_04","Se puede integrar con mi web y email? Soy Julia. Gracias.","consulta_producto","0","frio"
"L01222","CHUCK_01","Me interesa un bot para WhatsApp para gimnasio. Qué incluye y cómo se configura? Soy Claudia de Monterrey. Gracias!","consulta_producto","0","tibio"
"L01223","CHUCK_04","Lo necesito para 383 leads/mes aprox. Aguanta ese volumen?","consulta_producto","0","caliente"
"L01224","CHUCK_08","Funciona para e-commerce o es más general? Quedo atento.","consulta_producto","0","frio"
"L01225","CHUCK_09","Me interesa un bot multicanal para estudio jurídico. Qué incluye y cómo se configura? Soy Sebastián. Saludos.","consulta_producto","0","tibio"
"L01226","CHUCK_07","Qué incluye un chatbot para ventas y qué puede hacer en Facebook? Saludos.","consulta_producto","0","frio"
"L01227","CHUCK_01","Necesito un sistema para gestionar leads listo hoy. Qué información necesitan de mi lado? Gracias!","consulta_producto","0","caliente"
"L01228","CHUCK_07","Funciona para inmobiliaria o es más general? Soy Andrés.","consulta_producto","0","frio"
"L01229","CHUCK_02","Se puede integrar con mi web y email? Soy Alejandro. Gracias.","consulta_producto","0","frio"
"L01230","CHUCK_06","Me interesa un bot multicanal para turismo. Qué incluye y cómo se configura? Soy Florencia. Quedo atento.","consulta_producto","0","tibio"
"L01231","CHUCK_03","Necesito un chatbot para ventas listo esta semana. Qué información necesitan de mi lado? Soy Sofía. Gracias.","consulta_producto","0","caliente"
"L01232","CHUCK_01","Qué tan personalizable es para web y para mi rubro (restaurante)? Soy Andrea de Córdoba. Gracias!","consulta_producto","0","tibio"
"L01233","CHUCK_05","Qué tan personalizable es para web y para mi rubro (restaurante)? Soy Emilio de Córdoba.","consulta_producto","0","tibio"
"L01234","CHUCK_07","Quiero que empiece a captar leads en Telegram este mes. Qué incluye la implementación? Soy Nicolás de CDMX. Saludos.","consulta_producto","0","caliente"
"L01235","CHUCK_08","Funciona para clínica o es más general? Saludos.","consulta_producto","0","frio"
"L01236","CHUCK_06","Qué tan personalizable es para Facebook y para mi rubro (clínica)? Quedo atento.","consulta_producto","0","tibio"
"L01237","CHUCK_10","Lo necesito para 456 leads/mes aprox. Aguanta ese volumen? Soy Raúl. Gracias.","consulta_producto","0","caliente"
"L01238","CHUCK_06","Necesito una automatización de atención listo hoy. Qué información necesitan de mi lado? Gracias.","consulta_producto","0","caliente"
"L01239","CHUCK_05","Funciona para turismo o es más general? Soy Martín de Quito. Quedo atento.","consulta_producto","0","frio"
"L01240","CHUCK_08","Lo necesito para 452 leads/mes aprox. Aguanta ese volumen? Soy Ricardo de Santiago. Gracias!","consulta_producto","0","caliente"
"L01241","CHUCK_02","Me interesa un bot para WhatsApp para agencia. Qué incluye y cómo se configura? Saludos.","consulta_producto","0","tibio"
"L01242","CHUCK_09","Necesito un bot multicanal listo para la próxima semana. Qué información necesitan de mi lado? Gracias!","consulta_producto","0","caliente"
"L01243","CHUCK_10","Necesito un sistema para gestionar leads listo para la próxima semana. Qué información necesitan de mi lado? Soy Carolina. Saludos.","consulta_producto","0","caliente"
"L01244","CHUCK_01","Necesito que atienda consultas y capture datos. Lo hace? Soy Emilio de Guadalajara. Saludos.","consulta_producto","0","tibio"
"L01245","CHUCK_04","Necesito un bot para WhatsApp listo antes del viernes. Qué información necesitan de mi lado? Gracias.","consulta_producto","0","caliente"
"L01246","CHUCK_10","Funciona para estudio jurídico o es más general? Soy Nicolás. Saludos.","consulta_producto","0","frio"
"L01247","CHUCK_03","Necesito un asistente con IA listo hoy. Qué información necesitan de mi lado? Soy Daniela de Santiago.","consulta_producto","0","caliente"
"L01248","CHUCK_10","Necesito que atienda consultas y capture datos. Lo hace? Soy Alejandro. Gracias.","consulta_producto","0","tibio"
"L01249","CHUCK_01","Necesito una automatización de atención listo antes del viernes. Qué información necesitan de mi lado? Soy Mónica. Quedo atento.","consulta_producto","0","caliente"
"L01250","CHUCK_10","Quiero que empiece a captar leads en Facebook esta semana. Qué incluye la implementación? Soy Verónica. Gracias!","consulta_producto","0","caliente"
"L01251","CHUCK_07","Qué tan personalizable es para email y para mi rubro (inmobiliaria)? Soy Luis. Gracias!","consulta_producto","0","tibio"
"L01252","CHUCK_01","Lo necesito para 85 leads/mes aprox. Aguanta ese volumen? Soy Paula. Gracias.","consulta_producto","0","caliente"
"L01253","CHUCK_04","Se puede integrar con mi web y WhatsApp? Soy Carolina. Quedo atento.","consulta_producto","0","frio"
"L01254","CHUCK_08","Me interesa un sistema para gestionar leads para academia. Qué incluye y cómo se configura? Gracias!","consulta_producto","0","tibio"
"L01255","CHUCK_02","Me interesa una automatización de atención para concesionaria. Qué incluye y cómo se configura? Soy Tomás de Medellín. Gracias!","consulta_producto","0","tibio"
"L01256","CHUCK_04","Necesito que atienda consultas y capture datos. Lo hace? Gracias.","consulta_producto","0","tibio"
"L01257","CHUCK_04","Me interesa un chatbot para ventas para restaurante. Qué incluye y cómo se configura? Soy María de CDMX.","consulta_producto","0","tibio"
"L01258","CHUCK_06","Quiero que empiece a captar leads en Instagram lo antes posible. Qué incluye la implementación?","consulta_producto","0","caliente"
"L01259","CHUCK_09","Necesito que atienda consultas y capture datos. Lo hace? Soy Mónica de Santiago.","consulta_producto","0","tibio"
"L01260","CHUCK_03","Lo necesito para 449 leads/mes aprox. Aguanta ese volumen? Gracias.","consulta_producto","0","caliente"
"L01261","CHUCK_03","Se puede integrar con mi web y Facebook? Soy Iván de Lima. Gracias.","consulta_producto","0","frio"
"L01262","CHUCK_02","Qué incluye un chatbot para ventas y qué puede hacer en web? Soy Andrea de Medellín. Gracias.","consulta_producto","0","frio"
"L01263","CHUCK_10","Qué tan personalizable es para email y para mi rubro (restaurante)? Soy Patricia de Monterrey. Gracias!","consulta_producto","0","tibio"
"L01264","CHUCK_01","Funciona para estudio jurídico o es más general? Soy Andrés. Quedo atento.","consulta_producto","0","frio"
"L01265","CHUCK_04","Se puede integrar con mi web y Telegram? Soy Iván de CDMX. Gracias.","consulta_producto","0","frio"
"L01266","CHUCK_06","Necesito que atienda consultas y capture datos. Lo hace? Quedo atento.","consulta_producto","0","tibio"
"L01267","CHUCK_06","Necesito que atienda consultas y capture datos. Lo hace? Soy Mateo de Medellín. Quedo atento.","consulta_producto","0","tibio"
"L01268","CHUCK_03","Qué tan personalizable es para Facebook y para mi rubro (concesionaria)? Gracias.","consulta_producto","0","tibio"
"L01269","CHUCK_01","Lo necesito para 387 leads/mes aprox. Aguanta ese volumen? Gracias!","consulta_producto","0","caliente"
"L01270","CHUCK_04","Necesito que atienda consultas y capture datos. Lo hace? Soy Iván de Santiago. Gracias.","consulta_producto","0","tibio"
"L01271","CHUCK_10","Se puede integrar con mi web y Telegram? Soy Andrea de Buenos Aires. Gracias.","consulta_producto","0","frio"
"L01272","CHUCK_03","Necesito un sistema para gestionar leads listo este mes. Qué información necesitan de mi lado? Soy Mateo. Gracias.","consulta_producto","0","caliente"
"L01273","CHUCK_06","Qué tan personalizable es para Telegram y para mi rubro (turismo)? Gracias!","consulta_producto","0","tibio"
"L01274","CHUCK_03","Necesito que atienda consultas y capture datos. Lo hace? Quedo atento. Soy Verónica de Buenos Aires.","consulta_producto","0","tibio"
"L01275","CHUCK_07","Se puede integrar con mi web y Instagram? Soy Mónica de Quito. Gracias!","consulta_producto","0","frio"
"L01276","CHUCK_01","Qué incluye un bot multicanal y qué puede hacer en Telegram? Soy Laura. Saludos.","consulta_producto","0","frio"
"L01277","CHUCK_05","Se puede integrar con mi web y Facebook? Gracias!","consulta_producto","0","frio"
"L01278","CHUCK_06","Se puede integrar con mi web y email? Soy Fernando. Gracias!","consulta_producto","0","frio"
"L01279","CHUCK_02","Quiero que empiece a captar leads en Telegram lo antes posible. Qué incluye la implementación?","consulta_producto","0","caliente"
"L01280","CHUCK_03","Funciona para agencia o es más general? Quedo atento.","consulta_producto","0","frio"
"L01281","CHUCK_05","Necesito un bot multicanal listo lo antes posible. Qué información necesitan de mi lado? Soy Javier de Medellín. Saludos.","consulta_producto","0","caliente"
"L01282","CHUCK_02","Se puede integrar con mi web y Facebook? Gracias!. Soy Pablo de Córdoba.","consulta_producto","0","frio"
"L01283","CHUCK_10","Funciona para gimnasio o es más general? Soy Renata. Quedo atento.","consulta_producto","0","frio"
"L01284","CHUCK_01","Lo necesito para 328 leads/mes aprox. Aguanta ese volumen? Gracias!","consulta_producto","0","caliente"
"L01285","CHUCK_04","Qué incluye un bot para WhatsApp y qué puede hacer en web? Soy Hugo. Gracias.","consulta_producto","0","frio"
"L01286","CHUCK_05","Me interesa un bot multicanal para agencia. Qué incluye y cómo se configura? Soy Luis. Quedo atento.","consulta_producto","0","tibio"
"L01287","CHUCK_01","Quiero que empiece a captar leads en WhatsApp este mes. Qué incluye la implementación? Gracias!","consulta_producto","0","caliente"
"L01288","CHUCK_05","Qué incluye un chatbot para ventas y qué puede hacer en WhatsApp? Soy Ricardo de CDMX. Gracias!","consulta_producto","0","frio"
"L01289","CHUCK_03","Qué incluye un asistente con IA y qué puede hacer en Telegram? Soy Iván. Saludos.","consulta_producto","0","frio"
"L01290","CHUCK_03","Se puede integrar con mi web y WhatsApp? Gracias.","consulta_producto","0","frio"
"L01291","CHUCK_04","Qué tan personalizable es para Facebook y para mi rubro (concesionaria)? Soy Patricia de Quito. Saludos.","consulta_producto","0","tibio"
"L01292","CHUCK_09","Necesito un asistente con IA listo hoy. Qué información necesitan de mi lado? Soy Camila. Gracias.","consulta_producto","0","caliente"
"L01293","CHUCK_09","Me interesa un asistente con IA para turismo. Qué incluye y cómo se configura? Soy Daniela de Bogotá. Gracias!","consulta_producto","0","tibio"
"L01294","CHUCK_01","Qué incluye un sistema para gestionar leads y qué puede hacer en Instagram? Soy Claudia de Monterrey. Gracias.","consulta_producto","0","frio"
"L01295","CHUCK_10","Necesito un chatbot para ventas listo antes del viernes. Qué información necesitan de mi lado? Soy Renata. Gracias!","consulta_producto","0","caliente"
"L01296","CHUCK_09","Quiero que empiece a captar leads en Facebook hoy. Qué incluye la implementación? Soy Mónica. Gracias.","consulta_producto","0","caliente"
"L01297","CHUCK_02","Quiero que empiece a captar leads en Telegram hoy. Qué incluye la implementación? Soy Diego de Quito. Gracias.","consulta_producto","0","caliente"
"L01298","CHUCK_03","Qué tan personalizable es para web y para mi rubro (restaurante)? Soy Sebastián. Quedo atento.","consulta_producto","0","tibio"
"L01299","CHUCK_06","Qué tan personalizable es para Telegram y para mi rubro (restaurante)? Gracias.","consulta_producto","0","tibio"
"L01300","CHUCK_04","Me interesa un bot multicanal para turismo. Qué incluye y cómo se configura? Quedo atento.","consulta_producto","0","tibio"
"L01301","CHUCK_06","Funciona para academia o es más general? Soy Hugo de Buenos Aires. Gracias.","consulta_producto","0","frio"
"L01302","CHUCK_03","Se puede integrar con mi web y email? Soy Nicolás de Guadalajara. Saludos.","consulta_producto","0","frio"
"L01303","CHUCK_08","Lo necesito para 198 leads/mes aprox. Aguanta ese volumen? Soy Mateo.","consulta_producto","0","caliente"
"L01304","CHUCK_05","Necesito un asistente con IA listo este mes. Qué información necesitan de mi lado? Soy Renata de Monterrey.","consulta_producto","0","caliente"
"L01305","CHUCK_01","Necesito un bot para WhatsApp listo para la próxima semana. Qué información necesitan de mi lado? Soy Sofía. Saludos.","consulta_producto","0","caliente"
"L01306","CHUCK_04","Qué incluye un sistema para gestionar leads y qué puede hacer en Instagram? Soy Mónica de Santiago. Saludos.","consulta_producto","0","frio"
"L01307","CHUCK_02","Lo necesito para 380 leads/mes aprox. Aguanta ese volumen? Gracias!","consulta_producto","0","caliente"
"L01308","CHUCK_10","Quiero que empiece a captar leads en Telegram para la próxima semana. Qué incluye la implementación? Quedo atento.","consulta_producto","0","caliente"
"L01309","CHUCK_02","Necesito que atienda consultas y capture datos. Lo hace? Soy Gabriel. Saludos.","consulta_producto","0","tibio"
"L01310","CHUCK_02","Funciona para gimnasio o es más general? Quedo atento.","consulta_producto","0","frio"
"L01311","CHUCK_09","Necesito que atienda consultas y capture datos. Lo hace? Soy María de Bogotá. Quedo atento.","consulta_producto","0","tibio"
"L01312","CHUCK_10","Me interesa un bot para WhatsApp para inmobiliaria. Qué incluye y cómo se configura? Soy Pablo. Quedo atento.","consulta_producto","0","tibio"
"L01313","CHUCK_09","Necesito que atienda consultas y capture datos. Lo hace? Gracias!","consulta_producto","0","tibio"
"L01314","CHUCK_03","Necesito un sistema para gestionar leads listo este mes. Qué información necesitan de mi lado? Soy Hugo de Bogotá. Saludos.","consulta_producto","0","caliente"
"L01315","CHUCK_06","Me interesa un sistema para gestionar leads para clínica. Qué incluye y cómo se configura? Soy Claudia.","consulta_producto","0","tibio"
"L01316","CHUCK_05","Necesito que atienda consultas y capture datos. Lo hace? Soy Nicolás de Monterrey. Gracias.","consulta_producto","0","tibio"
"L01317","CHUCK_05","Quiero que empiece a captar leads en email hoy. Qué incluye la implementación? Gracias!","consulta_producto","0","caliente"
"L01318","CHUCK_03","Lo necesito para 335 leads/mes aprox. Aguanta ese volumen? Soy Javier de Monterrey. Gracias.","consulta_producto","0","caliente"
"L01319","CHUCK_08","Se puede integrar con mi web y Facebook? Soy Patricia de Quito. Gracias.","consulta_producto","0","frio"
"L01320","CHUCK_10","Qué tan personalizable es para email y para mi rubro (agencia)? Soy Ricardo de Córdoba.","consulta_producto","0","tibio"
"L01321","CHUCK_06","Qué tan personalizable es para web y para mi rubro (estudio jurídico)? Soy Renata de Monterrey. Gracias.","consulta_producto","0","tibio"
"L01322","CHUCK_06","Necesito un chatbot para ventas listo este mes. Qué información necesitan de mi lado? Soy Sofía de Monterrey. Quedo atento.","consulta_producto","0","caliente"
"L01323","CHUCK_04","Qué tan personalizable es para WhatsApp y para mi rubro (concesionaria)? Gracias!","consulta_producto","0","tibio"
"L01324","CHUCK_08","Necesito un sistema para gestionar leads listo para la próxima semana. Qué información necesitan de mi lado? Soy Sebastián. Gracias!","consulta_producto","0","caliente"
"L01325","CHUCK_07","Necesito un chatbot para ventas listo lo antes posible. Qué información necesitan de mi lado? Soy Martín de Guadalajara. Gracias!","consulta_producto","0","caliente"
"L01326","CHUCK_08","Qué tan personalizable es para email y para mi rubro (academia)? Soy Carolina de Lima.","consulta_producto","0","tibio"
"L01327","CHUCK_09","Funciona para inmobiliaria o es más general? Saludos.","consulta_producto","0","frio"
"L01328","CHUCK_07","Quiero que empiece a captar leads en Instagram lo antes posible. Qué incluye la implementación? Soy Mónica. Gracias.","consulta_producto","0","caliente"
"L01329","CHUCK_04","Quiero que empiece a captar leads en email esta semana. Qué incluye la implementación? Soy Mateo de Santiago. Gracias.","consulta_producto","0","caliente"
"L01330","CHUCK_05","Funciona para clínica o es más general? Soy Laura.","consulta_producto","0","frio"
"L01331","CHUCK_09","Necesito un asistente con IA listo hoy. Qué información necesitan de mi lado? Soy Brenda. Quedo atento.","consulta_producto","0","caliente"
"L01332","CHUCK_07","Qué tan personalizable es para WhatsApp y para mi rubro (turismo)? Soy Lucía de Medellín.","consulta_producto","0","tibio"
"L01333","CHUCK_02","Necesito que atienda consultas y capture datos. Lo hace? Gracias. Es para una concesionaria y tenemos aprox 37 leads al mes.","consulta_producto","0","tibio"
"L01334","CHUCK_03","Se puede integrar con mi web y Facebook? Soy Javier.","consulta_producto","0","frio"
"L01335","CHUCK_01","Lo necesito para 221 leads/mes aprox. Aguanta ese volumen? Soy Diego de Córdoba. Quedo atento.","consulta_producto","0","caliente"
"L01336","CHUCK_04","Me interesa un bot para WhatsApp para concesionaria. Qué incluye y cómo se configura? Soy María. Gracias!","consulta_producto","0","tibio"
"L01337","CHUCK_09","Qué incluye una automatización de atención y qué puede hacer en web? Gracias.","consulta_producto","0","frio"
"L01338","CHUCK_04","Se puede integrar con mi web y Instagram? Soy Andrea. Saludos.","consulta_producto","0","frio"
"L01339","CHUCK_10","Me interesa un chatbot para ventas para gimnasio. Qué incluye y cómo se configura? Saludos.","consulta_producto","0","tibio"
"L01340","CHUCK_06","Lo necesito para 167 leads/mes aprox. Aguanta ese volumen? Soy Sergio de Quito. Quedo atento.","consulta_producto","0","caliente"
"L01341","CHUCK_04","Quiero que empiece a captar leads en Telegram para la próxima semana. Qué incluye la implementación? Soy Mateo de Buenos Aires. Gracias!","consulta_producto","0","caliente"
"L01342","CHUCK_02","Funciona para estudio jurídico o es más general? Gracias!","consulta_producto","0","frio"
"L01343","CHUCK_04","Qué tan personalizable es para web y para mi rubro (e-commerce)? Soy Sofía. Saludos.","consulta_producto","0","tibio"
"L01344","CHUCK_09","Me interesa un chatbot para ventas para restaurante. Qué incluye y cómo se configura? Soy Gabriel de Buenos Aires. Quedo atento.","consulta_producto","0","tibio"
"L01345","CHUCK_07","Necesito que atienda consultas y capture datos. Lo hace? Soy Nicolás. Gracias!","consulta_producto","0","tibio"
"L01346","CHUCK_05","Quiero que empiece a captar leads en web para la próxima semana. Qué incluye la implementación? Saludos.","consulta_producto","0","caliente"
"L01347","CHUCK_07","Lo necesito para 343 leads/mes aprox. Aguanta ese volumen? Soy Hugo de Lima. Gracias.","consulta_producto","0","caliente"
"L01348","CHUCK_01","Se puede integrar con mi web y WhatsApp? Soy Pablo. Gracias!","consulta_producto","0","frio"
"L01349","CHUCK_05","Qué tan personalizable es para WhatsApp y para mi rubro (agencia)? Soy Alejandro de Córdoba. Saludos.","consulta_producto","0","tibio"
"L01350","CHUCK_02","Qué incluye un chatbot para ventas y qué puede hacer en Facebook? Gracias!","consulta_producto","0","frio"
"L01351","CHUCK_07","Necesito que atienda consultas y capture datos. Lo hace? Soy Carlos de Córdoba. Saludos.","consulta_producto","0","tibio"
"L01352","CHUCK_04","Funciona para agencia o es más general? Soy Hugo de Bogotá.","consulta_producto","0","frio"
"L01353","CHUCK_04","Se puede integrar con mi web y web?","consulta_producto","0","frio"
"L01354","CHUCK_01","Necesito un sistema para gestionar leads listo para la próxima semana. Qué información necesitan de mi lado? Soy Andrés.","consulta_producto","0","caliente"
"L01355","CHUCK_06","Quiero que empiece a captar leads en web antes del viernes. Qué incluye la implementación? Soy Nicolás de Santiago. Gracias!","consulta_producto","0","caliente"
"L01356","CHUCK_04","Funciona para gimnasio o es más general? Soy Andrea. Quedo atento.","consulta_producto","0","frio"
"L01357","CHUCK_02","Me interesa un chatbot para ventas para clínica. Qué incluye y cómo se configura? Soy Nicolás de Medellín. Gracias.","consulta_producto","0","tibio"
"L01358","CHUCK_04","Se puede integrar con mi web y Telegram? Quedo atento.","consulta_producto","0","frio"
"L01359","CHUCK_04","Necesito un asistente con IA listo hoy. Qué información necesitan de mi lado? Soy Lucía de Quito. Saludos.","consulta_producto","0","caliente"
"L01360","CHUCK_06","Se puede integrar con mi web y web? Soy Renata. Gracias!","consulta_producto","0","frio"
"L01361","CHUCK_06","Funciona para turismo o es más general? Soy Lucía. Gracias.","consulta_producto","0","frio"
"L01362","CHUCK_07","Me interesa un chatbot para ventas para agencia. Qué incluye y cómo se configura? Soy Andrea. Gracias.","consulta_producto","0","tibio"
"L01363","CHUCK_03","Lo necesito para 143 leads/mes aprox. Aguanta ese volumen? Soy Renata de CDMX. Gracias.","consulta_producto","0","caliente"
"L01364","CHUCK_07","Lo necesito para 141 leads/mes aprox. Aguanta ese volumen? Soy Raúl. Gracias!","consulta_producto","0","caliente"
"L01365","CHUCK_06","Funciona para inmobiliaria o es más general? Soy Tomás. Gracias.","consulta_producto","0","frio"
"L01366","CHUCK_10","Qué tan personalizable es para Instagram y para mi rubro (turismo)? Soy Nicolás. Gracias!","consulta_producto","0","tibio"
"L01367","CHUCK_08","Lo necesito para 30 leads/mes aprox. Aguanta ese volumen?","consulta_producto","0","caliente"
"L01368","CHUCK_01","Qué tan personalizable es para WhatsApp y para mi rubro (estudio jurídico)?","consulta_producto","0","tibio"
"L01369","CHUCK_04","Lo necesito para 112 leads/mes aprox. Aguanta ese volumen? Soy Paula. Gracias.","consulta_producto","0","caliente"
"L01370","CHUCK_08","Lo necesito para 240 leads/mes aprox. Aguanta ese volumen? Soy Andrea. Saludos.","consulta_producto","0","caliente"
"L01371","CHUCK_03","Quiero que empiece a captar leads en web hoy. Qué incluye la implementación? Soy Camila.","consulta_producto","0","caliente"
"L01372","CHUCK_07","Funciona para estudio jurídico o es más general? Soy Tomás. Gracias!","consulta_producto","0","frio"
"L01373","CHUCK_09","Qué tan personalizable es para web y para mi rubro (turismo)? Soy Valentina. Gracias.","consulta_producto","0","tibio"
"L01374","CHUCK_07","Lo necesito para 135 leads/mes aprox. Aguanta ese volumen? Soy Natalia. Gracias.","consulta_producto","0","caliente"
"L01375","CHUCK_08","Necesito que atienda consultas y capture datos. Lo hace? Soy Fernando. Gracias!","consulta_producto","0","tibio"
"L01376","CHUCK_07","Lo necesito para 393 leads/mes aprox. Aguanta ese volumen? Soy Raúl de Guadalajara. Gracias!","consulta_producto","0","caliente"
"L01377","CHUCK_06","Me interesa un asistente con IA para clínica. Qué incluye y cómo se configura? Soy Raúl de CDMX. Gracias.","consulta_producto","0","tibio"
"L01378","CHUCK_07","Necesito que atienda consultas y capture datos. Lo hace? Soy Carolina. Gracias.","consulta_producto","0","tibio"
"L01379","CHUCK_05","Qué incluye un bot multicanal y qué puede hacer en WhatsApp? Soy Florencia de Lima. Quedo atento.","consulta_producto","0","frio"
"L01380","CHUCK_01","Quiero que empiece a captar leads en WhatsApp lo antes posible. Qué incluye la implementación? Soy Florencia de Bogotá. Gracias!","consulta_producto","0","caliente"
"L01381","CHUCK_09","Qué tan personalizable es para Telegram y para mi rubro (estudio jurídico)? Soy Camila. Gracias!","consulta_producto","0","tibio"
"L01382","CHUCK_08","Quiero que empiece a captar leads en Facebook antes del viernes. Qué incluye la implementación? Soy Gabriel de Quito. Gracias.","consulta_producto","0","caliente"
"L01383","CHUCK_08","Funciona para concesionaria o es más general?","consulta_producto","0","frio"
"L01384","CHUCK_09","Se puede integrar con mi web y Facebook? Soy Renata. Quedo atento.","consulta_producto","0","frio"
"L01385","CHUCK_02","Necesito que atienda consultas y capture datos. Lo hace? Soy María.","consulta_producto","0","tibio"
"L01386","CHUCK_04","Me interesa un sistema para gestionar leads para agencia. Qué incluye y cómo se configura? Soy Verónica de Quito. Gracias!","consulta_producto","0","tibio"
"L01387","CHUCK_02","Me interesa un asistente con IA para gimnasio. Qué incluye y cómo se configura? Soy Nicolás. Saludos.","consulta_producto","0","tibio"
"L01388","CHUCK_09","Necesito un asistente con IA listo antes del viernes. Qué información necesitan de mi lado? Soy Tomás. Gracias.","consulta_producto","0","caliente"
"L01389","CHUCK_09","Qué incluye un bot multicanal y qué puede hacer en Instagram? Soy Andrea de Santiago.","consulta_producto","0","frio"
"L01390","CHUCK_07","Se puede integrar con mi web y web? Saludos.","consulta_producto","0","frio"
"L01391","CHUCK_05","Quiero que empiece a captar leads en Telegram este mes. Qué incluye la implementación? Soy Andrea de Quito. Saludos.","consulta_producto","0","caliente"
"L01392","CHUCK_04","Lo necesito para 358 leads/mes aprox. Aguanta ese volumen? Soy Carolina de Córdoba. Saludos.","consulta_producto","0","caliente"
"L01393","CHUCK_01","Me interesa un asistente con IA para concesionaria. Qué incluye y cómo se configura? Soy Laura de Buenos Aires. Gracias!","consulta_producto","0","tibio"
"L01394","CHUCK_06","Quiero que empiece a captar leads en Telegram para la próxima semana. Qué incluye la implementación? Soy Iván. Gracias.","consulta_producto","0","caliente"
"L01395","CHUCK_06","Me interesa un bot para WhatsApp para concesionaria. Qué incluye y cómo se configura? Soy Carolina. Saludos.","consulta_producto","0","tibio"
"L01396","CHUCK_01","Necesito un bot multicanal listo esta semana. Qué información necesitan de mi lado? Soy Ana de Guadalajara. Quedo atento.","consulta_producto","0","caliente"
"L01397","CHUCK_05","Me interesa un bot para WhatsApp para restaurante. Qué incluye y cómo se configura? Gracias.","consulta_producto","0","tibio"
"L01398","CHUCK_02","Qué tan personalizable es para Telegram y para mi rubro (estudio jurídico)? Soy Andrea de Quito. Gracias.","consulta_producto","0","tibio"
"L01399","CHUCK_08","Necesito un asistente con IA listo esta semana. Qué información necesitan de mi lado? Soy Iván.","consulta_producto","0","caliente"
"L01400","CHUCK_04","Qué tan personalizable es para Instagram y para mi rubro (academia)? Soy Sofía de Córdoba. Quedo atento.","consulta_producto","0","tibio"
"L01401","CHUCK_05","Qué tan personalizable es para web y para mi rubro (concesionaria)? Soy Sofía. Gracias.","consulta_producto","0","tibio"
"L01402","CHUCK_07","Qué tan personalizable es para Instagram y para mi rubro (agencia)? Gracias!","consulta_producto","0","tibio"
"L01403","CHUCK_07","Qué tan personalizable es para WhatsApp y para mi rubro (e-commerce)?","consulta_producto","0","tibio"
"L01404","CHUCK_06","Necesito que atienda consultas y capture datos. Lo hace? Soy Tomás de Monterrey.","consulta_producto","0","tibio"
"L01405","CHUCK_07","Se puede integrar con mi web y web? Soy Daniela.","consulta_producto","0","frio"
"L01406","CHUCK_07","Lo necesito para 318 leads/mes aprox. Aguanta ese volumen? Soy Sergio. Gracias!","consulta_producto","0","caliente"
"L01407","CHUCK_06","Necesito un bot multicanal listo esta semana. Qué información necesitan de mi lado? Soy Valentina de Buenos Aires. Gracias!","consulta_producto","0","caliente"
"L01408","CHUCK_05","Necesito un bot multicanal listo antes del viernes. Qué información necesitan de mi lado? Gracias.","consulta_producto","0","caliente"
"L01409","CHUCK_01","Lo necesito para 347 leads/mes aprox. Aguanta ese volumen? Saludos.","consulta_producto","0","caliente"
"L01410","CHUCK_08","Me interesa un bot multicanal para estudio jurídico. Qué incluye y cómo se configura? Soy Javier. Saludos.","consulta_producto","0","tibio"
"L01411","CHUCK_03","Funciona para agencia o es más general? Soy Fernando. Quedo atento.","consulta_producto","0","frio"
"L01412","CHUCK_07","Quiero que empiece a captar leads en Facebook lo antes posible. Qué incluye la implementación? Soy Andrés de Córdoba. Gracias.","consulta_producto","0","caliente"
"L01413","CHUCK_05","Me interesa un chatbot para ventas para gimnasio. Qué incluye y cómo se configura? Quedo atento.","consulta_producto","0","tibio"
"L01414","CHUCK_04","Se puede integrar con mi web y email? Soy Sergio de Bogotá. Quedo atento.","consulta_producto","0","frio"
"L01415","CHUCK_10","Se puede integrar con mi web y Instagram?","consulta_producto","0","frio"
"L01416","CHUCK_03","Qué incluye un sistema para gestionar leads y qué puede hacer en Facebook? Soy Hugo. Gracias.","consulta_producto","0","frio"
"L01417","CHUCK_10","Necesito que atienda consultas y capture datos. Lo hace? Soy Mónica. Gracias.","consulta_producto","0","tibio"
"L01418","CHUCK_06","Necesito que atienda consultas y capture datos. Lo hace? Quedo atento. Lo quiero para Instagram y mi rubro es agencia.","consulta_producto","0","tibio"
"L01419","CHUCK_10","Quiero que empiece a captar leads en email antes del viernes. Qué incluye la implementación? Soy Mónica de Medellín.","consulta_producto","0","caliente"
"L01420","CHUCK_05","Me interesa un bot para WhatsApp para clínica. Qué incluye y cómo se configura? Quedo atento.","consulta_producto","0","tibio"
"L01421","CHUCK_05","Qué incluye un chatbot para ventas y qué puede hacer en email? Gracias.","consulta_producto","0","frio"
"L01422","CHUCK_10","Qué tan personalizable es para WhatsApp y para mi rubro (academia)? Gracias!","consulta_producto","0","tibio"
"L01423","CHUCK_04","Necesito un bot para WhatsApp listo para la próxima semana. Qué información necesitan de mi lado? Gracias!","consulta_producto","0","caliente"
"L01424","CHUCK_09","Qué incluye un bot para WhatsApp y qué puede hacer en Instagram?","consulta_producto","0","frio"
"L01425","CHUCK_08","Necesito que atienda consultas y capture datos. Lo hace? Soy Tomás. Quedo atento.","consulta_producto","0","tibio"
"L01426","CHUCK_01","Necesito un bot multicanal listo este mes. Qué información necesitan de mi lado? Gracias!","consulta_producto","0","caliente"
"L01427","CHUCK_08","Quiero que empiece a captar leads en Telegram antes del viernes. Qué incluye la implementación? Soy Sofía. Gracias.","consulta_producto","0","caliente"
"L01428","CHUCK_09","Se puede integrar con mi web y email? Soy Hugo. Gracias.","consulta_producto","0","frio"
"L01429","CHUCK_07","Qué tan personalizable es para WhatsApp y para mi rubro (agencia)? Soy Ricardo de Quito. Gracias!","consulta_producto","0","tibio"
"L01430","CHUCK_02","Qué tan personalizable es para WhatsApp y para mi rubro (clínica)? Gracias!","consulta_producto","0","tibio"
"L01431","CHUCK_04","Quiero que empiece a captar leads en web hoy. Qué incluye la implementación? Soy Brenda de Quito. Gracias.","consulta_producto","0","caliente"
"L01432","CHUCK_01","Se puede integrar con mi web y Facebook? Soy Claudia. Gracias.","consulta_producto","0","frio"
"L01433","CHUCK_07","Se puede integrar con mi web y Telegram? Saludos.","consulta_producto","0","frio"
"L01434","CHUCK_01","Funciona para e-commerce o es más general? Gracias!","consulta_producto","0","frio"
"L01435","CHUCK_10","Funciona para e-commerce o es más general? Saludos.","consulta_producto","0","frio"
"L01436","CHUCK_07","Qué tan personalizable es para web y para mi rubro (e-commerce)? Gracias.","consulta_producto","0","tibio"
"L01437","CHUCK_10","Lo necesito para 88 leads/mes aprox. Aguanta ese volumen?","consulta_producto","0","caliente"
"L01438","CHUCK_01","Quiero que empiece a captar leads en Telegram este mes. Qué incluye la implementación? Soy Gabriel. Gracias!","consulta_producto","0","caliente"
"L01439","CHUCK_09","Me interesa un asistente con IA para academia. Qué incluye y cómo se configura? Soy Fernando de Bogotá. Gracias!","consulta_producto","0","tibio"
"L01440","CHUCK_07","Me interesa una automatización de atención para turismo. Qué incluye y cómo se configura? Soy Claudia. Saludos.","consulta_producto","0","tibio"
"L01441","CHUCK_02","Necesito que atienda consultas y capture datos. Lo hace? Soy Sofía de Bogotá. Gracias!","consulta_producto","0","tibio"
"L01442","CHUCK_07","Necesito que atienda consultas y capture datos. Lo hace? Soy Laura de Quito.","consulta_producto","0","tibio"
"L01443","CHUCK_10","Se puede integrar con mi web y Instagram? Saludos.","consulta_producto","0","frio"
"L01444","CHUCK_07","Quiero que empiece a captar leads en Telegram antes del viernes. Qué incluye la implementación? Soy Renata. Gracias!","consulta_producto","0","caliente"
"L01445","CHUCK_08","Quiero que empiece a captar leads en web antes del viernes. Qué incluye la implementación? Soy Paula. Quedo atento.","consulta_producto","0","caliente"
"L01446","CHUCK_06","Se puede integrar con mi web y Telegram? Soy Gabriel de Bogotá. Gracias!","consulta_producto","0","frio"
"L01447","CHUCK_07","Se puede integrar con mi web y Instagram? Soy Ana de Lima. Quedo atento.","consulta_producto","0","frio"
"L01448","CHUCK_06","Qué incluye un asistente con IA y qué puede hacer en email? Soy Verónica. Gracias.","consulta_producto","0","frio"
"L01449","CHUCK_05","Necesito que atienda consultas y capture datos. Lo hace? Soy Luis. Saludos.","consulta_producto","0","tibio"
"L01450","CHUCK_06","Quiero que empiece a captar leads en Telegram hoy. Qué incluye la implementación? Soy Sebastián. Quedo atento.","consulta_producto","0","caliente"
"L01451","CHUCK_01","Me interesa una automatización de atención para clínica. Qué incluye y cómo se configura?","consulta_producto","0","tibio"
"L01452","CHUCK_09","Qué incluye un sistema para gestionar leads y qué puede hacer en email? Gracias.","consulta_producto","0","frio"
"L01453","CHUCK_05","Necesito que atienda consultas y capture datos. Lo hace? Gracias. Manejo un presupuesto de 413 al mes aprox.","consulta_producto","1","tibio"
"L01454","CHUCK_07","Necesito un asistente con IA listo lo antes posible. Qué información necesitan de mi lado? Gracias!","consulta_producto","0","caliente"
"L01455","CHUCK_04","Me interesa un asistente con IA para restaurante. Qué incluye y cómo se configura? Soy Valentina de Córdoba. Saludos.","consulta_producto","0","tibio"
"L01456","CHUCK_01","Funciona para turismo o es más general? Soy Daniela. Gracias!","consulta_producto","0","frio"
"L01457","CHUCK_09","Lo necesito para 371 leads/mes aprox. Aguanta ese volumen?","consulta_producto","0","caliente"
"L01458","CHUCK_10","Necesito que atienda consultas y capture datos. Lo hace?","consulta_producto","0","tibio"
"L01459","CHUCK_09","Funciona para agencia o es más general?","consulta_producto","0","frio"
"L01460","CHUCK_10","Qué incluye una automatización de atención y qué puede hacer en email? Soy Renata. Gracias!","consulta_producto","0","frio"
"L01461","CHUCK_10","Me interesa un sistema para gestionar leads para inmobiliaria. Qué incluye y cómo se configura? Soy Sebastián de Quito. Quedo atento.","consulta_producto","0","tibio"
"L01462","CHUCK_02","Funciona para turismo o es más general? Soy Nicolás de Córdoba. Gracias!","consulta_producto","0","frio"
"L01463","CHUCK_07","Qué tan personalizable es para WhatsApp y para mi rubro (inmobiliaria)? Soy Laura de Bogotá. Saludos.","consulta_producto","0","tibio"
"L01464","CHUCK_08","Qué tan personalizable es para Facebook y para mi rubro (clínica)? Soy Sofía.","consulta_producto","0","tibio"
"L01465","CHUCK_03","Me interesa un bot multicanal para gimnasio. Qué incluye y cómo se configura? Soy Verónica. Saludos.","consulta_producto","0","tibio"
"L01466","CHUCK_01","Necesito un bot para WhatsApp listo para la próxima semana. Qué información necesitan de mi lado? Soy Emilio. Quedo atento.","consulta_producto","0","caliente"
"L01467","CHUCK_10","Funciona para estudio jurídico o es más general? Gracias!. Lo quiero para WhatsApp y mi rubro es estudio jurídico.","consulta_producto","0","frio"
"L01468","CHUCK_08","Qué tan personalizable es para Facebook y para mi rubro (turismo)? Saludos.","consulta_producto","0","tibio"
"L01469","CHUCK_10","Necesito un bot multicanal listo lo antes posible. Qué información necesitan de mi lado? Soy Renata de Lima. Saludos.","consulta_producto","0","caliente"
"L01470","CHUCK_10","Qué tan personalizable es para Telegram y para mi rubro (agencia)? Soy Diego de Buenos Aires.","consulta_producto","0","tibio"
"L01471","CHUCK_05","Necesito una automatización de atención listo esta semana. Qué información necesitan de mi lado? Saludos.","consulta_producto","0","caliente"
"L01472","CHUCK_03","Me interesa un sistema para gestionar leads para clínica. Qué incluye y cómo se configura? Soy Mónica de Medellín. Gracias!","consulta_producto","0","tibio"
"L01473","CHUCK_02","Lo necesito para 355 leads/mes aprox. Aguanta ese volumen? Gracias!","consulta_producto","0","caliente"
"L01474","CHUCK_07","Me interesa un asistente con IA para inmobiliaria. Qué incluye y cómo se configura? Soy Raúl. Gracias!","consulta_producto","0","tibio"
"L01475","CHUCK_04","Se puede integrar con mi web y WhatsApp? Soy Carlos de Córdoba. Gracias!","consulta_producto","0","frio"
"L01476","CHUCK_04","Se puede integrar con mi web y Facebook? Gracias!. Idealmente me gustaria tenerlo listo este mes.","consulta_producto","0","frio"
"L01477","CHUCK_01","Me interesa un bot multicanal para agencia. Qué incluye y cómo se configura? Soy Nicolás de Lima. Quedo atento.","consulta_producto","0","tibio"
"L01478","CHUCK_05","Necesito una automatización de atención listo hoy. Qué información necesitan de mi lado? Soy Brenda. Quedo atento.","consulta_producto","0","caliente"
"L01479","CHUCK_07","Quiero que empiece a captar leads en web esta semana. Qué incluye la implementación? Soy Patricia de Quito. Quedo atento.","consulta_producto","0","caliente"
"L01480","CHUCK_07","Me interesa una automatización de atención para gimnasio. Qué incluye y cómo se configura? Soy Fernando. Gracias!","consulta_producto","0","tibio"
"L01481","CHUCK_04","Necesito que atienda consultas y capture datos. Lo hace? Soy Lucía de Medellín.","consulta_producto","0","tibio"
"L01482","CHUCK_01","Me interesa un bot multicanal para estudio jurídico. Qué incluye y cómo se configura? Soy Laura. Gracias.","consulta_producto","0","tibio"
"L01483","CHUCK_06","Necesito que atienda consultas y capture datos. Lo hace? Gracias. Estoy en CDMX y lo necesito para Telegram.","consulta_producto","0","tibio"
"L01484","CHUCK_09","Funciona para estudio jurídico o es más general? Saludos.","consulta_producto","0","frio"
"L01485","CHUCK_02","Lo necesito para 145 leads/mes aprox. Aguanta ese volumen? Saludos.","consulta_producto","0","caliente"
"L01486","CHUCK_05","Qué tan personalizable es para email y para mi rubro (restaurante)? Gracias.","consulta_producto","0","tibio"
"L01487","CHUCK_06","Funciona para academia o es más general? Soy Julia de Quito.","consulta_producto","0","frio"
"L01488","CHUCK_02","Se puede integrar con mi web y email?","consulta_producto","0","frio"
"L01489","CHUCK_02","Qué tan personalizable es para email y para mi rubro (agencia)? Soy Camila de Córdoba. Saludos.","consulta_producto","0","tibio"
"L01490","CHUCK_10","Quiero que empiece a captar leads en WhatsApp hoy. Qué incluye la implementación? Soy Mónica. Quedo atento.","consulta_producto","0","caliente"
"L01491","CHUCK_02","Me interesa un bot multicanal para academia. Qué incluye y cómo se configura? Gracias!","consulta_producto","0","tibio"
"L01492","CHUCK_08","Qué tan personalizable es para email y para mi rubro (e-commerce)?","consulta_producto","0","tibio"
"L01493","CHUCK_09","Se puede integrar con mi web y WhatsApp? Quedo atento.","consulta_producto","0","frio"
"L01494","CHUCK_09","Se puede integrar con mi web y Instagram? Soy Luis de Santiago. Gracias!","consulta_producto","0","frio"
"L01495","CHUCK_10","Me interesa un asistente con IA para inmobiliaria. Qué incluye y cómo se configura?","consulta_producto","0","tibio"
"L01496","CHUCK_06","Me interesa un sistema para gestionar leads para gimnasio. Qué incluye y cómo se configura? Soy Renata de Medellín. Quedo atento.","consulta_producto","0","tibio"
"L01497","CHUCK_07","Quiero que empiece a captar leads en web para la próxima semana. Qué incluye la implementación? Soy Alejandro de Lima. Gracias!","consulta_producto","0","caliente"
"L01498","CHUCK_04","Quiero que empiece a captar leads en Telegram este mes. Qué incluye la implementación? Soy Mónica. Gracias!","consulta_producto","0","caliente"
"L01499","CHUCK_01","Qué incluye un chatbot para ventas y qué puede hacer en WhatsApp? Soy Daniela. Quedo atento.","consulta_producto","0","frio"
"L01500","CHUCK_10","Necesito un sistema para gestionar leads listo hoy. Qué información necesitan de mi lado? Soy Nicolás de Lima. Gracias.","consulta_producto","0","caliente"
"L01501","CHUCK_02","Ok, gracias por la info.","despedida","0","frio"
"L01502","CHUCK_05","Gracias! En cuanto lo vea, les confirmo.","despedida","0","tibio"
"L01503","CHUCK_05","Perfecto, gracias. Quedo atento.","despedida","0","tibio"
"L01504","CHUCK_05","Genial, gracias. Lo reviso y seguimos.","despedida","0","tibio"
"L01505","CHUCK_01","Ok, gracias por la info. Estoy en Buenos Aires y lo necesito para Facebook.","despedida","0","frio"
"L01506","CHUCK_06","Gracias, lo reviso y cualquier cosa vuelvo.","despedida","0","frio"
"L01507","CHUCK_08","Gracias, lo reviso y cualquier cosa vuelvo. Lo quiero para email y mi rubro es restaurante.","despedida","0","frio"
"L01508","CHUCK_04","Gracias! En cuanto lo vea, les confirmo. Manejo un presupuesto de 1203 al mes aprox.","despedida","1","tibio"
"L01509","CHUCK_04","Gracias, quedo listo para avanzar cuando me confirmen.","despedida","0","caliente"
"L01510","CHUCK_02","Gracias, lo reviso y cualquier cosa vuelvo. Es para una agencia y tenemos aprox 485 leads al mes.","despedida","0","frio"
"L01511","CHUCK_09","Gracias, lo reviso y cualquier cosa vuelvo. Estoy en Medellín y lo necesito para Instagram.","despedida","0","frio"
"L01512","CHUCK_10","Gracias, quedo listo para avanzar cuando me confirmen. Idealmente me gustaria tenerlo listo hoy.","despedida","0","caliente"
"L01513","CHUCK_05","Dale, gracias. Lo miro y les escribo.","despedida","0","frio"
"L01514","CHUCK_04","Gracias, quedo listo para avanzar cuando me confirmen. Es para una agencia y tenemos aprox 245 leads al mes.","despedida","0","caliente"
"L01515","CHUCK_02","Gracias, quedo listo para avanzar cuando me confirmen. Lo quiero para Instagram y mi rubro es turismo.","despedida","0","caliente"
"L01516","CHUCK_05","Gracias! En cuanto lo vea, les confirmo. Soy Ricardo de Lima.","despedida","0","tibio"
"L01517","CHUCK_03","Ok, gracias por la info. Idealmente me gustaria tenerlo listo lo antes posible.","despedida","0","frio"
"L01518","CHUCK_02","Gracias. Si está todo ok, avanzamos hoy.","despedida","0","caliente"
"L01519","CHUCK_05","Ok, gracias por la info. Soy Natalia de Santiago.","despedida","0","frio"
"L01520","CHUCK_05","Gracias! En cuanto lo vea, les confirmo. Soy Carolina de Córdoba.","despedida","0","tibio"
"L01521","CHUCK_06","Gracias, lo reviso y cualquier cosa vuelvo. Soy Diego de Buenos Aires.","despedida","0","frio"
"L01522","CHUCK_09","Gracias, quedo listo para avanzar cuando me confirmen. Es para una agencia y tenemos aprox 291 leads al mes.","despedida","0","caliente"
"L01523","CHUCK_08","Gracias. Si está todo ok, avanzamos hoy. Soy Sebastián de Guadalajara.","despedida","0","caliente"
"L01524","CHUCK_03","Perfecto, gracias. Quedo atento. Lo quiero para web y mi rubro es estudio jurídico.","despedida","0","tibio"
"L01525","CHUCK_06","Listo, gracias. Quedo atento para cerrar.","despedida","0","caliente"
"L01526","CHUCK_08","Gracias! En cuanto lo vea, les confirmo. Soy Andrea de Buenos Aires.","despedida","0","tibio"
"L01527","CHUCK_09","Dale, gracias. Lo miro y les escribo. Estoy en CDMX y lo necesito para Facebook.","despedida","0","frio"
"L01528","CHUCK_07","Dale, gracias. Lo miro y les escribo. Manejo un presupuesto de 1017 al mes aprox.","despedida","1","frio"
"L01529","CHUCK_05","Gracias, quedo listo para avanzar cuando me confirmen. Soy Martín de Santiago.","despedida","0","caliente"
"L01530","CHUCK_07","Gracias, quedo listo para avanzar cuando me confirmen. Estoy en Medellín y lo necesito para WhatsApp.","despedida","0","caliente"
"L01531","CHUCK_06","Ok, gracias por la info. Es para una academia y tenemos aprox 479 leads al mes.","despedida","0","frio"
"L01532","CHUCK_10","Gracias! En cuanto lo vea, les confirmo. Estoy en Monterrey y lo necesito para Instagram.","despedida","0","tibio"
"L01533","CHUCK_04","Gracias. Si está todo ok, avanzamos hoy. Idealmente me gustaria tenerlo listo este mes.","despedida","0","caliente"
"L01534","CHUCK_07","Gracias, quedo listo para avanzar cuando me confirmen. Es para una turismo y tenemos aprox 113 leads al mes.","despedida","0","caliente"
"L01535","CHUCK_01","Gracias, lo reviso y cualquier cosa vuelvo. Idealmente me gustaria tenerlo listo esta semana.","despedida","0","frio"
"L01536","CHUCK_10","Gracias! En cuanto lo vea, les confirmo. Estoy en Medellín y lo necesito para WhatsApp.","despedida","0","tibio"
"L01537","CHUCK_02","Gracias, lo reviso y cualquier cosa vuelvo. Estoy en Medellín y lo necesito para web.","despedida","0","frio"
"L01538","CHUCK_05","Dale, gracias. Lo miro y les escribo. Manejo un presupuesto de 539 al mes aprox.","despedida","1","frio"
"L01539","CHUCK_03","Genial, gracias. Lo reviso y seguimos. Es para una turismo y tenemos aprox 466 leads al mes.","despedida","0","tibio"
"L01540","CHUCK_10","Dale, gracias. Lo miro y les escribo. Manejo un presupuesto de 972 al mes aprox.","despedida","1","frio"
"L01541","CHUCK_09","Genial, gracias. Lo reviso y seguimos. Estoy en Buenos Aires y lo necesito para Instagram.","despedida","0","tibio"
"L01542","CHUCK_03","Gracias, quedo listo para avanzar cuando me confirmen. Soy Paula de Córdoba.","despedida","0","caliente"
"L01543","CHUCK_08","Perfecto, gracias. Quedo atento. Es para una restaurante y tenemos aprox 466 leads al mes.","despedida","0","tibio"
"L01544","CHUCK_02","Ok, gracias por la info. Es para una turismo y tenemos aprox 295 leads al mes.","despedida","0","frio"
"L01545","CHUCK_05","Ok, gracias por la info. Soy Daniela de Medellín.","despedida","0","frio"
"L01546","CHUCK_04","Perfecto, gracias. Quedo atento. Es para una estudio jurídico y tenemos aprox 500 leads al mes.","despedida","0","tibio"
"L01547","CHUCK_07","Ok, gracias por la info. Soy Martín de Santiago.","despedida","0","frio"
"L01548","CHUCK_05","Ok, gracias por la info. Lo quiero para web y mi rubro es turismo.","despedida","0","frio"
"L01549","CHUCK_04","Dale, gracias. Lo miro y les escribo. Idealmente me gustaria tenerlo listo este mes.","despedida","0","frio"
"L01550","CHUCK_09","Listo, gracias. Quedo atento para cerrar. Manejo un presupuesto de 554 al mes aprox.","despedida","1","caliente"
"L01551","CHUCK_09","Gracias. Si está todo ok, avanzamos hoy. Soy María de Lima.","despedida","0","caliente"
"L01552","CHUCK_07","Gracias, lo reviso y cualquier cosa vuelvo. Soy Ana de CDMX.","despedida","0","frio"
"L01553","CHUCK_04","Gracias. Si está todo ok, avanzamos hoy. Es para una agencia y tenemos aprox 123 leads al mes.","despedida","0","caliente"
"L01554","CHUCK_05","Genial, gracias. Lo reviso y seguimos. Idealmente me gustaria tenerlo listo antes del viernes.","despedida","0","tibio"
"L01555","CHUCK_01","Gracias. Si está todo ok, avanzamos hoy. Lo quiero para email y mi rubro es estudio jurídico.","despedida","0","caliente"
"L01556","CHUCK_04","Gracias. Si está todo ok, avanzamos hoy. Lo quiero para web y mi rubro es turismo.","despedida","0","caliente"
"L01557","CHUCK_01","Gracias! En cuanto lo vea, les confirmo. Estoy en Medellín y lo necesito para web.","despedida","0","tibio"
"L01558","CHUCK_07","Perfecto, gracias. Quedo atento. Soy Hugo de Quito.","despedida","0","tibio"
"L01559","CHUCK_03","Gracias, lo reviso y cualquier cosa vuelvo. Es para una inmobiliaria y tenemos aprox 183 leads al mes.","despedida","0","frio"
"L01560","CHUCK_01","Gracias, lo reviso y cualquier cosa vuelvo. Lo quiero para Instagram y mi rubro es concesionaria.","despedida","0","frio"
"L01561","CHUCK_03","Ok, gracias por la info. Es para una estudio jurídico y tenemos aprox 409 leads al mes.","despedida","0","frio"
"L01562","CHUCK_08","Perfecto, gracias. Quedo atento. Estoy en Monterrey y lo necesito para email.","despedida","0","tibio"
"L01563","CHUCK_10","Gracias, quedo listo para avanzar cuando me confirmen. Soy Claudia de Medellín.","despedida","0","caliente"
"L01564","CHUCK_03","Gracias, lo reviso y cualquier cosa vuelvo. Soy Valentina de Santiago.","despedida","0","frio"
"L01565","CHUCK_10","Gracias. Si está todo ok, avanzamos hoy. Lo quiero para Telegram y mi rubro es gimnasio.","despedida","0","caliente"
"L01566","CHUCK_10","Ok, gracias por la info. Manejo un presupuesto de 1420 al mes aprox.","despedida","1","frio"
"L01567","CHUCK_05","Ok, gracias por la info. Lo quiero para Facebook y mi rubro es e-commerce.","despedida","0","frio"
"L01568","CHUCK_01","Genial, gracias. Lo reviso y seguimos. Lo quiero para web y mi rubro es restaurante.","despedida","0","tibio"
"L01569","CHUCK_07","Perfecto, gracias. Quedo atento. Idealmente me gustaria tenerlo listo este mes.","despedida","0","tibio"
"L01570","CHUCK_05","Perfecto, gracias. Quedo atento. Estoy en Medellín y lo necesito para WhatsApp.","despedida","0","tibio"
"L01571","CHUCK_07","Genial, gracias. Lo reviso y seguimos. Lo quiero para Instagram y mi rubro es turismo.","despedida","0","tibio"
"L01572","CHUCK_06","Listo, gracias. Quedo atento para cerrar. Estoy en Lima y lo necesito para web.","despedida","0","caliente"
"L01573","CHUCK_01","Gracias. Si está todo ok, avanzamos hoy. Lo quiero para Facebook y mi rubro es concesionaria.","despedida","0","caliente"
"L01574","CHUCK_06","Listo, gracias. Quedo atento para cerrar. Manejo un presupuesto de 321 al mes aprox.","despedida","1","caliente"
"L01575","CHUCK_05","Ok, gracias por la info. Es para una e-commerce y tenemos aprox 197 leads al mes.","despedida","0","frio"
"L01576","CHUCK_08","Gracias, quedo listo para avanzar cuando me confirmen. Es para una turismo y tenemos aprox 424 leads al mes.","despedida","0","caliente"
"L01577","CHUCK_03","Gracias, quedo listo para avanzar cuando me confirmen. Soy Renata de Medellín.","despedida","0","caliente"
"L01578","CHUCK_01","Genial, gracias. Lo reviso y seguimos. Lo quiero para Facebook y mi rubro es restaurante.","despedida","0","tibio"
"L01579","CHUCK_09","Gracias. Si está todo ok, avanzamos hoy. Lo quiero para email y mi rubro es turismo.","despedida","0","caliente"
"L01580","CHUCK_05","Listo, gracias. Quedo atento para cerrar. Es para una restaurante y tenemos aprox 90 leads al mes.","despedida","0","caliente"
"L01581","CHUCK_02","Perfecto, gracias. Quedo atento. Estoy en Guadalajara y lo necesito para Facebook.","despedida","0","tibio"
"L01582","CHUCK_02","Perfecto, gracias. Quedo atento. Idealmente me gustaria tenerlo listo para la próxima semana.","despedida","0","tibio"
"L01583","CHUCK_09","Dale, gracias. Lo miro y les escribo. Estoy en Córdoba y lo necesito para email.","despedida","0","frio"
"L01584","CHUCK_09","Perfecto, gracias. Quedo atento. Manejo un presupuesto de 1183 al mes aprox.","despedida","1","tibio"
"L01585","CHUCK_02","Genial, gracias. Lo reviso y seguimos. Idealmente me gustaria tenerlo listo hoy.","despedida","0","tibio"
"L01586","CHUCK_05","Gracias, lo reviso y cualquier cosa vuelvo. Es para una inmobiliaria y tenemos aprox 411 leads al mes.","despedida","0","frio"
"L01587","CHUCK_05","Perfecto, gracias. Quedo atento. Soy Paula de Córdoba.","despedida","0","tibio"
"L01588","CHUCK_04","Dale, gracias. Lo miro y les escribo. Manejo un presupuesto de 1068 al mes aprox.","despedida","1","frio"
"L01589","CHUCK_06","Ok, gracias por la info. Es para una estudio jurídico y tenemos aprox 30 leads al mes.","despedida","0","frio"
"L01590","CHUCK_01","Gracias, quedo listo para avanzar cuando me confirmen. Soy Laura de Monterrey.","despedida","0","caliente"
"L01591","CHUCK_02","Gracias, quedo listo para avanzar cuando me confirmen. Soy Sebastián de Bogotá.","despedida","0","caliente"
"L01592","CHUCK_05","Gracias. Si está todo ok, avanzamos hoy. Es para una restaurante y tenemos aprox 52 leads al mes.","despedida","0","caliente"
"L01593","CHUCK_09","Listo, gracias. Quedo atento para cerrar. Estoy en Monterrey y lo necesito para Telegram.","despedida","0","caliente"
"L01594","CHUCK_07","Dale, gracias. Lo miro y les escribo. Idealmente me gustaria tenerlo listo hoy.","despedida","0","frio"
"L01595","CHUCK_05","Dale, gracias. Lo miro y les escribo. Idealmente me gustaria tenerlo listo lo antes posible.","despedida","0","frio"
"L01596","CHUCK_06","Dale, gracias. Lo miro y les escribo. Lo quiero para web y mi rubro es estudio jurídico.","despedida","0","frio"
"L01597","CHUCK_03","Gracias! En cuanto lo vea, les confirmo. Idealmente me gustaria tenerlo listo esta semana.","despedida","0","tibio"
"L01598","CHUCK_08","Dale, gracias. Lo miro y les escribo. Estoy en Quito y lo necesito para web.","despedida","0","frio"
"L01599","CHUCK_07","Genial, gracias. Lo reviso y seguimos. Manejo un presupuesto de 155 al mes aprox.","despedida","1","tibio"
"L01600","CHUCK_03","Dale, gracias. Lo miro y les escribo. Idealmente me gustaria tenerlo listo esta semana.","despedida","0","frio"
"L01601","CHUCK_04","Ok, gracias por la info. Soy Andrea de CDMX.","despedida","0","frio"
"L01602","CHUCK_09","Listo, gracias. Quedo atento para cerrar. Soy Florencia de Quito.","despedida","0","caliente"
"L01603","CHUCK_10","Gracias, lo reviso y cualquier cosa vuelvo. Es para una restaurante y tenemos aprox 183 leads al mes.","despedida","0","frio"
"L01604","CHUCK_09","Gracias, quedo listo para avanzar cuando me confirmen. Es para una academia y tenemos aprox 429 leads al mes.","despedida","0","caliente"
"L01605","CHUCK_03","Gracias, quedo listo para avanzar cuando me confirmen. Estoy en Córdoba y lo necesito para Instagram.","despedida","0","caliente"
"L01606","CHUCK_10","Gracias, quedo listo para avanzar cuando me confirmen. Es para una inmobiliaria y tenemos aprox 334 leads al mes.","despedida","0","caliente"
"L01607","CHUCK_05","Gracias! En cuanto lo vea, les confirmo. Soy Renata de Monterrey.","despedida","0","tibio"
"L01608","CHUCK_04","Ok, gracias por la info. Manejo un presupuesto de 839 al mes aprox.","despedida","1","frio"
"L01609","CHUCK_04","Gracias. Si está todo ok, avanzamos hoy. Lo quiero para Telegram y mi rubro es agencia.","despedida","0","caliente"
"L01610","CHUCK_04","Listo, gracias. Quedo atento para cerrar. Estoy en Monterrey y lo necesito para Instagram.","despedida","0","caliente"
"L01611","CHUCK_08","Gracias, quedo listo para avanzar cuando me confirmen. Manejo un presupuesto de 798 al mes aprox.","despedida","1","caliente"
"L01612","CHUCK_06","Gracias. Si está todo ok, avanzamos hoy. Estoy en Buenos Aires y lo necesito para Facebook.","despedida","0","caliente"
"L01613","CHUCK_09","Ok, gracias por la info. Soy Sebastián de Buenos Aires.","despedida","0","frio"
"L01614","CHUCK_03","Dale, gracias. Lo miro y les escribo. Lo quiero para email y mi rubro es e-commerce.","despedida","0","frio"
"L01615","CHUCK_10","Gracias. Si está todo ok, avanzamos hoy. Estoy en Lima y lo necesito para WhatsApp.","despedida","0","caliente"
"L01616","CHUCK_05","Gracias! En cuanto lo vea, les confirmo. Manejo un presupuesto de 1258 al mes aprox.","despedida","1","tibio"
"L01617","CHUCK_09","Gracias! En cuanto lo vea, les confirmo. Soy Florencia de Guadalajara.","despedida","0","tibio"
"L01618","CHUCK_07","Gracias! En cuanto lo vea, les confirmo. Soy Lucía de Quito.","despedida","0","tibio"
"L01619","CHUCK_03","Ok, gracias por la info. Lo quiero para email y mi rubro es inmobiliaria.","despedida","0","frio"
"L01620","CHUCK_02","Ok, gracias por la info. Estoy en Guadalajara y lo necesito para WhatsApp.","despedida","0","frio"
"L01621","CHUCK_03","Ok, gracias por la info. Lo quiero para Instagram y mi rubro es gimnasio.","despedida","0","frio"
"L01622","CHUCK_09","Gracias. Si está todo ok, avanzamos hoy. Manejo un presupuesto de 917 al mes aprox.","despedida","1","caliente"
"L01623","CHUCK_08","Perfecto, gracias. Quedo atento. Lo quiero para Instagram y mi rubro es turismo.","despedida","0","tibio"
"L01624","CHUCK_07","Perfecto, gracias. Quedo atento. Estoy en Monterrey y lo necesito para Telegram.","despedida","0","tibio"
"L01625","CHUCK_04","Gracias! En cuanto lo vea, les confirmo. Lo quiero para web y mi rubro es clínica.","despedida","0","tibio"
"L01626","CHUCK_06","Perfecto, gracias. Quedo atento. Soy Lucía de Guadalajara.","despedida","0","tibio"
"L01627","CHUCK_09","Gracias! En cuanto lo vea, les confirmo. Estoy en CDMX y lo necesito para Telegram.","despedida","0","tibio"
"L01628","CHUCK_10","Ok, gracias por la info. Es para una e-commerce y tenemos aprox 211 leads al mes.","despedida","0","frio"
"L01629","CHUCK_07","Gracias, lo reviso y cualquier cosa vuelvo. Es para una agencia y tenemos aprox 312 leads al mes.","despedida","0","frio"
"L01630","CHUCK_08","Gracias. Si está todo ok, avanzamos hoy. Estoy en Santiago y lo necesito para Facebook.","despedida","0","caliente"
"L01631","CHUCK_08","Gracias, lo reviso y cualquier cosa vuelvo. Lo quiero para Facebook y mi rubro es inmobiliaria.","despedida","0","frio"
"L01632","CHUCK_05","Gracias, lo reviso y cualquier cosa vuelvo. Estoy en Medellín y lo necesito para WhatsApp.","despedida","0","frio"
"L01633","CHUCK_01","Genial, gracias. Lo reviso y seguimos. Estoy en Santiago y lo necesito para Facebook.","despedida","0","tibio"
"L01634","CHUCK_02","Ok, gracias por la info. Es para una clínica y tenemos aprox 153 leads al mes.","despedida","0","frio"
"L01635","CHUCK_10","Perfecto, gracias. Quedo atento. Es para una concesionaria y tenemos aprox 238 leads al mes.","despedida","0","tibio"
"L01636","CHUCK_08","Gracias! En cuanto lo vea, les confirmo. Es para una academia y tenemos aprox 119 leads al mes.","despedida","0","tibio"
"L01637","CHUCK_03","Genial, gracias. Lo reviso y seguimos. Manejo un presupuesto de 125 al mes aprox.","despedida","1","tibio"
"L01638","CHUCK_10","Gracias! En cuanto lo vea, les confirmo. Estoy en Córdoba y lo necesito para web.","despedida","0","tibio"
"L01639","CHUCK_08","Genial, gracias. Lo reviso y seguimos. Estoy en Monterrey y lo necesito para WhatsApp.","despedida","0","tibio"
"L01640","CHUCK_04","Dale, gracias. Lo miro y les escribo. Es para una academia y tenemos aprox 54 leads al mes.","despedida","0","frio"
"L01641","CHUCK_03","Gracias. Si está todo ok, avanzamos hoy. Manejo un presupuesto de 634 al mes aprox.","despedida","1","caliente"
"L01642","CHUCK_07","Listo, gracias. Quedo atento para cerrar. Manejo un presupuesto de 468 al mes aprox.","despedida","1","caliente"
"L01643","CHUCK_01","Gracias! En cuanto lo vea, les confirmo. Manejo un presupuesto de 1229 al mes aprox.","despedida","1","tibio"
"L01644","CHUCK_01","Gracias, quedo listo para avanzar cuando me confirmen. Estoy en Lima y lo necesito para WhatsApp.","despedida","0","caliente"
"L01645","CHUCK_01","Listo, gracias. Quedo atento para cerrar. Soy Carlos de Buenos Aires.","despedida","0","caliente"
"L01646","CHUCK_07","Gracias, quedo listo para avanzar cuando me confirmen. Es para una gimnasio y tenemos aprox 251 leads al mes.","despedida","0","caliente"
"L01647","CHUCK_10","Gracias, lo reviso y cualquier cosa vuelvo. Manejo un presupuesto de 1241 al mes aprox.","despedida","1","frio"
"L01648","CHUCK_04","Dale, gracias. Lo miro y les escribo. Soy Iván de Buenos Aires.","despedida","0","frio"
"L01649","CHUCK_06","Genial, gracias. Lo reviso y seguimos. Estoy en Santiago y lo necesito para WhatsApp.","despedida","0","tibio"
"L01650","CHUCK_05","Gracias, quedo listo para avanzar cuando me confirmen. Idealmente me gustaria tenerlo listo este mes.","despedida","0","caliente"
"L01651","CHUCK_07","Gracias, quedo listo para avanzar cuando me confirmen. Es para una restaurante y tenemos aprox 222 leads al mes.","despedida","0","caliente"
"L01652","CHUCK_05","Genial, gracias. Lo reviso y seguimos. Es para una restaurante y tenemos aprox 312 leads al mes.","despedida","0","tibio"
"L01653","CHUCK_06","Gracias! En cuanto lo vea, les confirmo. Lo quiero para email y mi rubro es estudio jurídico.","despedida","0","tibio"
"L01654","CHUCK_08","Gracias, lo reviso y cualquier cosa vuelvo. Manejo un presupuesto de 104 al mes aprox.","despedida","1","frio"
"L01655","CHUCK_07","Genial, gracias. Lo reviso y seguimos. Es para una inmobiliaria y tenemos aprox 486 leads al mes.","despedida","0","tibio"
"L01656","CHUCK_05","Listo, gracias. Quedo atento para cerrar. Idealmente me gustaria tenerlo listo este mes.","despedida","0","caliente"
"L01657","CHUCK_08","Perfecto, gracias. Quedo atento. Estoy en Santiago y lo necesito para Telegram.","despedida","0","tibio"
"L01658","CHUCK_10","Gracias, lo reviso y cualquier cosa vuelvo. Manejo un presupuesto de 440 al mes aprox.","despedida","1","frio"
"L01659","CHUCK_06","Gracias, quedo listo para avanzar cuando me confirmen. Lo quiero para email y mi rubro es agencia.","despedida","0","caliente"
"L01660","CHUCK_08","Gracias, lo reviso y cualquier cosa vuelvo. Estoy en Quito y lo necesito para Facebook.","despedida","0","frio"
"L01661","CHUCK_02","Gracias. Si está todo ok, avanzamos hoy. Soy Mateo de CDMX.","despedida","0","caliente"
"L01662","CHUCK_06","Genial, gracias. Lo reviso y seguimos. Manejo un presupuesto de 776 al mes aprox.","despedida","1","tibio"
"L01663","CHUCK_01","Listo, gracias. Quedo atento para cerrar. Lo quiero para Telegram y mi rubro es concesionaria.","despedida","0","caliente"
"L01664","CHUCK_08","Gracias! En cuanto lo vea, les confirmo. Estoy en Buenos Aires y lo necesito para Instagram.","despedida","0","tibio"
"L01665","CHUCK_03","Gracias, quedo listo para avanzar cuando me confirmen. Lo quiero para Instagram y mi rubro es academia.","despedida","0","caliente"
"L01666","CHUCK_03","Gracias. Si está todo ok, avanzamos hoy. Estoy en Lima y lo necesito para Instagram.","despedida","0","caliente"
"L01667","CHUCK_10","Gracias, lo reviso y cualquier cosa vuelvo. Idealmente me gustaria tenerlo listo este mes.","despedida","0","frio"
"L01668","CHUCK_02","Gracias. Si está todo ok, avanzamos hoy. Manejo un presupuesto de 1389 al mes aprox.","despedida","1","caliente"
"L01669","CHUCK_07","Genial, gracias. Lo reviso y seguimos. Es para una inmobiliaria y tenemos aprox 416 leads al mes.","despedida","0","tibio"
"L01670","CHUCK_10","Gracias, lo reviso y cualquier cosa vuelvo. Lo quiero para email y mi rubro es agencia.","despedida","0","frio"
"L01671","CHUCK_05","Perfecto, gracias. Quedo atento. Es para una academia y tenemos aprox 413 leads al mes.","despedida","0","tibio"
"L01672","CHUCK_03","Gracias, lo reviso y cualquier cosa vuelvo. Estoy en Lima y lo necesito para Instagram.","despedida","0","frio"
"L01673","CHUCK_01","Gracias! En cuanto lo vea, les confirmo. Idealmente me gustaria tenerlo listo antes del viernes.","despedida","0","tibio"
"L01674","CHUCK_04","Gracias, quedo listo para avanzar cuando me confirmen. Idealmente me gustaria tenerlo listo antes del viernes.","despedida","0","caliente"
"L01675","CHUCK_10","Dale, gracias. Lo miro y les escribo. Soy Nicolás de Santiago.","despedida","0","frio"
"L01676","CHUCK_09","Gracias. Si está todo ok, avanzamos hoy. Idealmente me gustaria tenerlo listo esta semana.","despedida","0","caliente"
"L01677","CHUCK_07","Dale, gracias. Lo miro y les escribo. Manejo un presupuesto de 1173 al mes aprox.","despedida","1","frio"
"L01678","CHUCK_09","Gracias. Si está todo ok, avanzamos hoy. Soy Diego de Santiago.","despedida","0","caliente"
"L01679","CHUCK_02","Gracias! En cuanto lo vea, les confirmo. Soy Julia de Lima.","despedida","0","tibio"
"L01680","CHUCK_06","Gracias, quedo listo para avanzar cuando me confirmen. Es para una clínica y tenemos aprox 55 leads al mes.","despedida","0","caliente"
"L01681","CHUCK_03","Listo, gracias. Quedo atento para cerrar. Soy Nicolás de Córdoba.","despedida","0","caliente"
"L01682","CHUCK_06","Ok, gracias por la info. Soy Raúl de CDMX.","despedida","0","frio"
"L01683","CHUCK_06","Listo, gracias. Quedo atento para cerrar. Lo quiero para Instagram y mi rubro es agencia.","despedida","0","caliente"
"L01684","CHUCK_04","Gracias, lo reviso y cualquier cosa vuelvo. Soy Nicolás de CDMX.","despedida","0","frio"
"L01685","CHUCK_06","Dale, gracias. Lo miro y les escribo. Es para una clínica y tenemos aprox 323 leads al mes.","despedida","0","frio"
"L01686","CHUCK_05","Perfecto, gracias. Quedo atento. Es para una e-commerce y tenemos aprox 477 leads al mes.","despedida","0","tibio"
"L01687","CHUCK_03","Perfecto, gracias. Quedo atento. Lo quiero para Telegram y mi rubro es concesionaria.","despedida","0","tibio"
"L01688","CHUCK_07","Gracias, lo reviso y cualquier cosa vuelvo. Lo quiero para Facebook y mi rubro es e-commerce.","despedida","0","frio"
"L01689","CHUCK_07","Genial, gracias. Lo reviso y seguimos. Es para una restaurante y tenemos aprox 162 leads al mes.","despedida","0","tibio"
"L01690","CHUCK_07","Gracias. Si está todo ok, avanzamos hoy. Manejo un presupuesto de 1364 al mes aprox.","despedida","1","caliente"
"L01691","CHUCK_06","Ok, gracias por la info. Es para una gimnasio y tenemos aprox 497 leads al mes.","despedida","0","frio"
"L01692","CHUCK_03","Gracias, quedo listo para avanzar cuando me confirmen. Soy Ricardo de Guadalajara.","despedida","0","caliente"
"L01693","CHUCK_03","Genial, gracias. Lo reviso y seguimos. Soy Carolina de Medellín.","despedida","0","tibio"
"L01694","CHUCK_06","Genial, gracias. Lo reviso y seguimos. Es para una concesionaria y tenemos aprox 235 leads al mes.","despedida","0","tibio"
"L01695","CHUCK_03","Perfecto, gracias. Quedo atento. Idealmente me gustaria tenerlo listo antes del viernes.","despedida","0","tibio"
"L01696","CHUCK_04","Dale, gracias. Lo miro y les escribo. Manejo un presupuesto de 1063 al mes aprox.","despedida","1","frio"
"L01697","CHUCK_09","Perfecto, gracias. Quedo atento. Es para una turismo y tenemos aprox 431 leads al mes.","despedida","0","tibio"
"L01698","CHUCK_06","Gracias! En cuanto lo vea, les confirmo. Lo quiero para Facebook y mi rubro es gimnasio.","despedida","0","tibio"
"L01699","CHUCK_10","Genial, gracias. Lo reviso y seguimos. Estoy en Lima y lo necesito para Telegram.","despedida","0","tibio"
"L01700","CHUCK_10","Genial, gracias. Lo reviso y seguimos. Es para una gimnasio y tenemos aprox 49 leads al mes.","despedida","0","tibio"
"L01701","CHUCK_09","Dale, gracias. Lo miro y les escribo. Idealmente me gustaria tenerlo listo antes del viernes.","despedida","0","frio"
"L01702","CHUCK_10","Gracias, lo reviso y cualquier cosa vuelvo. Es para una inmobiliaria y tenemos aprox 308 leads al mes.","despedida","0","frio"
"L01703","CHUCK_09","Gracias, lo reviso y cualquier cosa vuelvo. Manejo un presupuesto de 1038 al mes aprox.","despedida","1","frio"
"L01704","CHUCK_03","Gracias! En cuanto lo vea, les confirmo. Estoy en Quito y lo necesito para web.","despedida","0","tibio"
"L01705","CHUCK_05","Perfecto, gracias. Quedo atento. Es para una inmobiliaria y tenemos aprox 323 leads al mes.","despedida","0","tibio"
"L01706","CHUCK_04","Listo, gracias. Quedo atento para cerrar. Es para una concesionaria y tenemos aprox 397 leads al mes.","despedida","0","caliente"
"L01707","CHUCK_05","Gracias! En cuanto lo vea, les confirmo. Es para una estudio jurídico y tenemos aprox 285 leads al mes.","despedida","0","tibio"
"L01708","CHUCK_09","Listo, gracias. Quedo atento para cerrar. Idealmente me gustaria tenerlo listo lo antes posible.","despedida","0","caliente"
"L01709","CHUCK_10","Genial, gracias. Lo reviso y seguimos. Estoy en Medellín y lo necesito para Telegram.","despedida","0","tibio"
"L01710","CHUCK_04","Dale, gracias. Lo miro y les escribo. Soy Emilio de Buenos Aires.","despedida","0","frio"
"L01711","CHUCK_10","Perfecto, gracias. Quedo atento. Estoy en Lima y lo necesito para Facebook.","despedida","0","tibio"
"L01712","CHUCK_05","Gracias. Si está todo ok, avanzamos hoy. Idealmente me gustaria tenerlo listo para la próxima semana.","despedida","0","caliente"
"L01713","CHUCK_07","Gracias! En cuanto lo vea, les confirmo. Soy Gabriel de Medellín.","despedida","0","tibio"
"L01714","CHUCK_04","Perfecto, gracias. Quedo atento. Manejo un presupuesto de 1323 al mes aprox.","despedida","1","tibio"
"L01715","CHUCK_10","Genial, gracias. Lo reviso y seguimos. Estoy en Guadalajara y lo necesito para Telegram.","despedida","0","tibio"
"L01716","CHUCK_04","Perfecto, gracias. Quedo atento. Lo quiero para WhatsApp y mi rubro es turismo.","despedida","0","tibio"
"L01717","CHUCK_08","Perfecto, gracias. Quedo atento. Es para una concesionaria y tenemos aprox 210 leads al mes.","despedida","0","tibio"
"L01718","CHUCK_07","Ok, gracias por la info. Manejo un presupuesto de 1430 al mes aprox.","despedida","1","frio"
"L01719","CHUCK_02","Perfecto, gracias. Quedo atento. Es para una estudio jurídico y tenemos aprox 329 leads al mes.","despedida","0","tibio"
"L01720","CHUCK_06","Dale, gracias. Lo miro y les escribo. Estoy en Bogotá y lo necesito para web.","despedida","0","frio"
"L01721","CHUCK_10","Genial, gracias. Lo reviso y seguimos. Lo quiero para Telegram y mi rubro es inmobiliaria.","despedida","0","tibio"
"L01722","CHUCK_03","Genial, gracias. Lo reviso y seguimos. Estoy en Lima y lo necesito para web.","despedida","0","tibio"
"L01723","CHUCK_10","Dale, gracias. Lo miro y les escribo. Manejo un presupuesto de 1098 al mes aprox.","despedida","1","frio"
"L01724","CHUCK_10","Listo, gracias. Quedo atento para cerrar. Es para una turismo y tenemos aprox 64 leads al mes.","despedida","0","caliente"
"L01725","CHUCK_08","Dale, gracias. Lo miro y les escribo. Es para una gimnasio y tenemos aprox 416 leads al mes.","despedida","0","frio"
"L01726","CHUCK_04","Gracias, lo reviso y cualquier cosa vuelvo. Manejo un presupuesto de 100 al mes aprox.","despedida","1","frio"
"L01727","CHUCK_05","Gracias, lo reviso y cualquier cosa vuelvo. Manejo un presupuesto de 318 al mes aprox.","despedida","1","frio"
"L01728","CHUCK_09","Gracias, quedo listo para avanzar cuando me confirmen. Manejo un presupuesto de 502 al mes aprox.","despedida","1","caliente"
"L01729","CHUCK_01","Genial, gracias. Lo reviso y seguimos. Soy Renata de Buenos Aires.","despedida","0","tibio"
"L01730","CHUCK_08","Gracias! En cuanto lo vea, les confirmo. Soy Gabriel de Bogotá.","despedida","0","tibio"
"L01731","CHUCK_06","Listo, gracias. Quedo atento para cerrar. Manejo un presupuesto de 466 al mes aprox.","despedida","1","caliente"
"L01732","CHUCK_03","Perfecto, gracias. Quedo atento. Soy Iván de Buenos Aires.","despedida","0","tibio"
"L01733","CHUCK_08","Ok, gracias por la info. Idealmente me gustaria tenerlo listo esta semana.","despedida","0","frio"
"L01734","CHUCK_09","Genial, gracias. Lo reviso y seguimos. Lo quiero para Instagram y mi rubro es gimnasio.","despedida","0","tibio"
"L01735","CHUCK_07","Gracias, lo reviso y cualquier cosa vuelvo. Manejo un presupuesto de 76 al mes aprox.","despedida","1","frio"
"L01736","CHUCK_04","Genial, gracias. Lo reviso y seguimos. Es para una academia y tenemos aprox 302 leads al mes.","despedida","0","tibio"
"L01737","CHUCK_02","Gracias, quedo listo para avanzar cuando me confirmen. Soy Carlos de Buenos Aires.","despedida","0","caliente"
"L01738","CHUCK_06","Gracias, lo reviso y cualquier cosa vuelvo. Soy Diego de Quito.","despedida","0","frio"
"L01739","CHUCK_05","Listo, gracias. Quedo atento para cerrar. Estoy en Monterrey y lo necesito para email.","despedida","0","caliente"
"L01740","CHUCK_04","Gracias! En cuanto lo vea, les confirmo. Idealmente me gustaria tenerlo listo lo antes posible.","despedida","0","tibio"
"L01741","CHUCK_07","Gracias. Si está todo ok, avanzamos hoy. Lo quiero para web y mi rubro es e-commerce.","despedida","0","caliente"
"L01742","CHUCK_01","Gracias, quedo listo para avanzar cuando me confirmen. Soy Tomás de Córdoba.","despedida","0","caliente"
"L01743","CHUCK_01","Gracias. Si está todo ok, avanzamos hoy. Estoy en Córdoba y lo necesito para Instagram.","despedida","0","caliente"
"L01744","CHUCK_08","Perfecto, gracias. Quedo atento. Estoy en Quito y lo necesito para Facebook.","despedida","0","tibio"
"L01745","CHUCK_05","Ok, gracias por la info. Manejo un presupuesto de 159 al mes aprox.","despedida","1","frio"
"L01746","CHUCK_09","Perfecto, gracias. Quedo atento. Soy Verónica de Buenos Aires.","despedida","0","tibio"
"L01747","CHUCK_10","Genial, gracias. Lo reviso y seguimos. Soy Florencia de Medellín.","despedida","0","tibio"
"L01748","CHUCK_10","Gracias, quedo listo para avanzar cuando me confirmen. Manejo un presupuesto de 418 al mes aprox.","despedida","1","caliente"
"L01749","CHUCK_02","Gracias. Si está todo ok, avanzamos hoy. Idealmente me gustaria tenerlo listo hoy.","despedida","0","caliente"
"L01750","CHUCK_01","Ok, gracias por la info. Idealmente me gustaria tenerlo listo este mes.","despedida","0","frio"
"L01751","CHUCK_02","Genial, gracias. Lo reviso y seguimos. Lo quiero para email y mi rubro es inmobiliaria.","despedida","0","tibio"
"L01752","CHUCK_01","Dale, gracias. Lo miro y les escribo. Manejo un presupuesto de 414 al mes aprox.","despedida","1","frio"
"L01753","CHUCK_07","Gracias! En cuanto lo vea, les confirmo. Manejo un presupuesto de 528 al mes aprox.","despedida","1","tibio"
"L01754","CHUCK_07","Gracias! En cuanto lo vea, les confirmo. Es para una academia y tenemos aprox 434 leads al mes.","despedida","0","tibio"
"L01755","CHUCK_03","Genial, gracias. Lo reviso y seguimos. Soy Fernando de Lima.","despedida","0","tibio"
"L01756","CHUCK_08","Gracias, quedo listo para avanzar cuando me confirmen. Idealmente me gustaria tenerlo listo esta semana.","despedida","0","caliente"
"L01757","CHUCK_02","Gracias! En cuanto lo vea, les confirmo. Manejo un presupuesto de 50 al mes aprox.","despedida","1","tibio"
"L01758","CHUCK_02","Dale, gracias. Lo miro y les escribo. Lo quiero para Instagram y mi rubro es inmobiliaria.","despedida","0","frio"
"L01759","CHUCK_03","Dale, gracias. Lo miro y les escribo. Soy Sergio de CDMX.","despedida","0","frio"
"L01760","CHUCK_03","Gracias, quedo listo para avanzar cuando me confirmen. Soy Martín de Bogotá.","despedida","0","caliente"
"L01761","CHUCK_10","Gracias! En cuanto lo vea, les confirmo. Es para una e-commerce y tenemos aprox 97 leads al mes.","despedida","0","tibio"
"L01762","CHUCK_07","Perfecto, gracias. Quedo atento. Soy Nicolás de Monterrey.","despedida","0","tibio"
"L01763","CHUCK_03","Genial, gracias. Lo reviso y seguimos. Lo quiero para Telegram y mi rubro es estudio jurídico.","despedida","0","tibio"
"L01764","CHUCK_06","Dale, gracias. Lo miro y les escribo. Es para una agencia y tenemos aprox 123 leads al mes.","despedida","0","frio"
"L01765","CHUCK_10","Gracias! En cuanto lo vea, les confirmo. Lo quiero para WhatsApp y mi rubro es concesionaria.","despedida","0","tibio"
"L01766","CHUCK_04","Ok, gracias por la info. Manejo un presupuesto de 1474 al mes aprox.","despedida","1","frio"
"L01767","CHUCK_03","Gracias. Si está todo ok, avanzamos hoy. Soy Andrés de Córdoba.","despedida","0","caliente"
"L01768","CHUCK_06","Perfecto, gracias. Quedo atento. Estoy en Buenos Aires y lo necesito para Facebook.","despedida","0","tibio"
"L01769","CHUCK_05","Gracias! En cuanto lo vea, les confirmo. Manejo un presupuesto de 1162 al mes aprox.","despedida","1","tibio"
"L01770","CHUCK_07","Gracias, lo reviso y cualquier cosa vuelvo. Estoy en Lima y lo necesito para Telegram.","despedida","0","frio"
"L01771","CHUCK_03","Genial, gracias. Lo reviso y seguimos. Manejo un presupuesto de 816 al mes aprox.","despedida","1","tibio"
"L01772","CHUCK_01","Gracias, quedo listo para avanzar cuando me confirmen. Estoy en Córdoba y lo necesito para web.","despedida","0","caliente"
"L01773","CHUCK_07","Genial, gracias. Lo reviso y seguimos. Idealmente me gustaria tenerlo listo para la próxima semana.","despedida","0","tibio"
"L01774","CHUCK_05","Perfecto, gracias. Quedo atento. Lo quiero para Instagram y mi rubro es concesionaria.","despedida","0","tibio"
"L01775","CHUCK_01","Gracias. Si está todo ok, avanzamos hoy. Es para una estudio jurídico y tenemos aprox 160 leads al mes.","despedida","0","caliente"
"L01776","CHUCK_10","Gracias, lo reviso y cualquier cosa vuelvo. Estoy en Lima y lo necesito para email.","despedida","0","frio"
"L01777","CHUCK_05","Gracias! En cuanto lo vea, les confirmo. Idealmente me gustaria tenerlo listo para la próxima semana.","despedida","0","tibio"
"L01778","CHUCK_09","Perfecto, gracias. Quedo atento. Lo quiero para Facebook y mi rubro es concesionaria.","despedida","0","tibio"
"L01779","CHUCK_10","Perfecto, gracias. Quedo atento. Es para una e-commerce y tenemos aprox 242 leads al mes.","despedida","0","tibio"
"L01780","CHUCK_02","Gracias, quedo listo para avanzar cuando me confirmen. Estoy en Lima y lo necesito para web.","despedida","0","caliente"
"L01781","CHUCK_06","Perfecto, gracias. Quedo atento. Estoy en Santiago y lo necesito para Instagram.","despedida","0","tibio"
"L01782","CHUCK_09","Gracias. Si está todo ok, avanzamos hoy. Lo quiero para Facebook y mi rubro es agencia.","despedida","0","caliente"
"L01783","CHUCK_06","Gracias, lo reviso y cualquier cosa vuelvo. Es para una agencia y tenemos aprox 56 leads al mes.","despedida","0","frio"
"L01784","CHUCK_01","Gracias! En cuanto lo vea, les confirmo. Soy Sofía de Medellín.","despedida","0","tibio"
"L01785","CHUCK_10","Dale, gracias. Lo miro y les escribo. Lo quiero para Instagram y mi rubro es academia.","despedida","0","frio"
"L01786","CHUCK_07","Perfecto, gracias. Quedo atento. Estoy en CDMX y lo necesito para Instagram.","despedida","0","tibio"
"L01787","CHUCK_08","Gracias, lo reviso y cualquier cosa vuelvo. Manejo un presupuesto de 188 al mes aprox.","despedida","1","frio"
"L01788","CHUCK_02","Perfecto, gracias. Quedo atento. Manejo un presupuesto de 782 al mes aprox.","despedida","1","tibio"
"L01789","CHUCK_07","Listo, gracias. Quedo atento para cerrar. Soy Andrea de Córdoba.","despedida","0","caliente"
"L01790","CHUCK_06","Dale, gracias. Lo miro y les escribo. Estoy en Monterrey y lo necesito para web.","despedida","0","frio"
"L01791","CHUCK_10","Perfecto, gracias. Quedo atento. Manejo un presupuesto de 457 al mes aprox.","despedida","1","tibio"
"L01792","CHUCK_06","Gracias! En cuanto lo vea, les confirmo. Es para una estudio jurídico y tenemos aprox 108 leads al mes.","despedida","0","tibio"
"L01793","CHUCK_07","Gracias, quedo listo para avanzar cuando me confirmen. Idealmente me gustaria tenerlo listo lo antes posible.","despedida","0","caliente"
"L01794","CHUCK_02","Gracias, lo reviso y cualquier cosa vuelvo. Idealmente me gustaria tenerlo listo hoy.","despedida","0","frio"
"L01795","CHUCK_02","Ok, gracias por la info. Estoy en Bogotá y lo necesito para web.","despedida","0","frio"
"L01796","CHUCK_04","Gracias, lo reviso y cualquier cosa vuelvo. Manejo un presupuesto de 1175 al mes aprox.","despedida","1","frio"
"L01797","CHUCK_08","Perfecto, gracias. Quedo atento. Soy Ana de Medellín.","despedida","0","tibio"
"L01798","CHUCK_03","Listo, gracias. Quedo atento para cerrar. Estoy en Córdoba y lo necesito para Facebook.","despedida","0","caliente"
"L01799","CHUCK_06","Dale, gracias. Lo miro y les escribo. Es para una inmobiliaria y tenemos aprox 477 leads al mes.","despedida","0","frio"
"L01800","CHUCK_05","Ok, gracias por la info. Manejo un presupuesto de 1218 al mes aprox.","despedida","1","frio"
"L01801","CHUCK_06","Me preocupa el tiempo de implementación. En general cuánto tarda? Quedo atento.","objeción","0","tibio"
"L01802","CHUCK_03","Antes de arrancar, necesito confirmar que cumple con mi proceso de agencia. Soy Andrea. Gracias.","objeción","0","caliente"
"L01803","CHUCK_08","Me preocupa el tiempo de implementación. En general cuánto tarda? Soy Sebastián de Bogotá. Gracias.","objeción","0","tibio"
"L01804","CHUCK_10","Me preocupa el tiempo de implementación. En general cuánto tarda? Soy Fernando de Buenos Aires.","objeción","0","tibio"
"L01805","CHUCK_01","No quiero algo complicado. Es fácil de usar? Soy Andrea de Bogotá. Gracias!","objeción","0","frio"
"L01806","CHUCK_02","Y el soporte: si tengo un problema, responden rápido? Soy Ricardo de Buenos Aires.","objeción","0","tibio"
"L01807","CHUCK_01","Me preocupa el tiempo de implementación. En general cuánto tarda? Soy Ana de Medellín. Gracias.","objeción","0","tibio"
"L01808","CHUCK_09","Antes de arrancar, necesito confirmar que cumple con mi proceso de concesionaria. Soy Patricia.","objeción","0","caliente"
"L01809","CHUCK_02","Estoy para avanzar, pero necesito confirmar tiempos y que quede andando esta semana. Soy Julia. Quedo atento.","objeción","0","caliente"
"L01810","CHUCK_03","Tengo dudas sobre si se adapta a mi caso. Se puede probar? Soy Sebastián de Córdoba. Gracias!","objeción","0","frio"
"L01811","CHUCK_07","No quiero algo complicado. Es fácil de usar? Soy Fernando de Buenos Aires. Saludos.","objeción","0","frio"
"L01812","CHUCK_05","Me interesa, pero no estoy seguro si es lo que necesito. Me orientan?","objeción","0","frio"
"L01813","CHUCK_09","Tengo dudas sobre si se adapta a mi caso. Se puede probar? Soy Pablo. Saludos.","objeción","0","frio"
"L01814","CHUCK_01","Estoy para avanzar, pero necesito confirmar tiempos y que quede andando lo antes posible. Gracias.","objeción","0","caliente"
"L01815","CHUCK_04","Antes de arrancar, necesito confirmar que cumple con mi proceso de e-commerce. Soy Ana de Lima. Quedo atento.","objeción","0","caliente"
"L01816","CHUCK_07","Tengo dudas con la integración a mis sistemas. Qué tan difícil es? Soy Julia de Bogotá. Saludos.","objeción","0","tibio"
"L01817","CHUCK_05","Y el soporte: si tengo un problema, responden rápido? Soy Sergio de Córdoba. Quedo atento.","objeción","0","tibio"
"L01818","CHUCK_07","Tengo dudas sobre si se adapta a mi caso. Se puede probar? Soy Valentina. Saludos.","objeción","0","frio"
"L01819","CHUCK_06","Quiero cerrarlo ya, pero antes necesito validar compatibilidad con Facebook. Soy Andrés de Medellín. Gracias.","objeción","0","caliente"
"L01820","CHUCK_03","Me preocupa el tiempo de implementación. En general cuánto tarda? Soy Sergio. Saludos.","objeción","0","tibio"
"L01821","CHUCK_03","No quiero algo complicado. Es fácil de usar? Soy Diego de Bogotá. Saludos.","objeción","0","frio"
"L01822","CHUCK_09","Antes de arrancar, necesito confirmar que cumple con mi proceso de concesionaria. Quedo atento.","objeción","0","caliente"
"L01823","CHUCK_10","Me interesa, pero no estoy seguro si es lo que necesito. Me orientan? Soy Laura.","objeción","0","frio"
"L01824","CHUCK_01","Me interesa, pero no estoy seguro si es lo que necesito. Me orientan? Soy Verónica.","objeción","0","frio"
"L01825","CHUCK_06","Y el soporte: si tengo un problema, responden rápido? Quedo atento.","objeción","0","tibio"
"L01826","CHUCK_01","Antes de arrancar, necesito confirmar que cumple con mi proceso de inmobiliaria. Soy Mateo. Quedo atento.","objeción","0","caliente"
"L01827","CHUCK_03","No quiero algo complicado. Es fácil de usar? Gracias.","objeción","0","frio"
"L01828","CHUCK_03","Tengo dudas con la integración a mis sistemas. Qué tan difícil es? Gracias!","objeción","0","tibio"
"L01829","CHUCK_05","Tengo dudas sobre si se adapta a mi caso. Se puede probar? Soy Mónica. Gracias.","objeción","0","frio"
"L01830","CHUCK_10","Me preocupa el tiempo de implementación. En general cuánto tarda? Quedo atento. Manejo un presupuesto de 309 al mes aprox.","objeción","1","tibio"
"L01831","CHUCK_06","No quiero algo complicado. Es fácil de usar? Soy Andrés. Gracias.","objeción","0","frio"
"L01832","CHUCK_04","No quiero algo complicado. Es fácil de usar? Soy Emilio. Quedo atento.","objeción","0","frio"
"L01833","CHUCK_05","No quiero algo complicado. Es fácil de usar? Quedo atento.","objeción","0","frio"
"L01834","CHUCK_10","Estoy para avanzar, pero necesito confirmar tiempos y que quede andando hoy. Soy Diego.","objeción","0","caliente"
"L01835","CHUCK_06","Y el soporte: si tengo un problema, responden rápido? Saludos.","objeción","0","tibio"
"L01836","CHUCK_03","Me preocupa el tiempo de implementación. En general cuánto tarda? Soy Julia de Monterrey. Gracias.","objeción","0","tibio"
"L01837","CHUCK_06","Y el soporte: si tengo un problema, responden rápido?","objeción","0","tibio"
"L01838","CHUCK_05","Tengo dudas con la integración a mis sistemas. Qué tan difícil es? Soy Claudia. Gracias.","objeción","0","tibio"
"L01839","CHUCK_09","Me interesa, pero no estoy seguro si es lo que necesito. Me orientan? Quedo atento.","objeción","0","frio"
"L01840","CHUCK_05","Estoy para avanzar, pero necesito confirmar tiempos y que quede andando antes del viernes. Saludos.","objeción","0","caliente"
"L01841","CHUCK_09","No quiero algo complicado. Es fácil de usar? Soy Sebastián de Monterrey. Gracias!","objeción","0","frio"
"L01842","CHUCK_01","Me interesa, pero no estoy seguro si es lo que necesito. Me orientan?. Idealmente me gustaria tenerlo listo hoy.","objeción","0","frio"
"L01843","CHUCK_03","Me preocupa el tiempo de implementación. En general cuánto tarda? Soy Iván. Gracias.","objeción","0","tibio"
"L01844","CHUCK_10","Quiero cerrarlo ya, pero antes necesito validar compatibilidad con Instagram. Soy Luis de Buenos Aires. Gracias!","objeción","0","caliente"
"L01845","CHUCK_01","Antes de arrancar, necesito confirmar que cumple con mi proceso de gimnasio. Soy Ana.","objeción","0","caliente"
"L01846","CHUCK_08","Estoy para avanzar, pero necesito confirmar tiempos y que quede andando esta semana. Soy Mateo. Quedo atento.","objeción","0","caliente"
"L01847","CHUCK_06","Me preocupa el tiempo de implementación. En general cuánto tarda? Soy Diego. Quedo atento.","objeción","0","tibio"
"L01848","CHUCK_09","Me preocupa el tiempo de implementación. En general cuánto tarda? Soy Ana. Gracias.","objeción","0","tibio"
"L01849","CHUCK_08","Y el soporte: si tengo un problema, responden rápido? Soy Verónica. Quedo atento.","objeción","0","tibio"
"L01850","CHUCK_07","Y el soporte: si tengo un problema, responden rápido? Quedo atento. Soy Renata de Monterrey.","objeción","0","tibio"
"L01851","CHUCK_08","Estoy para avanzar, pero necesito confirmar tiempos y que quede andando este mes. Soy Gabriel de Santiago. Saludos.","objeción","0","caliente"
"L01852","CHUCK_05","Tengo dudas sobre si se adapta a mi caso. Se puede probar? Soy Patricia de Monterrey. Quedo atento.","objeción","0","frio"
"L01853","CHUCK_03","Tengo dudas sobre si se adapta a mi caso. Se puede probar? Soy Carlos. Quedo atento.","objeción","0","frio"
"L01854","CHUCK_08","Tengo dudas con la integración a mis sistemas. Qué tan difícil es?","objeción","0","tibio"
"L01855","CHUCK_08","Me preocupa el tiempo de implementación. En general cuánto tarda? Quedo atento. Estoy en Santiago y lo necesito para Instagram.","objeción","0","tibio"
"L01856","CHUCK_09","Me preocupa el tiempo de implementación. En general cuánto tarda? Soy Daniela. Gracias!","objeción","0","tibio"
"L01857","CHUCK_09","Me interesa, pero no estoy seguro si es lo que necesito. Me orientan? Soy Julia. Gracias!","objeción","0","frio"
"L01858","CHUCK_07","Y el soporte: si tengo un problema, responden rápido? Soy Fernando de Lima. Quedo atento.","objeción","0","tibio"
"L01859","CHUCK_03","Tengo dudas con la integración a mis sistemas. Qué tan difícil es? Soy Andrés. Quedo atento.","objeción","0","tibio"
"L01860","CHUCK_05","No quiero algo complicado. Es fácil de usar? Quedo atento. Soy Verónica de CDMX.","objeción","0","frio"
"L01861","CHUCK_04","Y el soporte: si tengo un problema, responden rápido? Soy Sebastián. Quedo atento.","objeción","0","tibio"
"L01862","CHUCK_07","Tengo dudas con la integración a mis sistemas. Qué tan difícil es? Soy Brenda. Saludos.","objeción","0","tibio"
"L01863","CHUCK_04","Me interesa, pero no estoy seguro si es lo que necesito. Me orientan? Quedo atento. Manejo un presupuesto de 1072 al mes aprox.","objeción","1","frio"
"L01864","CHUCK_10","Me preocupa el tiempo de implementación. En general cuánto tarda? Soy Claudia. Gracias!","objeción","0","tibio"
"L01865","CHUCK_04","Tengo dudas con la integración a mis sistemas. Qué tan difícil es? Soy Andrés.","objeción","0","tibio"
"L01866","CHUCK_03","Tengo dudas sobre si se adapta a mi caso. Se puede probar? Soy Sebastián de Santiago.","objeción","0","frio"
"L01867","CHUCK_09","Me preocupa el tiempo de implementación. En general cuánto tarda? Quedo atento. Lo quiero para email y mi rubro es inmobiliaria.","objeción","0","tibio"
"L01868","CHUCK_03","Tengo dudas con la integración a mis sistemas. Qué tan difícil es? Soy Ricardo de Monterrey. Gracias.","objeción","0","tibio"
"L01869","CHUCK_09","Tengo dudas con la integración a mis sistemas. Qué tan difícil es? Soy Ana. Quedo atento.","objeción","0","tibio"
"L01870","CHUCK_04","Estoy para avanzar, pero necesito confirmar tiempos y que quede andando lo antes posible. Soy Emilio. Quedo atento.","objeción","0","caliente"
"L01871","CHUCK_09","Tengo dudas con la integración a mis sistemas. Qué tan difícil es? Soy Florencia.","objeción","0","tibio"
"L01872","CHUCK_07","Estoy para avanzar, pero necesito confirmar tiempos y que quede andando este mes.","objeción","0","caliente"
"L01873","CHUCK_10","Me interesa, pero no estoy seguro si es lo que necesito. Me orientan? Soy Fernando de Bogotá. Gracias.","objeción","0","frio"
"L01874","CHUCK_05","Me interesa, pero no estoy seguro si es lo que necesito. Me orientan? Gracias.","objeción","0","frio"
"L01875","CHUCK_06","Y el soporte: si tengo un problema, responden rápido? Quedo atento. Lo quiero para Telegram y mi rubro es estudio jurídico.","objeción","0","tibio"
"L01876","CHUCK_07","Y el soporte: si tengo un problema, responden rápido? Soy Gabriel.","objeción","0","tibio"
"L01877","CHUCK_10","Y el soporte: si tengo un problema, responden rápido? Quedo atento. Es para una academia y tenemos aprox 118 leads al mes.","objeción","0","tibio"
"L01878","CHUCK_03","Tengo dudas sobre si se adapta a mi caso. Se puede probar? Soy María de Quito. Saludos.","objeción","0","frio"
"L01879","CHUCK_04","Y el soporte: si tengo un problema, responden rápido? Soy Pablo de Guadalajara. Quedo atento.","objeción","0","tibio"
"L01880","CHUCK_07","Me preocupa el tiempo de implementación. En general cuánto tarda? Soy Camila de Monterrey. Saludos.","objeción","0","tibio"
"L01881","CHUCK_09","Tengo dudas sobre si se adapta a mi caso. Se puede probar?","objeción","0","frio"
"L01882","CHUCK_09","Me interesa, pero no estoy seguro si es lo que necesito. Me orientan? Soy Nicolás. Quedo atento.","objeción","0","frio"
"L01883","CHUCK_03","Estoy para avanzar, pero necesito confirmar tiempos y que quede andando lo antes posible. Soy Martín de Medellín. Gracias!","objeción","0","caliente"
"L01884","CHUCK_07","Tengo dudas con la integración a mis sistemas. Qué tan difícil es? Soy Florencia de Lima. Saludos.","objeción","0","tibio"
"L01885","CHUCK_10","No quiero algo complicado. Es fácil de usar? Gracias!","objeción","0","frio"
"L01886","CHUCK_07","No quiero algo complicado. Es fácil de usar? Soy Sebastián. Quedo atento.","objeción","0","frio"
"L01887","CHUCK_03","Antes de arrancar, necesito confirmar que cumple con mi proceso de turismo.","objeción","0","caliente"
"L01888","CHUCK_04","Quiero cerrarlo ya, pero antes necesito validar compatibilidad con email. Gracias!","objeción","0","caliente"
"L01889","CHUCK_01","Antes de arrancar, necesito confirmar que cumple con mi proceso de restaurante. Saludos.","objeción","0","caliente"
"L01890","CHUCK_04","Y el soporte: si tengo un problema, responden rápido? Soy Ana de Quito. Quedo atento.","objeción","0","tibio"
"L01891","CHUCK_06","Tengo dudas sobre si se adapta a mi caso. Se puede probar? Soy Gabriel. Saludos.","objeción","0","frio"
"L01892","CHUCK_09","Estoy para avanzar, pero necesito confirmar tiempos y que quede andando lo antes posible. Soy Luis. Saludos.","objeción","0","caliente"
"L01893","CHUCK_02","Y el soporte: si tengo un problema, responden rápido? Quedo atento. Es para una turismo y tenemos aprox 115 leads al mes.","objeción","0","tibio"
"L01894","CHUCK_04","Me preocupa el tiempo de implementación. En general cuánto tarda? Soy Diego. Gracias!","objeción","0","tibio"
"L01895","CHUCK_05","Tengo dudas con la integración a mis sistemas. Qué tan difícil es? Gracias!. Estoy en Quito y lo necesito para Telegram.","objeción","0","tibio"
"L01896","CHUCK_08","Y el soporte: si tengo un problema, responden rápido? Quedo atento. Es para una restaurante y tenemos aprox 395 leads al mes.","objeción","0","tibio"
"L01897","CHUCK_01","Tengo dudas sobre si se adapta a mi caso. Se puede probar? Gracias!","objeción","0","frio"
"L01898","CHUCK_08","Y el soporte: si tengo un problema, responden rápido? Soy Ricardo de Lima.","objeción","0","tibio"
"L01899","CHUCK_03","Y el soporte: si tengo un problema, responden rápido? Saludos. Manejo un presupuesto de 1399 al mes aprox.","objeción","1","tibio"
"L01900","CHUCK_02","Me preocupa el tiempo de implementación. En general cuánto tarda? Gracias!","objeción","0","tibio"
"L01901","CHUCK_09","No quiero algo complicado. Es fácil de usar? Quedo atento. Soy Emilio de Guadalajara.","objeción","0","frio"
"L01902","CHUCK_02","No quiero algo complicado. Es fácil de usar? Soy Julia.","objeción","0","frio"
"L01903","CHUCK_04","Tengo dudas sobre si se adapta a mi caso. Se puede probar? Quedo atento.","objeción","0","frio"
"L01904","CHUCK_02","Tengo dudas con la integración a mis sistemas. Qué tan difícil es? Soy Paula de Bogotá. Gracias!","objeción","0","tibio"
"L01905","CHUCK_06","Tengo dudas con la integración a mis sistemas. Qué tan difícil es? Soy Luis. Gracias.","objeción","0","tibio"
"L01906","CHUCK_06","Quiero cerrarlo ya, pero antes necesito validar compatibilidad con WhatsApp. Saludos.","objeción","0","caliente"
"L01907","CHUCK_10","Y el soporte: si tengo un problema, responden rápido? Soy Alejandro. Quedo atento.","objeción","0","tibio"
"L01908","CHUCK_08","No quiero algo complicado. Es fácil de usar? Soy Fernando.","objeción","0","frio"
"L01909","CHUCK_10","Me preocupa el tiempo de implementación. En general cuánto tarda? Quedo atento. Estoy en Quito y lo necesito para Instagram.","objeción","0","tibio"
"L01910","CHUCK_03","Tengo dudas con la integración a mis sistemas. Qué tan difícil es? Saludos.","objeción","0","tibio"
"L01911","CHUCK_07","Y el soporte: si tengo un problema, responden rápido? Gracias.","objeción","0","tibio"
"L01912","CHUCK_08","Me interesa, pero no estoy seguro si es lo que necesito. Me orientan?. Soy Andrea de Santiago.","objeción","0","frio"
"L01913","CHUCK_09","Me preocupa el tiempo de implementación. En general cuánto tarda? Soy Sergio. Saludos. Manejo un presupuesto de 1479 al mes aprox.","objeción","1","tibio"
"L01914","CHUCK_10","Quiero cerrarlo ya, pero antes necesito validar compatibilidad con Facebook. Soy Renata. Saludos.","objeción","0","caliente"
"L01915","CHUCK_09","Estoy para avanzar, pero necesito confirmar tiempos y que quede andando antes del viernes. Soy Raúl.","objeción","0","caliente"
"L01916","CHUCK_04","Me interesa, pero no estoy seguro si es lo que necesito. Me orientan? Gracias. Manejo un presupuesto de 1208 al mes aprox.","objeción","1","frio"
"L01917","CHUCK_01","Antes de arrancar, necesito confirmar que cumple con mi proceso de clínica. Soy Alejandro.","objeción","0","caliente"
"L01918","CHUCK_01","Antes de arrancar, necesito confirmar que cumple con mi proceso de concesionaria. Soy Nicolás de Córdoba.","objeción","0","caliente"
"L01919","CHUCK_09","Quiero cerrarlo ya, pero antes necesito validar compatibilidad con Telegram. Soy Daniela de Lima. Gracias!","objeción","0","caliente"
"L01920","CHUCK_04","Me interesa, pero no estoy seguro si es lo que necesito. Me orientan? Soy Carolina.","objeción","0","frio"
"L01921","CHUCK_04","Me interesa, pero no estoy seguro si es lo que necesito. Me orientan? Gracias. Manejo un presupuesto de 769 al mes aprox.","objeción","1","frio"
"L01922","CHUCK_04","Antes de arrancar, necesito confirmar que cumple con mi proceso de e-commerce. Soy Alejandro.","objeción","0","caliente"
"L01923","CHUCK_08","Me preocupa el tiempo de implementación. En general cuánto tarda? Saludos.","objeción","0","tibio"
"L01924","CHUCK_01","Tengo dudas sobre si se adapta a mi caso. Se puede probar? Saludos.","objeción","0","frio"
"L01925","CHUCK_09","Antes de arrancar, necesito confirmar que cumple con mi proceso de e-commerce. Soy Camila. Gracias!","objeción","0","caliente"
"L01926","CHUCK_09","Quiero cerrarlo ya, pero antes necesito validar compatibilidad con web.","objeción","0","caliente"
"L01927","CHUCK_07","Tengo dudas con la integración a mis sistemas. Qué tan difícil es? Soy Claudia de Quito. Gracias!","objeción","0","tibio"
"L01928","CHUCK_08","Y el soporte: si tengo un problema, responden rápido? Saludos. Estoy en Lima y lo necesito para Telegram.","objeción","0","tibio"
"L01929","CHUCK_02","Estoy para avanzar, pero necesito confirmar tiempos y que quede andando para la próxima semana. Gracias.","objeción","0","caliente"
"L01930","CHUCK_06","Me preocupa el tiempo de implementación. En general cuánto tarda? Soy Camila de Santiago. Quedo atento.","objeción","0","tibio"
"L01931","CHUCK_03","Tengo dudas sobre si se adapta a mi caso. Se puede probar? Soy Laura. Saludos.","objeción","0","frio"
"L01932","CHUCK_06","Estoy para avanzar, pero necesito confirmar tiempos y que quede andando para la próxima semana. Saludos.","objeción","0","caliente"
"L01933","CHUCK_01","Me interesa, pero no estoy seguro si es lo que necesito. Me orientan? Soy Fernando. Gracias.","objeción","0","frio"
"L01934","CHUCK_06","Estoy para avanzar, pero necesito confirmar tiempos y que quede andando hoy. Soy Carlos.","objeción","0","caliente"
"L01935","CHUCK_05","Me preocupa el tiempo de implementación. En general cuánto tarda? Soy Camila. Gracias!","objeción","0","tibio"
"L01936","CHUCK_09","Me interesa, pero no estoy seguro si es lo que necesito. Me orientan? Quedo atento. Es para una e-commerce y tenemos aprox 55 leads al mes.","objeción","0","frio"
"L01937","CHUCK_10","Tengo dudas sobre si se adapta a mi caso. Se puede probar? Soy Brenda de Bogotá. Gracias.","objeción","0","frio"
"L01938","CHUCK_03","Me interesa, pero no estoy seguro si es lo que necesito. Me orientan? Gracias!","objeción","0","frio"
"L01939","CHUCK_05","Estoy para avanzar, pero necesito confirmar tiempos y que quede andando hoy.","objeción","0","caliente"
"L01940","CHUCK_01","Tengo dudas sobre si se adapta a mi caso. Se puede probar? Soy Raúl. Quedo atento.","objeción","0","frio"
"L01941","CHUCK_07","Tengo dudas sobre si se adapta a mi caso. Se puede probar? Gracias!. Idealmente me gustaria tenerlo listo este mes.","objeción","0","frio"
"L01942","CHUCK_08","Y el soporte: si tengo un problema, responden rápido? Soy Paula.","objeción","0","tibio"
"L01943","CHUCK_05","Y el soporte: si tengo un problema, responden rápido?. Manejo un presupuesto de 86 al mes aprox.","objeción","1","tibio"
"L01944","CHUCK_05","Tengo dudas con la integración a mis sistemas. Qué tan difícil es? Saludos. Idealmente me gustaria tenerlo listo lo antes posible.","objeción","0","tibio"
"L01945","CHUCK_10","Y el soporte: si tengo un problema, responden rápido? Soy Sergio de Monterrey.","objeción","0","tibio"
"L01946","CHUCK_06","Me interesa, pero no estoy seguro si es lo que necesito. Me orientan? Soy Sofía de Guadalajara. Saludos.","objeción","0","frio"
"L01947","CHUCK_01","Estoy para avanzar, pero necesito confirmar tiempos y que quede andando lo antes posible. Soy Luis de CDMX. Saludos.","objeción","0","caliente"
"L01948","CHUCK_02","Y el soporte: si tengo un problema, responden rápido? Soy Julia de Monterrey. Gracias!","objeción","0","tibio"
"L01949","CHUCK_06","Me preocupa el tiempo de implementación. En general cuánto tarda? Soy Sofía.","objeción","0","tibio"
"L01950","CHUCK_06","Estoy para avanzar, pero necesito confirmar tiempos y que quede andando este mes. Gracias!","objeción","0","caliente"
"L01951","CHUCK_01","Me preocupa el tiempo de implementación. En general cuánto tarda? Quedo atento. Lo quiero para Telegram y mi rubro es agencia.","objeción","0","tibio"
"L01952","CHUCK_05","Tengo dudas sobre si se adapta a mi caso. Se puede probar? Saludos. Manejo un presupuesto de 569 al mes aprox.","objeción","1","frio"
"L01953","CHUCK_05","Me interesa, pero no estoy seguro si es lo que necesito. Me orientan? Soy Sofía. Gracias.","objeción","0","frio"
"L01954","CHUCK_03","Quiero cerrarlo ya, pero antes necesito validar compatibilidad con email. Soy Hugo de Buenos Aires. Quedo atento.","objeción","0","caliente"
"L01955","CHUCK_04","Tengo dudas con la integración a mis sistemas. Qué tan difícil es? Gracias!. Es para una turismo y tenemos aprox 39 leads al mes.","objeción","0","tibio"
"L01956","CHUCK_06","Y el soporte: si tengo un problema, responden rápido? Gracias!","objeción","0","tibio"
"L01957","CHUCK_09","Y el soporte: si tengo un problema, responden rápido? Soy Florencia de Medellín. Quedo atento.","objeción","0","tibio"
"L01958","CHUCK_05","Quiero cerrarlo ya, pero antes necesito validar compatibilidad con Telegram. Quedo atento.","objeción","0","caliente"
"L01959","CHUCK_09","Tengo dudas con la integración a mis sistemas. Qué tan difícil es? Gracias.","objeción","0","tibio"
"L01960","CHUCK_06","Tengo dudas sobre si se adapta a mi caso. Se puede probar? Saludos. Estoy en Lima y lo necesito para Telegram.","objeción","0","frio"
"L01961","CHUCK_09","Me preocupa el tiempo de implementación. En general cuánto tarda? Saludos. Es para una clínica y tenemos aprox 341 leads al mes.","objeción","0","tibio"
"L01962","CHUCK_05","Quiero cerrarlo ya, pero antes necesito validar compatibilidad con Facebook. Quedo atento.","objeción","0","caliente"
"L01963","CHUCK_05","Antes de arrancar, necesito confirmar que cumple con mi proceso de turismo. Soy Pablo de Medellín. Quedo atento.","objeción","0","caliente"
"L01964","CHUCK_07","Quiero cerrarlo ya, pero antes necesito validar compatibilidad con email. Gracias!. Soy Mónica de Quito.","objeción","0","caliente"
"L01965","CHUCK_02","Me preocupa el tiempo de implementación. En general cuánto tarda? Soy Julia de Bogotá.","objeción","0","tibio"
"L01966","CHUCK_10","Y el soporte: si tengo un problema, responden rápido? Gracias. Estoy en Lima y lo necesito para email.","objeción","0","tibio"
"L01967","CHUCK_07","Quiero cerrarlo ya, pero antes necesito validar compatibilidad con WhatsApp.","objeción","0","caliente"
"L01968","CHUCK_08","Antes de arrancar, necesito confirmar que cumple con mi proceso de inmobiliaria. Soy Verónica. Gracias!","objeción","0","caliente"
"L01969","CHUCK_02","Antes de arrancar, necesito confirmar que cumple con mi proceso de agencia. Soy Javier de Buenos Aires. Gracias.","objeción","0","caliente"
"L01970","CHUCK_05","Estoy para avanzar, pero necesito confirmar tiempos y que quede andando esta semana. Soy Fernando. Saludos.","objeción","0","caliente"
"L01971","CHUCK_10","Antes de arrancar, necesito confirmar que cumple con mi proceso de clínica. Soy Nicolás. Gracias.","objeción","0","caliente"
"L01972","CHUCK_07","Tengo dudas sobre si se adapta a mi caso. Se puede probar? Soy Natalia de Bogotá. Saludos.","objeción","0","frio"
"L01973","CHUCK_05","Estoy para avanzar, pero necesito confirmar tiempos y que quede andando lo antes posible. Soy Sergio de Medellín.","objeción","0","caliente"
"L01974","CHUCK_10","Antes de arrancar, necesito confirmar que cumple con mi proceso de inmobiliaria. Soy Nicolás de Quito. Quedo atento.","objeción","0","caliente"
"L01975","CHUCK_06","Tengo dudas con la integración a mis sistemas. Qué tan difícil es? Quedo atento.","objeción","0","tibio"
"L01976","CHUCK_04","Tengo dudas sobre si se adapta a mi caso. Se puede probar? Saludos. Estoy en Córdoba y lo necesito para Instagram.","objeción","0","frio"
"L01977","CHUCK_09","Estoy para avanzar, pero necesito confirmar tiempos y que quede andando para la próxima semana. Soy Florencia. Gracias.","objeción","0","caliente"
"L01978","CHUCK_04","Tengo dudas con la integración a mis sistemas. Qué tan difícil es? Soy Ricardo. Quedo atento.","objeción","0","tibio"
"L01979","CHUCK_10","Tengo dudas sobre si se adapta a mi caso. Se puede probar? Soy Paula. Gracias.","objeción","0","frio"
"L01980","CHUCK_06","Me interesa, pero no estoy seguro si es lo que necesito. Me orientan? Soy Andrés de Buenos Aires. Gracias.","objeción","0","frio"
"L01981","CHUCK_09","Antes de arrancar, necesito confirmar que cumple con mi proceso de restaurante. Soy Martín de Buenos Aires.","objeción","0","caliente"
"L01982","CHUCK_05","Me interesa, pero no estoy seguro si es lo que necesito. Me orientan? Soy Verónica. Gracias.","objeción","0","frio"
"L01983","CHUCK_03","Y el soporte: si tengo un problema, responden rápido? Soy Camila de Lima. Quedo atento.","objeción","0","tibio"
"L01984","CHUCK_09","Antes de arrancar, necesito confirmar que cumple con mi proceso de estudio jurídico.","objeción","0","caliente"
"L01985","CHUCK_04","Me interesa, pero no estoy seguro si es lo que necesito. Me orientan? Soy Pablo. Gracias!","objeción","0","frio"
"L01986","CHUCK_08","Quiero cerrarlo ya, pero antes necesito validar compatibilidad con Facebook. Soy Raúl. Quedo atento.","objeción","0","caliente"
"L01987","CHUCK_05","Tengo dudas con la integración a mis sistemas. Qué tan difícil es? Gracias. Lo quiero para Facebook y mi rubro es restaurante.","objeción","0","tibio"
"L01988","CHUCK_07","Tengo dudas con la integración a mis sistemas. Qué tan difícil es?. Es para una concesionaria y tenemos aprox 187 leads al mes.","objeción","0","tibio"
"L01989","CHUCK_05","Tengo dudas sobre si se adapta a mi caso. Se puede probar? Gracias!. Manejo un presupuesto de 344 al mes aprox.","objeción","1","frio"
"L01990","CHUCK_02","Tengo dudas sobre si se adapta a mi caso. Se puede probar? Soy Florencia. Quedo atento.","objeción","0","frio"
"L01991","CHUCK_04","Estoy para avanzar, pero necesito confirmar tiempos y que quede andando antes del viernes. Soy Florencia de Buenos Aires. Gracias!","objeción","0","caliente"
"L01992","CHUCK_04","No quiero algo complicado. Es fácil de usar? Gracias. Idealmente me gustaria tenerlo listo esta semana.","objeción","0","frio"
"L01993","CHUCK_03","Antes de arrancar, necesito confirmar que cumple con mi proceso de turismo. Soy Hugo de Córdoba. Quedo atento.","objeción","0","caliente"
"L01994","CHUCK_02","Me preocupa el tiempo de implementación. En general cuánto tarda?","objeción","0","tibio"
"L01995","CHUCK_08","Y el soporte: si tengo un problema, responden rápido? Soy Mónica. Gracias!","objeción","0","tibio"
"L01996","CHUCK_04","Tengo dudas sobre si se adapta a mi caso. Se puede probar?. Soy Brenda de Guadalajara.","objeción","0","frio"
"L01997","CHUCK_08","Me interesa, pero no estoy seguro si es lo que necesito. Me orientan? Gracias. Soy Ricardo de Guadalajara.","objeción","0","frio"
"L01998","CHUCK_06","No quiero algo complicado. Es fácil de usar? Gracias!. Soy Pablo de Buenos Aires.","objeción","0","frio"
"L01999","CHUCK_03","Y el soporte: si tengo un problema, responden rápido? Quedo atento. Es para una clínica y tenemos aprox 59 leads al mes.","objeción","0","tibio"
"L02000","CHUCK_03","Tengo dudas sobre si se adapta a mi caso. Se puede probar? Soy Paula de Quito. Saludos.","objeción","0","frio"
"L02001","CHUCK_04","Tengo dudas sobre si se adapta a mi caso. Se puede probar? Soy Florencia. Gracias!","objeción","0","frio"
"L02002","CHUCK_09","Tengo dudas sobre si se adapta a mi caso. Se puede probar? Gracias!. Es para una gimnasio y tenemos aprox 116 leads al mes.","objeción","0","frio"
"L02003","CHUCK_06","Tengo dudas con la integración a mis sistemas. Qué tan difícil es? Soy Camila de Monterrey. Gracias!","objeción","0","tibio"
"L02004","CHUCK_08","Antes de arrancar, necesito confirmar que cumple con mi proceso de restaurante. Soy Emilio. Gracias!","objeción","0","caliente"
"L02005","CHUCK_05","Estoy para avanzar, pero necesito confirmar tiempos y que quede andando este mes. Soy Gabriel de Santiago. Saludos. Lo quiero para Telegram y mi rubro es gimnasio.","objeción","0","caliente"
"L02006","CHUCK_03","Quiero cerrarlo ya, pero antes necesito validar compatibilidad con WhatsApp. Soy Paula de Quito. Saludos.","objeción","0","caliente"
"L02007","CHUCK_04","Tengo dudas sobre si se adapta a mi caso. Se puede probar? Quedo atento. Es para una concesionaria y tenemos aprox 64 leads al mes.","objeción","0","frio"
"L02008","CHUCK_01","Me interesa, pero no estoy seguro si es lo que necesito. Me orientan? Soy Diego de Buenos Aires. Gracias.","objeción","0","frio"
"L02009","CHUCK_09","Antes de arrancar, necesito confirmar que cumple con mi proceso de restaurante. Soy Claudia. Saludos.","objeción","0","caliente"
"L02010","CHUCK_03","Estoy para avanzar, pero necesito confirmar tiempos y que quede andando antes del viernes. Soy Sofía. Saludos.","objeción","0","caliente"
"L02011","CHUCK_09","Quiero cerrarlo ya, pero antes necesito validar compatibilidad con WhatsApp. Soy María. Saludos.","objeción","0","caliente"
"L02012","CHUCK_08","Antes de arrancar, necesito confirmar que cumple con mi proceso de e-commerce. Soy Diego. Gracias!","objeción","0","caliente"
"L02013","CHUCK_05","Y el soporte: si tengo un problema, responden rápido? Soy Patricia. Gracias.","objeción","0","tibio"
"L02014","CHUCK_05","Y el soporte: si tengo un problema, responden rápido? Gracias!. Soy Brenda de Santiago.","objeción","0","tibio"
"L02015","CHUCK_09","Tengo dudas con la integración a mis sistemas. Qué tan difícil es?. Estoy en CDMX y lo necesito para Telegram.","objeción","0","tibio"
"L02016","CHUCK_05","Tengo dudas con la integración a mis sistemas. Qué tan difícil es? Soy Patricia. Gracias!","objeción","0","tibio"
"L02017","CHUCK_04","Quiero cerrarlo ya, pero antes necesito validar compatibilidad con Telegram. Gracias.","objeción","0","caliente"
"L02018","CHUCK_01","Antes de arrancar, necesito confirmar que cumple con mi proceso de clínica. Soy Sergio de Guadalajara.","objeción","0","caliente"
"L02019","CHUCK_04","Antes de arrancar, necesito confirmar que cumple con mi proceso de e-commerce. Quedo atento.","objeción","0","caliente"
"L02020","CHUCK_08","Estoy para avanzar, pero necesito confirmar tiempos y que quede andando hoy. Gracias.","objeción","0","caliente"
"L02021","CHUCK_05","Quiero cerrarlo ya, pero antes necesito validar compatibilidad con Facebook. Soy Nicolás de CDMX.","objeción","0","caliente"
"L02022","CHUCK_04","Me preocupa el tiempo de implementación. En general cuánto tarda? Soy Daniela.","objeción","0","tibio"
"L02023","CHUCK_08","Estoy para avanzar, pero necesito confirmar tiempos y que quede andando hoy. Soy Nicolás de Monterrey. Gracias.","objeción","0","caliente"
"L02024","CHUCK_02","Y el soporte: si tengo un problema, responden rápido? Soy Valentina. Quedo atento.","objeción","0","tibio"
"L02025","CHUCK_03","Me interesa, pero no estoy seguro si es lo que necesito. Me orientan? Gracias!. Lo quiero para WhatsApp y mi rubro es academia.","objeción","0","frio"
"L02026","CHUCK_08","Antes de arrancar, necesito confirmar que cumple con mi proceso de agencia. Gracias.","objeción","0","caliente"
"L02027","CHUCK_09","Me preocupa el tiempo de implementación. En general cuánto tarda? Soy Raúl. Saludos.","objeción","0","tibio"
"L02028","CHUCK_03","Tengo dudas con la integración a mis sistemas. Qué tan difícil es?. Lo quiero para Facebook y mi rubro es e-commerce.","objeción","0","tibio"
"L02029","CHUCK_02","Estoy para avanzar, pero necesito confirmar tiempos y que quede andando esta semana. Soy Ricardo. Quedo atento.","objeción","0","caliente"
"L02030","CHUCK_01","Me preocupa el tiempo de implementación. En general cuánto tarda?. Estoy en Buenos Aires y lo necesito para Facebook.","objeción","0","tibio"
"L02031","CHUCK_08","Tengo dudas sobre si se adapta a mi caso. Se puede probar? Gracias.","objeción","0","frio"
"L02032","CHUCK_07","Tengo dudas con la integración a mis sistemas. Qué tan difícil es? Soy Laura. Gracias.","objeción","0","tibio"
"L02033","CHUCK_07","Tengo dudas sobre si se adapta a mi caso. Se puede probar? Gracias!. Manejo un presupuesto de 1079 al mes aprox.","objeción","1","frio"
"L02034","CHUCK_04","Me preocupa el tiempo de implementación. En general cuánto tarda? Gracias!. Manejo un presupuesto de 747 al mes aprox.","objeción","1","tibio"
"L02035","CHUCK_08","No quiero algo complicado. Es fácil de usar? Soy Hugo de Lima. Saludos.","objeción","0","frio"
"L02036","CHUCK_01","Quiero cerrarlo ya, pero antes necesito validar compatibilidad con Facebook. Soy Luis de Lima. Gracias!","objeción","0","caliente"
"L02037","CHUCK_07","Me interesa, pero no estoy seguro si es lo que necesito. Me orientan?. Soy Raúl de Lima.","objeción","0","frio"
"L02038","CHUCK_04","Antes de arrancar, necesito confirmar que cumple con mi proceso de restaurante. Soy Lucía de Santiago. Saludos.","objeción","0","caliente"
"L02039","CHUCK_02","Tengo dudas con la integración a mis sistemas. Qué tan difícil es? Soy Sofía.","objeción","0","tibio"
"L02040","CHUCK_05","Tengo dudas con la integración a mis sistemas. Qué tan difícil es? Soy Luis de Córdoba. Gracias.","objeción","0","tibio"
"L02041","CHUCK_07","Quiero cerrarlo ya, pero antes necesito validar compatibilidad con Telegram. Soy Alejandro. Gracias!","objeción","0","caliente"
"L02042","CHUCK_01","Me interesa, pero no estoy seguro si es lo que necesito. Me orientan? Soy Andrés. Quedo atento.","objeción","0","frio"
"L02043","CHUCK_06","Quiero cerrarlo ya, pero antes necesito validar compatibilidad con WhatsApp. Gracias.","objeción","0","caliente"
"L02044","CHUCK_01","Tengo dudas sobre si se adapta a mi caso. Se puede probar? Soy Daniela de Buenos Aires. Saludos.","objeción","0","frio"
"L02045","CHUCK_06","Quiero cerrarlo ya, pero antes necesito validar compatibilidad con web. Quedo atento.","objeción","0","caliente"
"L02046","CHUCK_07","Tengo dudas sobre si se adapta a mi caso. Se puede probar? Soy Claudia. Gracias!","objeción","0","frio"
"L02047","CHUCK_10","Y el soporte: si tengo un problema, responden rápido? Soy Valentina. Gracias!","objeción","0","tibio"
"L02048","CHUCK_01","Quiero cerrarlo ya, pero antes necesito validar compatibilidad con Instagram. Soy Carolina.","objeción","0","caliente"
"L02049","CHUCK_07","Tengo dudas sobre si se adapta a mi caso. Se puede probar? Soy Sofía. Gracias!","objeción","0","frio"
"L02050","CHUCK_08","Y el soporte: si tengo un problema, responden rápido? Soy Nicolás. Saludos.","objeción","0","tibio"
"L02051","CHUCK_02","No quiero algo complicado. Es fácil de usar? Soy Carolina.","objeción","0","frio"
"L02052","CHUCK_06","Me interesa, pero no estoy seguro si es lo que necesito. Me orientan? Soy Julia. Gracias.","objeción","0","frio"
"L02053","CHUCK_08","Estoy para avanzar, pero necesito confirmar tiempos y que quede andando antes del viernes. Soy Pablo de Medellín.","objeción","0","caliente"
"L02054","CHUCK_07","Me interesa, pero no estoy seguro si es lo que necesito. Me orientan? Soy Patricia. Saludos.","objeción","0","frio"
"L02055","CHUCK_03","Antes de arrancar, necesito confirmar que cumple con mi proceso de gimnasio. Soy Gabriel de Bogotá. Gracias!","objeción","0","caliente"
"L02056","CHUCK_04","Me preocupa el tiempo de implementación. En general cuánto tarda? Soy Raúl de Bogotá. Gracias.","objeción","0","tibio"
"L02057","CHUCK_09","Me preocupa el tiempo de implementación. En general cuánto tarda? Soy Camila. Gracias.","objeción","0","tibio"
"L02058","CHUCK_08","Tengo dudas con la integración a mis sistemas. Qué tan difícil es? Gracias. Estoy en Medellín y lo necesito para email.","objeción","0","tibio"
"L02059","CHUCK_06","Tengo dudas con la integración a mis sistemas. Qué tan difícil es?. Estoy en Guadalajara y lo necesito para email.","objeción","0","tibio"
"L02060","CHUCK_03","Me interesa, pero no estoy seguro si es lo que necesito. Me orientan?. Manejo un presupuesto de 1213 al mes aprox.","objeción","1","frio"
"L02061","CHUCK_02","Y el soporte: si tengo un problema, responden rápido? Soy Fernando. Saludos.","objeción","0","tibio"
"L02062","CHUCK_06","Quiero cerrarlo ya, pero antes necesito validar compatibilidad con Telegram. Soy Brenda.","objeción","0","caliente"
"L02063","CHUCK_01","Antes de arrancar, necesito confirmar que cumple con mi proceso de turismo. Saludos.","objeción","0","caliente"
"L02064","CHUCK_03","Quiero cerrarlo ya, pero antes necesito validar compatibilidad con WhatsApp. Soy Carolina de Monterrey. Gracias!","objeción","0","caliente"
"L02065","CHUCK_01","Y el soporte: si tengo un problema, responden rápido? Soy Claudia.","objeción","0","tibio"
"L02066","CHUCK_07","Quiero cerrarlo ya, pero antes necesito validar compatibilidad con WhatsApp. Gracias!","objeción","0","caliente"
"L02067","CHUCK_01","Me preocupa el tiempo de implementación. En general cuánto tarda? Soy Martín de Córdoba. Quedo atento.","objeción","0","tibio"
"L02068","CHUCK_10","Y el soporte: si tengo un problema, responden rápido? Soy Laura de Buenos Aires.","objeción","0","tibio"
"L02069","CHUCK_06","Me interesa, pero no estoy seguro si es lo que necesito. Me orientan? Soy Andrea. Quedo atento.","objeción","0","frio"
"L02070","CHUCK_02","Estoy para avanzar, pero necesito confirmar tiempos y que quede andando hoy. Soy Alejandro. Saludos.","objeción","0","caliente"
"L02071","CHUCK_03","No quiero algo complicado. Es fácil de usar? Soy Alejandro de CDMX. Saludos.","objeción","0","frio"
"L02072","CHUCK_05","Y el soporte: si tengo un problema, responden rápido? Soy Diego de Guadalajara. Gracias.","objeción","0","tibio"
"L02073","CHUCK_10","Antes de arrancar, necesito confirmar que cumple con mi proceso de restaurante. Soy Carolina de Bogotá. Gracias.","objeción","0","caliente"
"L02074","CHUCK_08","Me preocupa el tiempo de implementación. En general cuánto tarda? Saludos. Soy Alejandro de Córdoba.","objeción","0","tibio"
"L02075","CHUCK_03","Tengo dudas con la integración a mis sistemas. Qué tan difícil es?. Estoy en Bogotá y lo necesito para Telegram.","objeción","0","tibio"
"L02076","CHUCK_03","Estoy para avanzar, pero necesito confirmar tiempos y que quede andando este mes. Soy Sergio. Saludos.","objeción","0","caliente"
"L02077","CHUCK_07","No quiero algo complicado. Es fácil de usar? Soy Emilio de CDMX. Quedo atento.","objeción","0","frio"
"L02078","CHUCK_07","Quiero cerrarlo ya, pero antes necesito validar compatibilidad con web. Soy Natalia. Saludos.","objeción","0","caliente"
"L02079","CHUCK_04","Me preocupa el tiempo de implementación. En general cuánto tarda? Soy Alejandro de Buenos Aires. Gracias.","objeción","0","tibio"
"L02080","CHUCK_07","Tengo dudas con la integración a mis sistemas. Qué tan difícil es? Soy Javier. Gracias.","objeción","0","tibio"
"L02081","CHUCK_05","Y el soporte: si tengo un problema, responden rápido? Soy Nicolás de Santiago. Saludos.","objeción","0","tibio"
"L02082","CHUCK_02","No quiero algo complicado. Es fácil de usar? Gracias!. Lo quiero para WhatsApp y mi rubro es gimnasio.","objeción","0","frio"
"L02083","CHUCK_02","Me preocupa el tiempo de implementación. En general cuánto tarda?. Es para una gimnasio y tenemos aprox 174 leads al mes.","objeción","0","tibio"
"L02084","CHUCK_09","Me interesa, pero no estoy seguro si es lo que necesito. Me orientan? Soy Martín. Gracias.","objeción","0","frio"
"L02085","CHUCK_01","Me preocupa el tiempo de implementación. En general cuánto tarda? Soy Claudia de Medellín. Quedo atento.","objeción","0","tibio"
"L02086","CHUCK_01","Antes de arrancar, necesito confirmar que cumple con mi proceso de gimnasio. Saludos.","objeción","0","caliente"
"L02087","CHUCK_06","Tengo dudas con la integración a mis sistemas. Qué tan difícil es? Soy Gabriel de Bogotá.","objeción","0","tibio"
"L02088","CHUCK_05","Tengo dudas con la integración a mis sistemas. Qué tan difícil es? Soy Mateo de Lima.","objeción","0","tibio"
"L02089","CHUCK_06","Tengo dudas sobre si se adapta a mi caso. Se puede probar? Gracias. Lo quiero para email y mi rubro es gimnasio.","objeción","0","frio"
"L02090","CHUCK_03","Me interesa, pero no estoy seguro si es lo que necesito. Me orientan? Soy Emilio de Bogotá. Saludos.","objeción","0","frio"
"L02091","CHUCK_06","Tengo dudas con la integración a mis sistemas. Qué tan difícil es?. Es para una estudio jurídico y tenemos aprox 141 leads al mes.","objeción","0","tibio"
"L02092","CHUCK_06","Quiero cerrarlo ya, pero antes necesito validar compatibilidad con Facebook. Soy Brenda de Monterrey. Gracias.","objeción","0","caliente"
"L02093","CHUCK_04","Y el soporte: si tengo un problema, responden rápido? Soy Lucía de Medellín.","objeción","0","tibio"
"L02094","CHUCK_02","Quiero cerrarlo ya, pero antes necesito validar compatibilidad con Telegram. Soy Pablo de Córdoba. Gracias.","objeción","0","caliente"
"L02095","CHUCK_02","Y el soporte: si tengo un problema, responden rápido? Soy Tomás de Monterrey. Saludos.","objeción","0","tibio"
"L02096","CHUCK_03","Tengo dudas sobre si se adapta a mi caso. Se puede probar? Soy Carlos. Quedo atento. Lo quiero para WhatsApp y mi rubro es concesionaria.","objeción","0","frio"
"L02097","CHUCK_09","Estoy para avanzar, pero necesito confirmar tiempos y que quede andando lo antes posible. Soy Natalia de Córdoba. Gracias.","objeción","0","caliente"
"L02098","CHUCK_06","Estoy para avanzar, pero necesito confirmar tiempos y que quede andando antes del viernes. Soy Nicolás. Gracias!","objeción","0","caliente"
"L02099","CHUCK_04","Me interesa, pero no estoy seguro si es lo que necesito. Me orientan? Gracias!. Idealmente me gustaria tenerlo listo para la próxima semana.","objeción","0","frio"
"L02100","CHUCK_05","Tengo dudas con la integración a mis sistemas. Qué tan difícil es? Soy Sergio. Gracias!","objeción","0","tibio"
"L02101","CHUCK_03","Buenas, necesito algo para e-commerce. Me contás qué opción recomiendan? Soy Martín de Guadalajara. Gracias!","saludo","0","tibio"
"L02102","CHUCK_02","Buenas, necesito un bot para WhatsApp para turismo en Bogotá. Qué pasos siguen? Saludos.","saludo","0","caliente"
"L02103","CHUCK_03","Hola, estoy interesado en un asistente con IA para Instagram. Qué incluye? Soy Martín. Gracias!","saludo","0","tibio"
"L02104","CHUCK_07","Buenas, necesito algo para estudio jurídico. Me contás qué opción recomiendan? Soy Ana. Gracias.","saludo","0","tibio"
"L02105","CHUCK_09","Buenas, me interesa un chatbot para ventas. Me das más info? Soy Raúl.","saludo","0","frio"
"L02106","CHUCK_06","Hola, quiero implementar un bot para WhatsApp en web hoy. Cómo seguimos? Soy Nicolás. Saludos.","saludo","0","caliente"
"L02107","CHUCK_02","Hola, quiero entender si sirve para gimnasio. Qué funcionalidades tiene? Soy Luis. Gracias!","saludo","0","tibio"
"L02108","CHUCK_02","Buenas, necesito algo para agencia. Me contás qué opción recomiendan? Soy Pablo de Medellín. Gracias!","saludo","0","tibio"
"L02109","CHUCK_08","Hola, estoy interesado en un sistema para gestionar leads para web. Qué incluye? Saludos.","saludo","0","tibio"
"L02110","CHUCK_02","Hola, quiero implementar un asistente con IA en Facebook esta semana. Cómo seguimos? Gracias!","saludo","0","caliente"
"L02111","CHUCK_06","Hola, estoy averiguando. Me podés contar qué hacen? Soy Raúl de Guadalajara.","saludo","0","frio"
"L02112","CHUCK_07","Hola, quiero entender si sirve para turismo. Qué funcionalidades tiene? Soy Camila de Córdoba.","saludo","0","tibio"
"L02113","CHUCK_07","Hola, quiero implementar un sistema para gestionar leads en web para la próxima semana. Cómo seguimos? Saludos.","saludo","0","caliente"
"L02114","CHUCK_07","Hola, vi que ofrecen un bot multicanal. Me contas cómo funciona? Soy Alejandro de CDMX.","saludo","0","frio"
"L02115","CHUCK_04","Hola, estoy averiguando. Me podés contar qué hacen? Soy Carolina de Monterrey.","saludo","0","frio"
"L02116","CHUCK_01","Hola, estoy averiguando. Me podés contar qué hacen? Gracias!","saludo","0","frio"
"L02117","CHUCK_06","Buenas, necesito un sistema para gestionar leads para concesionaria en Buenos Aires. Qué pasos siguen? Soy Fernando. Gracias.","saludo","0","caliente"
"L02118","CHUCK_02","Buenas, me interesa un asistente con IA. Me das más info? Soy Andrea de CDMX.","saludo","0","frio"
"L02119","CHUCK_02","Hola, estoy interesado en un bot para WhatsApp para web. Qué incluye? Gracias!","saludo","0","tibio"
"L02120","CHUCK_09","Buenas, me interesa un sistema para gestionar leads. Me das más info? Gracias!","saludo","0","frio"
"L02121","CHUCK_10","Hola, vi que ofrecen un sistema para gestionar leads. Me contas cómo funciona? Soy Ana de Monterrey. Gracias.","saludo","0","frio"
"L02122","CHUCK_04","Hola, estoy averiguando. Me podés contar qué hacen? Soy Florencia. Saludos.","saludo","0","frio"
"L02123","CHUCK_08","Hola, vi que ofrecen un chatbot para ventas. Me contas cómo funciona? Soy Emilio de Medellín. Saludos.","saludo","0","frio"
"L02124","CHUCK_08","Hola, estoy interesado en un bot para WhatsApp para web. Qué incluye? Soy Sofía de Santiago.","saludo","0","tibio"
"L02125","CHUCK_03","Hola, estoy interesado en un chatbot para ventas para Instagram. Qué incluye? Gracias.","saludo","0","tibio"
"L02126","CHUCK_10","Buenas, necesito algo para restaurante. Me contás qué opción recomiendan? Soy Alejandro de CDMX. Saludos.","saludo","0","tibio"
"L02127","CHUCK_04","Hola, quiero avanzar rápido. Me guían con los próximos pasos? Gracias.","saludo","0","caliente"
"L02128","CHUCK_10","Hola, quiero avanzar rápido. Me guían con los próximos pasos? Soy Iván. Gracias.","saludo","0","caliente"
"L02129","CHUCK_03","Hola, vi que ofrecen una automatización de atención. Me contas cómo funciona? Soy Ana de Medellín. Saludos.","saludo","0","frio"
"L02130","CHUCK_09","Buenas, necesito algo para academia. Me contás qué opción recomiendan? Soy Emilio.","saludo","0","tibio"
"L02131","CHUCK_01","Hola, quiero implementar un bot multicanal en Telegram antes del viernes. Cómo seguimos?","saludo","0","caliente"
"L02132","CHUCK_02","Hola, quiero entender si sirve para agencia. Qué funcionalidades tiene? Soy Laura. Gracias!","saludo","0","tibio"
"L02133","CHUCK_03","Hola, quiero entender si sirve para academia. Qué funcionalidades tiene? Quedo atento.","saludo","0","tibio"
"L02134","CHUCK_01","Hola, estoy averiguando. Me podés contar qué hacen? Soy Emilio. Gracias.","saludo","0","frio"
"L02135","CHUCK_01","Hola, estoy averiguando. Me podés contar qué hacen?","saludo","0","frio"
"L02136","CHUCK_06","Hola, quiero implementar una automatización de atención en Telegram esta semana. Cómo seguimos? Soy Javier. Saludos.","saludo","0","caliente"
"L02137","CHUCK_03","Hola, estoy interesado en un bot multicanal para WhatsApp. Qué incluye? Gracias.","saludo","0","tibio"
"L02138","CHUCK_05","Hola, estoy interesado en un bot para WhatsApp para WhatsApp. Qué incluye? Soy Emilio. Gracias!","saludo","0","tibio"
"L02139","CHUCK_06","Hola, quiero avanzar rápido. Me guían con los próximos pasos? Soy Claudia de CDMX. Saludos.","saludo","0","caliente"
"L02140","CHUCK_07","Hola, quiero implementar un bot para WhatsApp en web este mes. Cómo seguimos? Gracias!","saludo","0","caliente"
"L02141","CHUCK_05","Buenas, me interesa un sistema para gestionar leads. Me das más info? Soy Diego. Gracias.","saludo","0","frio"
"L02142","CHUCK_10","Hola, vi que ofrecen un bot para WhatsApp. Me contas cómo funciona? Soy Gabriel de Quito. Quedo atento.","saludo","0","frio"
"L02143","CHUCK_05","Hola, quiero entender si sirve para clínica. Qué funcionalidades tiene?","saludo","0","tibio"
"L02144","CHUCK_07","Hola, estoy averiguando. Me podés contar qué hacen? Gracias.","saludo","0","frio"
"L02145","CHUCK_10","Hola, quiero avanzar rápido. Me guían con los próximos pasos? Soy Martín de CDMX. Gracias.","saludo","0","caliente"
"L02146","CHUCK_10","Hola, quiero implementar una automatización de atención en Instagram esta semana. Cómo seguimos? Gracias.","saludo","0","caliente"
"L02147","CHUCK_01","Buenas, necesito algo para e-commerce. Me contás qué opción recomiendan?","saludo","0","tibio"
"L02148","CHUCK_08","Hola, quiero entender si sirve para academia. Qué funcionalidades tiene? Soy Fernando. Quedo atento.","saludo","0","tibio"
"L02149","CHUCK_08","Hola, quiero entender si sirve para restaurante. Qué funcionalidades tiene? Gracias!","saludo","0","tibio"
"L02150","CHUCK_07","Hola, quiero entender si sirve para e-commerce. Qué funcionalidades tiene? Gracias!","saludo","0","tibio"
"L02151","CHUCK_10","Hola, quiero avanzar rápido. Me guían con los próximos pasos? Gracias. Estoy en Quito y lo necesito para email.","saludo","0","caliente"
"L02152","CHUCK_01","Hola, estoy averiguando. Me podés contar qué hacen? Quedo atento.","saludo","0","frio"
"L02153","CHUCK_05","Buenas, me interesa un asistente con IA. Me das más info? Soy Fernando de Medellín. Gracias.","saludo","0","frio"
"L02154","CHUCK_09","Hola, quiero implementar un bot para WhatsApp en Telegram hoy. Cómo seguimos? Soy Diego. Gracias!","saludo","0","caliente"
"L02155","CHUCK_02","Hola, estoy averiguando. Me podés contar qué hacen? Soy Ricardo.","saludo","0","frio"
"L02156","CHUCK_07","Hola, quiero implementar un chatbot para ventas en WhatsApp hoy. Cómo seguimos? Soy Ricardo. Quedo atento.","saludo","0","caliente"
"L02157","CHUCK_04","Hola, vi que ofrecen un sistema para gestionar leads. Me contas cómo funciona? Soy Sergio. Gracias.","saludo","0","frio"
"L02158","CHUCK_10","Hola, vi que ofrecen un bot para WhatsApp. Me contas cómo funciona? Saludos.","saludo","0","frio"
"L02159","CHUCK_08","Hola, quiero implementar un chatbot para ventas en WhatsApp hoy. Cómo seguimos? Soy Nicolás de Córdoba.","saludo","0","caliente"
"L02160","CHUCK_03","Hola, estoy averiguando. Me podés contar qué hacen? Soy Sergio de Lima. Quedo atento.","saludo","0","frio"
"L02161","CHUCK_05","Buenas, me interesa un sistema para gestionar leads. Me das más info? Soy Raúl de Lima. Saludos.","saludo","0","frio"
"L02162","CHUCK_05","Hola, estoy averiguando. Me podés contar qué hacen? Gracias!. Es para una inmobiliaria y tenemos aprox 438 leads al mes.","saludo","0","frio"
"L02163","CHUCK_10","Hola, vi que ofrecen un bot para WhatsApp. Me contas cómo funciona?","saludo","0","frio"
"L02164","CHUCK_08","Hola, quiero implementar un asistente con IA en web hoy. Cómo seguimos? Quedo atento.","saludo","0","caliente"
"L02165","CHUCK_05","Hola, quiero implementar un bot para WhatsApp en Telegram esta semana. Cómo seguimos? Soy Natalia. Gracias!","saludo","0","caliente"
"L02166","CHUCK_08","Hola, quiero avanzar rápido. Me guían con los próximos pasos? Soy Renata.","saludo","0","caliente"
"L02167","CHUCK_03","Hola, estoy averiguando. Me podés contar qué hacen? Soy Valentina. Quedo atento.","saludo","0","frio"
"L02168","CHUCK_06","Hola, estoy averiguando. Me podés contar qué hacen? Saludos.","saludo","0","frio"
"L02169","CHUCK_07","Hola, quiero implementar una automatización de atención en email antes del viernes. Cómo seguimos?","saludo","0","caliente"
"L02170","CHUCK_07","Buenas, me interesa un asistente con IA. Me das más info? Gracias!","saludo","0","frio"
"L02171","CHUCK_06","Buenas, necesito algo para gimnasio. Me contás qué opción recomiendan? Soy Andrea de Santiago. Quedo atento.","saludo","0","tibio"
"L02172","CHUCK_09","Buenas, me interesa un sistema para gestionar leads. Me das más info? Soy Carlos de Buenos Aires.","saludo","0","frio"
"L02173","CHUCK_03","Buenas, necesito algo para e-commerce. Me contás qué opción recomiendan?. Soy Andrea de CDMX.","saludo","0","tibio"
"L02174","CHUCK_10","Hola, estoy averiguando. Me podés contar qué hacen? Soy Gabriel. Saludos.","saludo","0","frio"
"L02175","CHUCK_07","Hola, vi que ofrecen un chatbot para ventas. Me contas cómo funciona? Soy Claudia. Quedo atento.","saludo","0","frio"
"L02176","CHUCK_02","Hola, quiero implementar un sistema para gestionar leads en WhatsApp lo antes posible. Cómo seguimos? Soy Valentina.","saludo","0","caliente"
"L02177","CHUCK_06","Buenas, necesito algo para gimnasio. Me contás qué opción recomiendan? Quedo atento.","saludo","0","tibio"
"L02178","CHUCK_06","Hola, quiero implementar un chatbot para ventas en WhatsApp para la próxima semana. Cómo seguimos? Gracias!","saludo","0","caliente"
"L02179","CHUCK_05","Hola, estoy averiguando. Me podés contar qué hacen? Soy María. Gracias.","saludo","0","frio"
"L02180","CHUCK_10","Hola, quiero implementar un bot para WhatsApp en Facebook esta semana. Cómo seguimos? Gracias.","saludo","0","caliente"
"L02181","CHUCK_10","Buenas, necesito algo para clínica. Me contás qué opción recomiendan? Gracias.","saludo","0","tibio"
"L02182","CHUCK_10","Hola, quiero entender si sirve para clínica. Qué funcionalidades tiene? Soy Daniela de Quito. Gracias!","saludo","0","tibio"
"L02183","CHUCK_07","Hola, estoy interesado en un bot multicanal para Instagram. Qué incluye? Quedo atento.","saludo","0","tibio"
"L02184","CHUCK_05","Buenas, necesito un bot multicanal para turismo en Bogotá. Qué pasos siguen?","saludo","0","caliente"
"L02185","CHUCK_07","Hola, estoy interesado en un chatbot para ventas para Facebook. Qué incluye? Soy Florencia. Quedo atento.","saludo","0","tibio"
"L02186","CHUCK_09","Hola, quiero implementar un bot para WhatsApp en Facebook antes del viernes. Cómo seguimos?","saludo","0","caliente"
"L02187","CHUCK_09","Buenas, necesito algo para concesionaria. Me contás qué opción recomiendan? Soy Martín de CDMX. Saludos.","saludo","0","tibio"
"L02188","CHUCK_02","Hola, quiero entender si sirve para e-commerce. Qué funcionalidades tiene? Soy Natalia de Córdoba. Quedo atento.","saludo","0","tibio"
"L02189","CHUCK_01","Hola, estoy interesado en un chatbot para ventas para email. Qué incluye? Soy María de Monterrey. Gracias.","saludo","0","tibio"
"L02190","CHUCK_02","Buenas, necesito algo para e-commerce. Me contás qué opción recomiendan? Saludos.","saludo","0","tibio"
"L02191","CHUCK_08","Hola, estoy averiguando. Me podés contar qué hacen? Soy Paula de CDMX. Saludos.","saludo","0","frio"
"L02192","CHUCK_09","Buenas, necesito algo para restaurante. Me contás qué opción recomiendan? Gracias!","saludo","0","tibio"
"L02193","CHUCK_03","Buenas, me interesa un chatbot para ventas. Me das más info? Soy Ricardo.","saludo","0","frio"
"L02194","CHUCK_09","Hola, estoy interesado en un bot para WhatsApp para web. Qué incluye? Soy Mónica. Gracias.","saludo","0","tibio"
"L02195","CHUCK_02","Buenas, me interesa un chatbot para ventas. Me das más info?","saludo","0","frio"
"L02196","CHUCK_10","Hola, quiero entender si sirve para estudio jurídico. Qué funcionalidades tiene? Gracias.","saludo","0","tibio"
"L02197","CHUCK_04","Hola, estoy averiguando. Me podés contar qué hacen?. Lo quiero para WhatsApp y mi rubro es academia.","saludo","0","frio"
"L02198","CHUCK_10","Buenas, me interesa un bot para WhatsApp. Me das más info? Soy Sofía de Lima. Gracias.","saludo","0","frio"
"L02199","CHUCK_05","Hola, estoy averiguando. Me podés contar qué hacen? Soy Luis de Santiago. Gracias.","saludo","0","frio"
"L02200","CHUCK_02","Hola, quiero entender si sirve para agencia. Qué funcionalidades tiene? Soy Nicolás. Quedo atento.","saludo","0","tibio"
"L02201","CHUCK_03","Hola, quiero entender si sirve para concesionaria. Qué funcionalidades tiene? Soy Valentina de Bogotá. Gracias.","saludo","0","tibio"
"L02202","CHUCK_07","Hola, vi que ofrecen un bot para WhatsApp. Me contas cómo funciona? Soy Paula de Bogotá.","saludo","0","frio"
"L02203","CHUCK_08","Buenas, necesito un chatbot para ventas para inmobiliaria en CDMX. Qué pasos siguen? Quedo atento.","saludo","0","caliente"
"L02204","CHUCK_05","Hola, estoy interesado en un bot multicanal para WhatsApp. Qué incluye? Gracias. Soy Paula de Santiago.","saludo","0","tibio"
"L02205","CHUCK_08","Hola, estoy interesado en un asistente con IA para Telegram. Qué incluye? Soy Julia. Gracias.","saludo","0","tibio"
"L02206","CHUCK_05","Hola, quiero entender si sirve para academia. Qué funcionalidades tiene? Soy Carolina. Gracias!","saludo","0","tibio"
"L02207","CHUCK_03","Hola, quiero entender si sirve para e-commerce. Qué funcionalidades tiene? Saludos.","saludo","0","tibio"
"L02208","CHUCK_04","Buenas, necesito un asistente con IA para estudio jurídico en CDMX. Qué pasos siguen? Soy Sebastián. Quedo atento.","saludo","0","caliente"
"L02209","CHUCK_09","Buenas, necesito un bot multicanal para inmobiliaria en Lima. Qué pasos siguen? Soy Sergio de Lima. Quedo atento.","saludo","0","caliente"
"L02210","CHUCK_09","Hola, vi que ofrecen una automatización de atención. Me contas cómo funciona? Soy Valentina de Buenos Aires. Quedo atento.","saludo","0","frio"
"L02211","CHUCK_04","Hola, quiero entender si sirve para estudio jurídico. Qué funcionalidades tiene? Soy Javier. Saludos.","saludo","0","tibio"
"L02212","CHUCK_01","Hola, quiero implementar un chatbot para ventas en web para la próxima semana. Cómo seguimos? Gracias!","saludo","0","caliente"
"L02213","CHUCK_09","Hola, vi que ofrecen un bot multicanal. Me contas cómo funciona? Soy Andrés. Gracias.","saludo","0","frio"
"L02214","CHUCK_03","Hola, quiero avanzar rápido. Me guían con los próximos pasos? Soy Iván. Gracias. Lo quiero para Telegram y mi rubro es academia.","saludo","0","caliente"
"L02215","CHUCK_08","Hola, estoy interesado en un chatbot para ventas para email. Qué incluye?","saludo","0","tibio"
"L02216","CHUCK_02","Hola, vi que ofrecen una automatización de atención. Me contas cómo funciona? Soy Patricia. Gracias.","saludo","0","frio"
"L02217","CHUCK_03","Hola, estoy averiguando. Me podés contar qué hacen? Soy Sergio. Gracias!","saludo","0","frio"
"L02218","CHUCK_06","Hola, vi que ofrecen un bot para WhatsApp. Me contas cómo funciona? Soy Carolina de Monterrey.","saludo","0","frio"
"L02219","CHUCK_02","Buenas, me interesa un chatbot para ventas. Me das más info? Soy Gabriel. Gracias!","saludo","0","frio"
"L02220","CHUCK_01","Hola, estoy interesado en un asistente con IA para web. Qué incluye? Soy Mateo de Bogotá. Gracias!","saludo","0","tibio"
"L02221","CHUCK_01","Hola, vi que ofrecen un bot multicanal. Me contas cómo funciona? Quedo atento.","saludo","0","frio"
"L02222","CHUCK_04","Hola, vi que ofrecen un asistente con IA. Me contas cómo funciona?","saludo","0","frio"
"L02223","CHUCK_03","Hola, quiero implementar una automatización de atención en web para la próxima semana. Cómo seguimos? Soy Daniela de Quito. Saludos.","saludo","0","caliente"
"L02224","CHUCK_10","Hola, quiero entender si sirve para clínica. Qué funcionalidades tiene? Soy Fernando.","saludo","0","tibio"
"L02225","CHUCK_06","Hola, quiero entender si sirve para inmobiliaria. Qué funcionalidades tiene? Quedo atento.","saludo","0","tibio"
"L02226","CHUCK_10","Buenas, necesito un bot multicanal para inmobiliaria en Quito. Qué pasos siguen? Soy Sebastián de Quito. Gracias!","saludo","0","caliente"
"L02227","CHUCK_10","Hola, quiero implementar un bot para WhatsApp en web lo antes posible. Cómo seguimos?","saludo","0","caliente"
"L02228","CHUCK_09","Buenas, me interesa un asistente con IA. Me das más info? Saludos.","saludo","0","frio"
"L02229","CHUCK_07","Hola, vi que ofrecen un chatbot para ventas. Me contas cómo funciona? Soy Ana. Gracias!","saludo","0","frio"
"L02230","CHUCK_03","Hola, estoy interesado en un bot multicanal para email. Qué incluye? Soy Brenda de Bogotá.","saludo","0","tibio"
"L02231","CHUCK_03","Buenas, me interesa un bot para WhatsApp. Me das más info? Soy Iván de Quito. Saludos.","saludo","0","frio"
"L02232","CHUCK_10","Buenas, me interesa un bot multicanal. Me das más info? Soy Ricardo de Lima. Saludos.","saludo","0","frio"
"L02233","CHUCK_08","Hola, quiero avanzar rápido. Me guían con los próximos pasos? Gracias. Estoy en CDMX y lo necesito para email.","saludo","0","caliente"
"L02234","CHUCK_07","Buenas, me interesa un sistema para gestionar leads. Me das más info? Gracias!. Soy Tomás de Monterrey.","saludo","0","frio"
"L02235","CHUCK_06","Hola, quiero implementar un chatbot para ventas en WhatsApp hoy. Cómo seguimos? Soy Paula de Buenos Aires. Quedo atento.","saludo","0","caliente"
"L02236","CHUCK_05","Buenas, necesito algo para gimnasio. Me contás qué opción recomiendan? Soy Patricia. Gracias!","saludo","0","tibio"
"L02237","CHUCK_04","Buenas, necesito algo para estudio jurídico. Me contás qué opción recomiendan? Soy Javier de Quito. Quedo atento.","saludo","0","tibio"
"L02238","CHUCK_04","Hola, vi que ofrecen un bot para WhatsApp. Me contas cómo funciona? Soy Iván. Saludos.","saludo","0","frio"
"L02239","CHUCK_01","Buenas, me interesa un sistema para gestionar leads. Me das más info? Soy Claudia de Buenos Aires. Quedo atento.","saludo","0","frio"
"L02240","CHUCK_06","Hola, estoy interesado en una automatización de atención para Facebook. Qué incluye? Saludos.","saludo","0","tibio"
"L02241","CHUCK_05","Hola, quiero entender si sirve para inmobiliaria. Qué funcionalidades tiene? Soy Julia.","saludo","0","tibio"
"L02242","CHUCK_04","Buenas, me interesa un asistente con IA. Me das más info? Soy Paula.","saludo","0","frio"
"L02243","CHUCK_05","Hola, quiero avanzar rápido. Me guían con los próximos pasos? Gracias. Manejo un presupuesto de 920 al mes aprox.","saludo","1","caliente"
"L02244","CHUCK_03","Buenas, necesito algo para estudio jurídico. Me contás qué opción recomiendan? Soy Pablo de Medellín. Gracias.","saludo","0","tibio"
"L02245","CHUCK_08","Hola, estoy interesado en un bot para WhatsApp para email. Qué incluye? Gracias.","saludo","0","tibio"
"L02246","CHUCK_02","Hola, vi que ofrecen un bot para WhatsApp. Me contas cómo funciona? Soy Patricia de Bogotá. Gracias!","saludo","0","frio"
"L02247","CHUCK_07","Hola, estoy averiguando. Me podés contar qué hacen? Saludos. Soy Nicolás de Lima.","saludo","0","frio"
"L02248","CHUCK_03","Hola, estoy averiguando. Me podés contar qué hacen?. Manejo un presupuesto de 1326 al mes aprox.","saludo","1","frio"
"L02249","CHUCK_01","Hola, quiero implementar un sistema para gestionar leads en WhatsApp esta semana. Cómo seguimos? Soy Andrea de Lima.","saludo","0","caliente"
"L02250","CHUCK_02","Buenas, me interesa un asistente con IA. Me das más info? Soy Natalia de Monterrey.","saludo","0","frio"
"L02251","CHUCK_04","Hola, estoy averiguando. Me podés contar qué hacen? Soy Raúl. Quedo atento.","saludo","0","frio"
"L02252","CHUCK_03","Buenas, me interesa una automatización de atención. Me das más info? Soy Luis de Santiago. Quedo atento.","saludo","0","frio"
"L02253","CHUCK_06","Hola, quiero implementar un bot para WhatsApp en Instagram este mes. Cómo seguimos? Quedo atento.","saludo","0","caliente"
"L02254","CHUCK_05","Hola, quiero implementar un bot para WhatsApp en Telegram antes del viernes. Cómo seguimos? Soy Gabriel de Bogotá.","saludo","0","caliente"
"L02255","CHUCK_09","Hola, vi que ofrecen una automatización de atención. Me contas cómo funciona? Soy Carlos.","saludo","0","frio"
"L02256","CHUCK_08","Buenas, necesito un chatbot para ventas para clínica en Medellín. Qué pasos siguen? Gracias!","saludo","0","caliente"
"L02257","CHUCK_10","Hola, estoy averiguando. Me podés contar qué hacen? Soy Sofía de Guadalajara. Saludos.","saludo","0","frio"
"L02258","CHUCK_02","Hola, estoy averiguando. Me podés contar qué hacen? Gracias!. Estoy en Lima y lo necesito para web.","saludo","0","frio"
"L02259","CHUCK_05","Hola, quiero avanzar rápido. Me guían con los próximos pasos? Gracias!","saludo","0","caliente"
"L02260","CHUCK_03","Hola, quiero implementar un bot para WhatsApp en WhatsApp este mes. Cómo seguimos? Soy Valentina.","saludo","0","caliente"
"L02261","CHUCK_08","Hola, estoy averiguando. Me podés contar qué hacen? Gracias. Estoy en Santiago y lo necesito para Instagram.","saludo","0","frio"
"L02262","CHUCK_01","Hola, quiero avanzar rápido. Me guían con los próximos pasos? Soy Diego.","saludo","0","caliente"
"L02263","CHUCK_02","Hola, vi que ofrecen una automatización de atención. Me contas cómo funciona? Quedo atento.","saludo","0","frio"
"L02264","CHUCK_08","Hola, estoy interesado en un chatbot para ventas para Facebook. Qué incluye? Saludos.","saludo","0","tibio"
"L02265","CHUCK_10","Hola, estoy averiguando. Me podés contar qué hacen?. Estoy en Lima y lo necesito para Telegram.","saludo","0","frio"
"L02266","CHUCK_05","Buenas, necesito un chatbot para ventas para academia en Santiago. Qué pasos siguen? Soy Nicolás de Santiago.","saludo","0","caliente"
"L02267","CHUCK_07","Buenas, necesito algo para inmobiliaria. Me contás qué opción recomiendan? Soy Patricia. Gracias.","saludo","0","tibio"
"L02268","CHUCK_05","Buenas, me interesa un chatbot para ventas. Me das más info? Soy Laura.","saludo","0","frio"
"L02269","CHUCK_03","Hola, vi que ofrecen un sistema para gestionar leads. Me contas cómo funciona? Soy Daniela de Buenos Aires. Gracias.","saludo","0","frio"
"L02270","CHUCK_10","Hola, estoy averiguando. Me podés contar qué hacen? Soy Martín. Gracias.","saludo","0","frio"
"L02271","CHUCK_03","Hola, vi que ofrecen una automatización de atención. Me contas cómo funciona? Soy Laura de Santiago. Quedo atento.","saludo","0","frio"
"L02272","CHUCK_04","Hola, estoy interesado en una automatización de atención para email. Qué incluye? Soy Camila de Santiago.","saludo","0","tibio"
"L02273","CHUCK_08","Hola, quiero entender si sirve para inmobiliaria. Qué funcionalidades tiene?","saludo","0","tibio"
"L02274","CHUCK_01","Hola, quiero implementar un bot multicanal en Telegram para la próxima semana. Cómo seguimos? Soy Renata de Lima. Gracias.","saludo","0","caliente"
"L02275","CHUCK_05","Hola, estoy averiguando. Me podés contar qué hacen? Soy Natalia. Gracias.","saludo","0","frio"
"L02276","CHUCK_05","Hola, estoy interesado en un sistema para gestionar leads para web. Qué incluye? Quedo atento.","saludo","0","tibio"
"L02277","CHUCK_04","Buenas, necesito un asistente con IA para agencia en Lima. Qué pasos siguen? Saludos.","saludo","0","caliente"
"L02278","CHUCK_04","Hola, quiero implementar un chatbot para ventas en WhatsApp hoy. Cómo seguimos? Soy Javier. Gracias.","saludo","0","caliente"
"L02279","CHUCK_07","Hola, quiero implementar un chatbot para ventas en Facebook este mes. Cómo seguimos? Soy María de Lima. Quedo atento.","saludo","0","caliente"
"L02280","CHUCK_06","Hola, quiero implementar un sistema para gestionar leads en Instagram esta semana. Cómo seguimos? Soy Andrea. Quedo atento.","saludo","0","caliente"
"L02281","CHUCK_01","Buenas, necesito un bot multicanal para agencia en Quito. Qué pasos siguen? Soy Carolina de Quito.","saludo","0","caliente"
"L02282","CHUCK_05","Hola, quiero implementar un bot para WhatsApp en WhatsApp hoy. Cómo seguimos?","saludo","0","caliente"
"L02283","CHUCK_07","Buenas, necesito un asistente con IA para academia en Quito. Qué pasos siguen? Gracias!","saludo","0","caliente"
"L02284","CHUCK_07","Hola, estoy interesado en un sistema para gestionar leads para WhatsApp. Qué incluye? Soy Florencia. Gracias!","saludo","0","tibio"
"L02285","CHUCK_10","Buenas, necesito un sistema para gestionar leads para concesionaria en Lima. Qué pasos siguen? Gracias.","saludo","0","caliente"
"L02286","CHUCK_03","Hola, quiero entender si sirve para turismo. Qué funcionalidades tiene?","saludo","0","tibio"
"L02287","CHUCK_09","Buenas, necesito algo para estudio jurídico. Me contás qué opción recomiendan? Gracias.","saludo","0","tibio"
"L02288","CHUCK_09","Hola, quiero entender si sirve para agencia. Qué funcionalidades tiene? Soy María. Gracias!","saludo","0","tibio"
"L02289","CHUCK_09","Hola, vi que ofrecen un sistema para gestionar leads. Me contas cómo funciona? Soy Natalia. Gracias.","saludo","0","frio"
"L02290","CHUCK_01","Buenas, necesito una automatización de atención para gimnasio en Santiago. Qué pasos siguen? Soy Iván. Gracias!","saludo","0","caliente"
"L02291","CHUCK_03","Hola, quiero entender si sirve para clínica. Qué funcionalidades tiene? Soy Andrea. Gracias!","saludo","0","tibio"
"L02292","CHUCK_02","Hola, estoy averiguando. Me podés contar qué hacen?. Idealmente me gustaria tenerlo listo esta semana.","saludo","0","frio"
"L02293","CHUCK_03","Hola, quiero entender si sirve para clínica. Qué funcionalidades tiene? Soy Florencia. Saludos.","saludo","0","tibio"
"L02294","CHUCK_08","Buenas, necesito un sistema para gestionar leads para estudio jurídico en Monterrey. Qué pasos siguen?","saludo","0","caliente"
"L02295","CHUCK_04","Hola, vi que ofrecen un asistente con IA. Me contas cómo funciona?. Idealmente me gustaria tenerlo listo antes del viernes.","saludo","0","frio"
"L02296","CHUCK_09","Buenas, me interesa un chatbot para ventas. Me das más info? Saludos.","saludo","0","frio"
"L02297","CHUCK_01","Buenas, necesito un bot multicanal para restaurante en Córdoba. Qué pasos siguen? Soy Iván.","saludo","0","caliente"
"L02298","CHUCK_01","Buenas, me interesa un bot multicanal. Me das más info? Gracias.","saludo","0","frio"
"L02299","CHUCK_03","Hola, quiero implementar un bot multicanal en Telegram para la próxima semana. Cómo seguimos? Gracias.","saludo","0","caliente"
"L02300","CHUCK_06","Hola, vi que ofrecen una automatización de atención. Me contas cómo funciona? Soy Mateo. Saludos.","saludo","0","frio"
"L02301","CHUCK_03","Hola, quiero entender si sirve para concesionaria. Qué funcionalidades tiene? Soy Lucía de Santiago. Gracias.","saludo","0","tibio"
"L02302","CHUCK_06","Buenas, necesito algo para agencia. Me contás qué opción recomiendan? Soy Luis.","saludo","0","tibio"
"L02303","CHUCK_07","Hola, vi que ofrecen una automatización de atención. Me contas cómo funciona? Soy Fernando de Buenos Aires. Saludos.","saludo","0","frio"
"L02304","CHUCK_03","Hola, estoy interesado en un chatbot para ventas para Instagram. Qué incluye? Soy Sergio. Gracias!","saludo","0","tibio"
"L02305","CHUCK_09","Buenas, me interesa un bot para WhatsApp. Me das más info? Soy Mónica de Monterrey. Gracias.","saludo","0","frio"
"L02306","CHUCK_10","Hola, quiero avanzar rápido. Me guían con los próximos pasos? Soy Emilio. Saludos.","saludo","0","caliente"
"L02307","CHUCK_08","Hola, estoy interesado en un bot para WhatsApp para web. Qué incluye? Soy Ricardo. Quedo atento.","saludo","0","tibio"
"L02308","CHUCK_06","Buenas, me interesa una automatización de atención. Me das más info? Quedo atento.","saludo","0","frio"
"L02309","CHUCK_06","Hola, quiero implementar una automatización de atención en web lo antes posible. Cómo seguimos?","saludo","0","caliente"
"L02310","CHUCK_04","Hola, vi que ofrecen una automatización de atención. Me contas cómo funciona? Quedo atento. Manejo un presupuesto de 504 al mes aprox.","saludo","1","frio"
"L02311","CHUCK_01","Buenas, necesito un chatbot para ventas para restaurante en Lima. Qué pasos siguen? Soy Tomás. Quedo atento.","saludo","0","caliente"
"L02312","CHUCK_05","Buenas, necesito un bot para WhatsApp para turismo en Monterrey. Qué pasos siguen? Soy Andrea. Saludos.","saludo","0","caliente"
"L02313","CHUCK_05","Buenas, necesito algo para estudio jurídico. Me contás qué opción recomiendan? Soy Claudia.","saludo","0","tibio"
"L02314","CHUCK_02","Hola, estoy averiguando. Me podés contar qué hacen? Soy Brenda de Buenos Aires. Gracias.","saludo","0","frio"
"L02315","CHUCK_05","Hola, quiero implementar un chatbot para ventas en Instagram antes del viernes. Cómo seguimos? Soy Daniela de Buenos Aires. Quedo atento.","saludo","0","caliente"
"L02316","CHUCK_07","Hola, quiero entender si sirve para inmobiliaria. Qué funcionalidades tiene? Soy Daniela. Quedo atento.","saludo","0","tibio"
"L02317","CHUCK_08","Hola, quiero entender si sirve para inmobiliaria. Qué funcionalidades tiene? Soy Andrés de Córdoba. Quedo atento.","saludo","0","tibio"
"L02318","CHUCK_06","Hola, estoy averiguando. Me podés contar qué hacen? Gracias. Es para una agencia y tenemos aprox 487 leads al mes.","saludo","0","frio"
"L02319","CHUCK_10","Hola, estoy averiguando. Me podés contar qué hacen? Gracias. Manejo un presupuesto de 215 al mes aprox.","saludo","1","frio"
"L02320","CHUCK_09","Hola, vi que ofrecen un sistema para gestionar leads. Me contas cómo funciona?","saludo","0","frio"
"L02321","CHUCK_03","Hola, vi que ofrecen un asistente con IA. Me contas cómo funciona? Soy Sergio. Saludos.","saludo","0","frio"
"L02322","CHUCK_10","Buenas, necesito algo para inmobiliaria. Me contás qué opción recomiendan? Soy Martín de Monterrey.","saludo","0","tibio"
"L02323","CHUCK_03","Hola, vi que ofrecen un sistema para gestionar leads. Me contas cómo funciona? Saludos.","saludo","0","frio"
"L02324","CHUCK_06","Hola, estoy averiguando. Me podés contar qué hacen? Gracias!. Manejo un presupuesto de 1179 al mes aprox.","saludo","1","frio"
"L02325","CHUCK_10","Hola, estoy interesado en un bot para WhatsApp para WhatsApp. Qué incluye? Soy Ricardo de Buenos Aires. Saludos.","saludo","0","tibio"
"L02326","CHUCK_02","Hola, estoy interesado en un bot multicanal para Telegram. Qué incluye? Soy Daniela.","saludo","0","tibio"
"L02327","CHUCK_06","Hola, quiero avanzar rápido. Me guían con los próximos pasos? Soy Patricia. Gracias!","saludo","0","caliente"
"L02328","CHUCK_07","Buenas, necesito un asistente con IA para agencia en Córdoba. Qué pasos siguen? Soy Alejandro de Córdoba. Gracias.","saludo","0","caliente"
"L02329","CHUCK_08","Hola, quiero entender si sirve para turismo. Qué funcionalidades tiene?. Manejo un presupuesto de 605 al mes aprox.","saludo","1","tibio"
"L02330","CHUCK_04","Hola, quiero avanzar rápido. Me guían con los próximos pasos? Soy Andrés. Gracias!","saludo","0","caliente"
"L02331","CHUCK_03","Buenas, me interesa una automatización de atención. Me das más info? Gracias.","saludo","0","frio"
"L02332","CHUCK_02","Buenas, necesito algo para clínica. Me contás qué opción recomiendan? Gracias!","saludo","0","tibio"
"L02333","CHUCK_04","Hola, estoy interesado en un bot multicanal para email. Qué incluye? Soy Natalia de Santiago. Quedo atento.","saludo","0","tibio"
"L02334","CHUCK_10","Hola, quiero avanzar rápido. Me guían con los próximos pasos? Gracias!. Idealmente me gustaria tenerlo listo esta semana.","saludo","0","caliente"
"L02335","CHUCK_02","Hola, quiero entender si sirve para turismo. Qué funcionalidades tiene? Soy Laura de CDMX. Saludos.","saludo","0","tibio"
"L02336","CHUCK_01","Hola, estoy averiguando. Me podés contar qué hacen? Soy Florencia de Santiago. Gracias.","saludo","0","frio"
"L02337","CHUCK_04","Hola, quiero entender si sirve para e-commerce. Qué funcionalidades tiene? Soy Lucía.","saludo","0","tibio"
"L02338","CHUCK_09","Buenas, necesito un sistema para gestionar leads para estudio jurídico en Monterrey. Qué pasos siguen? Gracias!","saludo","0","caliente"
"L02339","CHUCK_04","Buenas, necesito un asistente con IA para concesionaria en Quito. Qué pasos siguen? Soy Laura. Saludos.","saludo","0","caliente"
"L02340","CHUCK_07","Buenas, necesito un chatbot para ventas para gimnasio en Medellín. Qué pasos siguen? Soy Camila de Medellín. Gracias.","saludo","0","caliente"
"L02341","CHUCK_07","Buenas, me interesa un bot para WhatsApp. Me das más info? Soy Verónica.","saludo","0","frio"
"L02342","CHUCK_03","Buenas, me interesa una automatización de atención. Me das más info? Soy Lucía. Gracias.","saludo","0","frio"
"L02343","CHUCK_05","Hola, estoy interesado en un sistema para gestionar leads para Telegram. Qué incluye? Gracias!","saludo","0","tibio"
"L02344","CHUCK_09","Hola, quiero entender si sirve para concesionaria. Qué funcionalidades tiene?","saludo","0","tibio"
"L02345","CHUCK_04","Hola, vi que ofrecen una automatización de atención. Me contas cómo funciona? Soy Valentina de Bogotá. Gracias!","saludo","0","frio"
"L02346","CHUCK_01","Hola, quiero implementar una automatización de atención en Facebook hoy. Cómo seguimos? Saludos.","saludo","0","caliente"
"L02347","CHUCK_03","Buenas, necesito un bot multicanal para turismo en Medellín. Qué pasos siguen? Gracias.","saludo","0","caliente"
"L02348","CHUCK_01","Hola, quiero entender si sirve para turismo. Qué funcionalidades tiene? Soy Nicolás. Gracias!","saludo","0","tibio"
"L02349","CHUCK_01","Hola, estoy interesado en una automatización de atención para email. Qué incluye? Gracias!","saludo","0","tibio"
"L02350","CHUCK_06","Buenas, necesito algo para e-commerce. Me contás qué opción recomiendan? Soy Alejandro. Saludos.","saludo","0","tibio"
"L02351","CHUCK_04","Hola, quiero implementar un chatbot para ventas en Facebook hoy. Cómo seguimos? Soy Mateo de Monterrey. Saludos.","saludo","0","caliente"
"L02352","CHUCK_06","Hola, estoy interesado en un bot multicanal para Facebook. Qué incluye? Gracias.","saludo","0","tibio"
"L02353","CHUCK_06","Hola, estoy averiguando. Me podés contar qué hacen? Gracias!. Estoy en Córdoba y lo necesito para WhatsApp.","saludo","0","frio"
"L02354","CHUCK_03","Buenas, necesito un chatbot para ventas para agencia en Medellín. Qué pasos siguen? Soy Laura. Saludos.","saludo","0","caliente"
"L02355","CHUCK_10","Hola, quiero avanzar rápido. Me guían con los próximos pasos? Quedo atento.","saludo","0","caliente"
"L02356","CHUCK_10","Hola, estoy averiguando. Me podés contar qué hacen? Soy Natalia de Santiago. Gracias!","saludo","0","frio"
"L02357","CHUCK_05","Hola, estoy interesado en un bot multicanal para Instagram. Qué incluye? Soy Paula de Lima.","saludo","0","tibio"
"L02358","CHUCK_01","Hola, quiero avanzar rápido. Me guían con los próximos pasos? Soy Camila. Quedo atento.","saludo","0","caliente"
"L02359","CHUCK_10","Hola, quiero implementar un chatbot para ventas en Facebook hoy. Cómo seguimos? Gracias.","saludo","0","caliente"
"L02360","CHUCK_08","Buenas, me interesa una automatización de atención. Me das más info? Soy Ana. Gracias!","saludo","0","frio"
"L02361","CHUCK_01","Buenas, necesito algo para turismo. Me contás qué opción recomiendan? Soy Ana. Gracias.","saludo","0","tibio"
"L02362","CHUCK_04","Hola, vi que ofrecen un bot multicanal. Me contas cómo funciona? Soy Fernando de Quito. Quedo atento.","saludo","0","frio"
"L02363","CHUCK_03","Hola, quiero implementar un asistente con IA en web esta semana. Cómo seguimos? Soy Paula de Lima.","saludo","0","caliente"
"L02364","CHUCK_08","Hola, estoy interesado en un bot multicanal para Facebook. Qué incluye?","saludo","0","tibio"
"L02365","CHUCK_01","Hola, estoy averiguando. Me podés contar qué hacen? Soy Valentina. Gracias.","saludo","0","frio"
"L02366","CHUCK_08","Hola, quiero implementar un bot multicanal en email lo antes posible. Cómo seguimos?","saludo","0","caliente"
"L02367","CHUCK_06","Hola, quiero entender si sirve para agencia. Qué funcionalidades tiene? Soy Brenda.","saludo","0","tibio"
"L02368","CHUCK_06","Hola, quiero avanzar rápido. Me guían con los próximos pasos? Soy Andrea de Quito. Gracias.","saludo","0","caliente"
"L02369","CHUCK_06","Hola, quiero implementar un chatbot para ventas en email este mes. Cómo seguimos? Soy Andrés. Saludos.","saludo","0","caliente"
"L02370","CHUCK_08","Hola, estoy averiguando. Me podés contar qué hacen? Soy Mateo de Medellín. Saludos.","saludo","0","frio"
"L02371","CHUCK_08","Hola, vi que ofrecen un sistema para gestionar leads. Me contas cómo funciona? Soy Alejandro de CDMX. Quedo atento.","saludo","0","frio"
"L02372","CHUCK_01","Hola, vi que ofrecen un chatbot para ventas. Me contas cómo funciona? Soy Laura de Córdoba. Quedo atento.","saludo","0","frio"
"L02373","CHUCK_10","Hola, quiero avanzar rápido. Me guían con los próximos pasos? Quedo atento. Es para una estudio jurídico y tenemos aprox 470 leads al mes.","saludo","0","caliente"
"L02374","CHUCK_07","Buenas, me interesa un asistente con IA. Me das más info? Soy Martín de Quito. Quedo atento.","saludo","0","frio"
"L02375","CHUCK_08","Hola, quiero entender si sirve para restaurante. Qué funcionalidades tiene? Soy Martín. Gracias!","saludo","0","tibio"
"L02376","CHUCK_06","Hola, estoy averiguando. Me podés contar qué hacen? Soy Sergio. Gracias!. Soy Sergio de Bogotá.","saludo","0","frio"
"L02377","CHUCK_09","Hola, vi que ofrecen un chatbot para ventas. Me contas cómo funciona? Soy Patricia. Quedo atento.","saludo","0","frio"
"L02378","CHUCK_08","Hola, quiero implementar un chatbot para ventas en email este mes. Cómo seguimos? Soy Andrea de CDMX. Gracias.","saludo","0","caliente"
"L02379","CHUCK_06","Buenas, necesito algo para estudio jurídico. Me contás qué opción recomiendan? Gracias. Lo quiero para Facebook y mi rubro es estudio jurídico.","saludo","0","tibio"
"L02380","CHUCK_01","Buenas, necesito un chatbot para ventas para inmobiliaria en Córdoba. Qué pasos siguen? Soy Paula. Gracias!","saludo","0","caliente"
"L02381","CHUCK_06","Buenas, necesito un sistema para gestionar leads para gimnasio en Medellín. Qué pasos siguen? Quedo atento.","saludo","0","caliente"
"L02382","CHUCK_07","Hola, vi que ofrecen una automatización de atención. Me contas cómo funciona?","saludo","0","frio"
"L02383","CHUCK_06","Buenas, me interesa un asistente con IA. Me das más info? Soy Laura. Saludos.","saludo","0","frio"
"L02384","CHUCK_09","Hola, quiero entender si sirve para gimnasio. Qué funcionalidades tiene? Gracias.","saludo","0","tibio"
"L02385","CHUCK_05","Hola, quiero entender si sirve para concesionaria. Qué funcionalidades tiene? Soy Gabriel.","saludo","0","tibio"
"L02386","CHUCK_02","Hola, vi que ofrecen un bot para WhatsApp. Me contas cómo funciona? Saludos. Soy Mateo de Quito.","saludo","0","frio"
"L02387","CHUCK_01","Hola, quiero entender si sirve para turismo. Qué funcionalidades tiene? Soy Hugo. Gracias!","saludo","0","tibio"
"L02388","CHUCK_01","Hola, estoy interesado en un asistente con IA para email. Qué incluye? Soy Laura de Guadalajara. Quedo atento.","saludo","0","tibio"
"L02389","CHUCK_01","Hola, quiero avanzar rápido. Me guían con los próximos pasos? Soy Patricia de Buenos Aires.","saludo","0","caliente"
"L02390","CHUCK_01","Hola, estoy interesado en un bot para WhatsApp para Telegram. Qué incluye?","saludo","0","tibio"
"L02391","CHUCK_07","Hola, quiero implementar un bot multicanal en Telegram este mes. Cómo seguimos? Soy Luis de Guadalajara. Gracias!","saludo","0","caliente"
"L02392","CHUCK_07","Hola, quiero entender si sirve para clínica. Qué funcionalidades tiene? Gracias!","saludo","0","tibio"
"L02393","CHUCK_02","Hola, quiero implementar un asistente con IA en Instagram hoy. Cómo seguimos? Soy Fernando. Gracias!","saludo","0","caliente"
"L02394","CHUCK_03","Buenas, necesito algo para inmobiliaria. Me contás qué opción recomiendan? Soy Gabriel. Quedo atento.","saludo","0","tibio"
"L02395","CHUCK_01","Hola, vi que ofrecen un sistema para gestionar leads. Me contas cómo funciona? Saludos. Estoy en Lima y lo necesito para WhatsApp.","saludo","0","frio"
"L02396","CHUCK_07","Hola, estoy interesado en una automatización de atención para web. Qué incluye? Gracias.","saludo","0","tibio"
"L02397","CHUCK_10","Hola, estoy interesado en un bot para WhatsApp para Instagram. Qué incluye? Soy Sofía. Gracias.","saludo","0","tibio"
"L02398","CHUCK_08","Hola, quiero implementar una automatización de atención en Facebook lo antes posible. Cómo seguimos? Soy María. Saludos.","saludo","0","caliente"
"L02399","CHUCK_07","Hola, vi que ofrecen un asistente con IA. Me contas cómo funciona? Gracias!","saludo","0","frio"
"L02400","CHUCK_02","Hola, estoy interesado en un asistente con IA para Instagram. Qué incluye? Soy Raúl de Guadalajara.","saludo","0","tibio"
"L02401","CHUCK_03","Hola, retomo para avanzar hoy. Qué falta para arrancar? Soy Fernando.","seguimiento","0","caliente"
"L02402","CHUCK_10","Buenas, sigo interesado en un bot para WhatsApp para Facebook. Cómo avanzamos? Saludos.","seguimiento","0","tibio"
"L02403","CHUCK_06","Hola, retomo. Pudieron revisar mi caso de gimnasio? Soy Luis de Lima.","seguimiento","0","tibio"
"L02404","CHUCK_02","Hola, retomo. Pudieron revisar mi caso de e-commerce?","seguimiento","0","tibio"
"L02405","CHUCK_09","Buenas, sigo interesado en un chatbot para ventas para Facebook. Cómo avanzamos? Soy Camila.","seguimiento","0","tibio"
"L02406","CHUCK_05","Hola, retomo. Pudieron revisar mi caso de academia? Soy Nicolás.","seguimiento","0","tibio"
"L02407","CHUCK_09","Hola, sigo listo para implementar en Telegram. Coordinamos? Soy Hugo. Gracias.","seguimiento","0","caliente"
"L02408","CHUCK_08","Hola, retomo para avanzar hoy. Qué falta para arrancar? Soy Alejandro de Monterrey. Saludos.","seguimiento","0","caliente"
"L02409","CHUCK_07","Hola, sigo interesado. Tienen un resumen de cómo funciona? Soy Raúl. Quedo atento.","seguimiento","0","frio"
"L02410","CHUCK_03","Buenas, quedé con una duda. Me ayudan?","seguimiento","0","frio"
"L02411","CHUCK_10","Buenas, quedé con una duda. Me ayudan? Soy Raúl de Medellín. Gracias!","seguimiento","0","frio"
"L02412","CHUCK_06","Hola, sigo interesado. Tienen un resumen de cómo funciona? Soy Paula de Santiago. Gracias.","seguimiento","0","frio"
"L02413","CHUCK_10","Buenas, necesito cerrar hoy. Me dicen próximos pasos? Soy Javier de Guadalajara. Gracias.","seguimiento","0","caliente"
"L02414","CHUCK_01","Hola, quedó pendiente la info. Me la pueden enviar? Soy Gabriel de Bogotá.","seguimiento","0","tibio"
"L02415","CHUCK_02","Buenas, necesito cerrar esta semana. Me dicen próximos pasos?","seguimiento","0","caliente"
"L02416","CHUCK_08","Buenas, necesito cerrar hoy. Me dicen próximos pasos? Soy Nicolás de CDMX. Saludos.","seguimiento","0","caliente"
"L02417","CHUCK_02","Buenas, necesito cerrar para la próxima semana. Me dicen próximos pasos? Quedo atento.","seguimiento","0","caliente"
"L02418","CHUCK_06","Buenas, sigo interesado en un bot para WhatsApp para Instagram. Cómo avanzamos? Quedo atento.","seguimiento","0","tibio"
"L02419","CHUCK_07","Hola, sigo listo para implementar en Telegram. Coordinamos? Soy Fernando. Saludos.","seguimiento","0","caliente"
"L02420","CHUCK_08","Hola, sigo listo para implementar en Instagram. Coordinamos?","seguimiento","0","caliente"
"L02421","CHUCK_05","Hola, retomo mi consulta. Me pueden orientar? Quedo atento.","seguimiento","0","frio"
"L02422","CHUCK_01","Buenas, necesito cerrar lo antes posible. Me dicen próximos pasos? Soy Emilio de CDMX.","seguimiento","0","caliente"
"L02423","CHUCK_01","Hola, retomo. Pudieron revisar mi caso de e-commerce? Soy Natalia de Córdoba. Gracias.","seguimiento","0","tibio"
"L02424","CHUCK_05","Hola, sigo listo para implementar en email. Coordinamos? Saludos.","seguimiento","0","caliente"
"L02425","CHUCK_09","Hola, sigo listo para implementar en WhatsApp. Coordinamos? Soy Mateo. Gracias.","seguimiento","0","caliente"
"L02426","CHUCK_08","Hola, retomo mi consulta. Me pueden orientar? Gracias.","seguimiento","0","frio"
"L02427","CHUCK_05","Hola, retomo para avanzar hoy. Qué falta para arrancar? Soy Diego de Santiago. Saludos.","seguimiento","0","caliente"
"L02428","CHUCK_05","Hola, sigo listo para implementar en Telegram. Coordinamos? Quedo atento.","seguimiento","0","caliente"
"L02429","CHUCK_01","Hola, sigo interesado. Tienen un resumen de cómo funciona? Gracias!","seguimiento","0","frio"
"L02430","CHUCK_05","Hola, sigo listo para implementar en web. Coordinamos? Quedo atento.","seguimiento","0","caliente"
"L02431","CHUCK_02","Hola, sigo interesado. Tienen un resumen de cómo funciona? Soy Sofía de Monterrey. Quedo atento.","seguimiento","0","frio"
"L02432","CHUCK_08","Hola, retomo mi consulta. Me pueden orientar? Soy Natalia de Lima.","seguimiento","0","frio"
"L02433","CHUCK_03","Hola, retomo. Pudieron revisar mi caso de restaurante? Soy Gabriel. Quedo atento.","seguimiento","0","tibio"
"L02434","CHUCK_08","Buenas, sigo interesado en un sistema para gestionar leads para web. Cómo avanzamos?","seguimiento","0","tibio"
"L02435","CHUCK_01","Hola, quedó pendiente la info. Me la pueden enviar?","seguimiento","0","tibio"
"L02436","CHUCK_07","Hola, sigo listo para implementar en web. Coordinamos? Quedo atento. Idealmente me gustaria tenerlo listo antes del viernes.","seguimiento","0","caliente"
"L02437","CHUCK_08","Hola, retomo mi consulta. Me pueden orientar? Soy Ricardo de Santiago. Gracias.","seguimiento","0","frio"
"L02438","CHUCK_05","Buenas, necesito cerrar hoy. Me dicen próximos pasos? Soy Andrea. Gracias!","seguimiento","0","caliente"
"L02439","CHUCK_04","Buenas, quedé con una duda. Me ayudan? Soy Andrea. Quedo atento.","seguimiento","0","frio"
"L02440","CHUCK_06","Hola, retomo mi consulta. Me pueden orientar?","seguimiento","0","frio"
"L02441","CHUCK_10","Hola, sigo interesado. Tienen un resumen de cómo funciona? Soy Andrés de Quito. Gracias!","seguimiento","0","frio"
"L02442","CHUCK_01","Hola, retomo para avanzar hoy. Qué falta para arrancar? Soy Fernando. Quedo atento.","seguimiento","0","caliente"
"L02443","CHUCK_08","Hola, sigo listo para implementar en Instagram. Coordinamos?. Idealmente me gustaria tenerlo listo antes del viernes.","seguimiento","0","caliente"
"L02444","CHUCK_03","Hola, retomo mi consulta. Me pueden orientar? Soy Paula de Guadalajara. Quedo atento.","seguimiento","0","frio"
"L02445","CHUCK_08","Buenas, quedé con una duda. Me ayudan? Soy Renata. Saludos.","seguimiento","0","frio"
"L02446","CHUCK_03","Hola, retomo. Pudieron revisar mi caso de e-commerce? Quedo atento.","seguimiento","0","tibio"
"L02447","CHUCK_05","Hola, retomo. Pudieron revisar mi caso de academia? Gracias!","seguimiento","0","tibio"
"L02448","CHUCK_05","Hola, retomo. Pudieron revisar mi caso de academia? Soy Valentina de Guadalajara. Quedo atento.","seguimiento","0","tibio"
"L02449","CHUCK_01","Buenas, sigo interesado en un bot para WhatsApp para Instagram. Cómo avanzamos? Saludos.","seguimiento","0","tibio"
"L02450","CHUCK_10","Buenas, quedé con una duda. Me ayudan? Soy Mateo de Medellín. Gracias!","seguimiento","0","frio"
"L02451","CHUCK_06","Hola, quedó pendiente la info. Me la pueden enviar?. Idealmente me gustaria tenerlo listo para la próxima semana.","seguimiento","0","tibio"
"L02452","CHUCK_06","Buenas, necesito cerrar hoy. Me dicen próximos pasos? Soy Sergio.","seguimiento","0","caliente"
"L02453","CHUCK_04","Hola, retomo mi consulta. Me pueden orientar? Soy María. Quedo atento.","seguimiento","0","frio"
"L02454","CHUCK_06","Buenas, sigo interesado en un sistema para gestionar leads para email. Cómo avanzamos? Soy Brenda. Saludos.","seguimiento","0","tibio"
"L02455","CHUCK_10","Buenas, sigo interesado en un chatbot para ventas para email. Cómo avanzamos? Soy Martín de Córdoba. Saludos.","seguimiento","0","tibio"
"L02456","CHUCK_09","Hola, retomo mi consulta. Me pueden orientar? Quedo atento. Manejo un presupuesto de 1452 al mes aprox.","seguimiento","1","frio"
"L02457","CHUCK_07","Hola, retomo para avanzar hoy. Qué falta para arrancar? Soy Raúl. Gracias!","seguimiento","0","caliente"
"L02458","CHUCK_07","Buenas, necesito cerrar este mes. Me dicen próximos pasos? Soy Brenda. Quedo atento.","seguimiento","0","caliente"
"L02459","CHUCK_06","Hola, sigo listo para implementar en web. Coordinamos?","seguimiento","0","caliente"
"L02460","CHUCK_06","Hola, retomo mi consulta. Me pueden orientar? Soy María. Gracias.","seguimiento","0","frio"
"L02461","CHUCK_02","Hola, quedó pendiente la info. Me la pueden enviar? Soy Patricia de Quito. Gracias!","seguimiento","0","tibio"
"L02462","CHUCK_07","Buenas, quedé con una duda. Me ayudan? Gracias!","seguimiento","0","frio"
"L02463","CHUCK_03","Buenas, necesito cerrar esta semana. Me dicen próximos pasos? Gracias.","seguimiento","0","caliente"
"L02464","CHUCK_01","Buenas, necesito cerrar lo antes posible. Me dicen próximos pasos? Soy Ricardo de Bogotá. Quedo atento.","seguimiento","0","caliente"
"L02465","CHUCK_06","Hola, sigo listo para implementar en Facebook. Coordinamos? Soy Ricardo de Santiago. Gracias!","seguimiento","0","caliente"
"L02466","CHUCK_09","Buenas, quedé con una duda. Me ayudan? Soy Sebastián de Medellín. Gracias!","seguimiento","0","frio"
"L02467","CHUCK_04","Buenas, necesito cerrar este mes. Me dicen próximos pasos? Soy Patricia de Medellín. Gracias.","seguimiento","0","caliente"
"L02468","CHUCK_10","Hola, retomo mi consulta. Me pueden orientar? Soy Sofía de Monterrey. Quedo atento.","seguimiento","0","frio"
"L02469","CHUCK_02","Buenas, quedé con una duda. Me ayudan? Gracias.","seguimiento","0","frio"
"L02470","CHUCK_02","Hola, sigo interesado. Tienen un resumen de cómo funciona? Gracias!. Es para una inmobiliaria y tenemos aprox 66 leads al mes.","seguimiento","0","frio"
"L02471","CHUCK_05","Hola, retomo mi consulta. Me pueden orientar? Quedo atento. Estoy en Santiago y lo necesito para Telegram.","seguimiento","0","frio"
"L02472","CHUCK_01","Buenas, sigo interesado en un bot multicanal para Facebook. Cómo avanzamos? Saludos.","seguimiento","0","tibio"
"L02473","CHUCK_08","Hola, sigo listo para implementar en email. Coordinamos? Soy Alejandro de Quito. Saludos.","seguimiento","0","caliente"
"L02474","CHUCK_06","Hola, sigo listo para implementar en web. Coordinamos? Quedo atento. Lo quiero para web y mi rubro es gimnasio.","seguimiento","0","caliente"
"L02475","CHUCK_02","Hola, retomo para avanzar hoy. Qué falta para arrancar? Soy Mónica de Buenos Aires. Saludos.","seguimiento","0","caliente"
"L02476","CHUCK_03","Hola, retomo para avanzar hoy. Qué falta para arrancar? Gracias.","seguimiento","0","caliente"
"L02477","CHUCK_02","Hola, quedó pendiente la info. Me la pueden enviar? Soy Andrés. Gracias!","seguimiento","0","tibio"
"L02478","CHUCK_07","Buenas, necesito cerrar para la próxima semana. Me dicen próximos pasos? Saludos.","seguimiento","0","caliente"
"L02479","CHUCK_03","Hola, retomo. Pudieron revisar mi caso de e-commerce? Soy Sebastián de Monterrey. Gracias!","seguimiento","0","tibio"
"L02480","CHUCK_05","Hola, retomo mi consulta. Me pueden orientar? Soy Martín. Gracias!","seguimiento","0","frio"
"L02481","CHUCK_01","Hola, sigo listo para implementar en Facebook. Coordinamos? Soy Verónica. Gracias.","seguimiento","0","caliente"
"L02482","CHUCK_07","Hola, retomo mi consulta. Me pueden orientar? Soy Alejandro de Guadalajara.","seguimiento","0","frio"
"L02483","CHUCK_08","Buenas, sigo interesado en un bot para WhatsApp para web. Cómo avanzamos? Saludos.","seguimiento","0","tibio"
"L02484","CHUCK_07","Hola, quedó pendiente la info. Me la pueden enviar? Soy Tomás de Medellín. Saludos.","seguimiento","0","tibio"
"L02485","CHUCK_09","Hola, retomo. Pudieron revisar mi caso de academia? Gracias.","seguimiento","0","tibio"
"L02486","CHUCK_09","Hola, retomo para avanzar hoy. Qué falta para arrancar? Gracias!","seguimiento","0","caliente"
"L02487","CHUCK_10","Hola, sigo interesado. Tienen un resumen de cómo funciona? Soy Claudia de Santiago. Gracias.","seguimiento","0","frio"
"L02488","CHUCK_07","Hola, sigo interesado. Tienen un resumen de cómo funciona?","seguimiento","0","frio"
"L02489","CHUCK_01","Hola, sigo listo para implementar en web. Coordinamos? Soy Raúl de Guadalajara. Gracias!","seguimiento","0","caliente"
"L02490","CHUCK_05","Hola, retomo para avanzar hoy. Qué falta para arrancar? Soy Sofía de Buenos Aires. Gracias!","seguimiento","0","caliente"
"L02491","CHUCK_08","Buenas, necesito cerrar antes del viernes. Me dicen próximos pasos? Saludos.","seguimiento","0","caliente"
"L02492","CHUCK_02","Hola, retomo mi consulta. Me pueden orientar? Soy Gabriel de Bogotá. Quedo atento.","seguimiento","0","frio"
"L02493","CHUCK_03","Hola, retomo mi consulta. Me pueden orientar? Soy Hugo de CDMX. Quedo atento.","seguimiento","0","frio"
"L02494","CHUCK_02","Buenas, necesito cerrar hoy. Me dicen próximos pasos? Soy Lucía.","seguimiento","0","caliente"
"L02495","CHUCK_01","Buenas, sigo interesado en un chatbot para ventas para WhatsApp. Cómo avanzamos? Soy Sergio de Lima.","seguimiento","0","tibio"
"L02496","CHUCK_02","Hola, retomo para avanzar hoy. Qué falta para arrancar? Soy Fernando de Guadalajara.","seguimiento","0","caliente"
"L02497","CHUCK_04","Hola, retomo para avanzar hoy. Qué falta para arrancar? Soy Alejandro de Córdoba. Saludos.","seguimiento","0","caliente"
"L02498","CHUCK_10","Hola, sigo interesado. Tienen un resumen de cómo funciona? Soy Claudia. Saludos.","seguimiento","0","frio"
"L02499","CHUCK_05","Buenas, quedé con una duda. Me ayudan? Soy Sebastián de CDMX. Saludos.","seguimiento","0","frio"
"L02500","CHUCK_10","Buenas, necesito cerrar lo antes posible. Me dicen próximos pasos? Soy Tomás de Quito.","seguimiento","0","caliente"
"L02501","CHUCK_02","Hola, quedó pendiente la info. Me la pueden enviar? Gracias.","seguimiento","0","tibio"
"L02502","CHUCK_01","Hola, retomo mi consulta. Me pueden orientar? Soy Raúl. Gracias.","seguimiento","0","frio"
"L02503","CHUCK_03","Buenas, sigo interesado en un bot multicanal para WhatsApp. Cómo avanzamos? Soy Verónica.","seguimiento","0","tibio"
"L02504","CHUCK_07","Hola, sigo interesado. Tienen un resumen de cómo funciona? Soy Carlos. Gracias!","seguimiento","0","frio"
"L02505","CHUCK_04","Hola, retomo. Pudieron revisar mi caso de e-commerce? Gracias!","seguimiento","0","tibio"
"L02506","CHUCK_07","Buenas, quedé con una duda. Me ayudan? Gracias!. Soy Luis de Córdoba.","seguimiento","0","frio"
"L02507","CHUCK_08","Hola, sigo listo para implementar en Facebook. Coordinamos? Soy Javier.","seguimiento","0","caliente"
"L02508","CHUCK_04","Hola, retomo. Pudieron revisar mi caso de inmobiliaria? Soy Mónica. Gracias.","seguimiento","0","tibio"
"L02509","CHUCK_07","Hola, retomo. Pudieron revisar mi caso de concesionaria? Soy Andrea de Santiago. Gracias!","seguimiento","0","tibio"
"L02510","CHUCK_08","Hola, sigo interesado. Tienen un resumen de cómo funciona? Soy Luis.","seguimiento","0","frio"
"L02511","CHUCK_01","Hola, retomo para avanzar hoy. Qué falta para arrancar? Gracias. Idealmente me gustaria tenerlo listo hoy.","seguimiento","0","caliente"
"L02512","CHUCK_04","Hola, quedó pendiente la info. Me la pueden enviar? Soy Ana de Bogotá. Gracias.","seguimiento","0","tibio"
"L02513","CHUCK_04","Buenas, quedé con una duda. Me ayudan? Soy Pablo de CDMX. Gracias!","seguimiento","0","frio"
"L02514","CHUCK_10","Hola, quedó pendiente la info. Me la pueden enviar? Soy Julia. Saludos.","seguimiento","0","tibio"
"L02515","CHUCK_03","Hola, sigo listo para implementar en Telegram. Coordinamos? Soy Sofía de CDMX.","seguimiento","0","caliente"
"L02516","CHUCK_07","Hola, retomo. Pudieron revisar mi caso de academia? Gracias. Lo quiero para Telegram y mi rubro es academia.","seguimiento","0","tibio"
"L02517","CHUCK_02","Hola, sigo interesado. Tienen un resumen de cómo funciona? Soy Fernando de Quito. Quedo atento.","seguimiento","0","frio"
"L02518","CHUCK_03","Hola, sigo interesado. Tienen un resumen de cómo funciona? Soy Pablo de CDMX.","seguimiento","0","frio"
"L02519","CHUCK_09","Hola, quedó pendiente la info. Me la pueden enviar? Soy Natalia de Monterrey. Gracias!","seguimiento","0","tibio"
"L02520","CHUCK_09","Hola, retomo para avanzar hoy. Qué falta para arrancar? Quedo atento.","seguimiento","0","caliente"
"L02521","CHUCK_06","Hola, quedó pendiente la info. Me la pueden enviar? Soy Alejandro. Gracias!","seguimiento","0","tibio"
"L02522","CHUCK_10","Buenas, sigo interesado en un bot multicanal para Facebook. Cómo avanzamos? Soy Brenda de Buenos Aires. Gracias!","seguimiento","0","tibio"
"L02523","CHUCK_02","Buenas, quedé con una duda. Me ayudan? Quedo atento.","seguimiento","0","frio"
"L02524","CHUCK_02","Hola, quedó pendiente la info. Me la pueden enviar? Soy Raúl.","seguimiento","0","tibio"
"L02525","CHUCK_04","Buenas, sigo interesado en un sistema para gestionar leads para email. Cómo avanzamos? Gracias.","seguimiento","0","tibio"
"L02526","CHUCK_06","Buenas, sigo interesado en un asistente con IA para web. Cómo avanzamos? Quedo atento.","seguimiento","0","tibio"
"L02527","CHUCK_03","Buenas, sigo interesado en un bot para WhatsApp para email. Cómo avanzamos? Soy Andrés de Monterrey.","seguimiento","0","tibio"
"L02528","CHUCK_09","Hola, retomo. Pudieron revisar mi caso de turismo? Soy Camila. Quedo atento.","seguimiento","0","tibio"
"L02529","CHUCK_07","Hola, retomo. Pudieron revisar mi caso de academia? Soy Julia de Lima. Gracias!","seguimiento","0","tibio"
"L02530","CHUCK_08","Hola, retomo para avanzar hoy. Qué falta para arrancar? Quedo atento. Idealmente me gustaria tenerlo listo lo antes posible.","seguimiento","0","caliente"
"L02531","CHUCK_03","Hola, sigo interesado. Tienen un resumen de cómo funciona? Soy Gabriel. Gracias.","seguimiento","0","frio"
"L02532","CHUCK_05","Hola, sigo interesado. Tienen un resumen de cómo funciona? Soy María. Gracias.","seguimiento","0","frio"
"L02533","CHUCK_08","Hola, sigo interesado. Tienen un resumen de cómo funciona? Gracias.","seguimiento","0","frio"
"L02534","CHUCK_08","Hola, sigo interesado. Tienen un resumen de cómo funciona? Saludos.","seguimiento","0","frio"
"L02535","CHUCK_09","Buenas, sigo interesado en un asistente con IA para Telegram. Cómo avanzamos? Soy Verónica de Monterrey. Gracias!","seguimiento","0","tibio"
"L02536","CHUCK_09","Buenas, sigo interesado en un bot para WhatsApp para Facebook. Cómo avanzamos? Soy Raúl.","seguimiento","0","tibio"
"L02537","CHUCK_03","Buenas, necesito cerrar hoy. Me dicen próximos pasos? Soy Sergio de CDMX. Saludos.","seguimiento","0","caliente"
"L02538","CHUCK_06","Hola, sigo interesado. Tienen un resumen de cómo funciona? Soy Paula. Gracias.","seguimiento","0","frio"
"L02539","CHUCK_05","Buenas, sigo interesado en un bot para WhatsApp para web. Cómo avanzamos? Soy Mateo de Córdoba.","seguimiento","0","tibio"
"L02540","CHUCK_08","Buenas, necesito cerrar lo antes posible. Me dicen próximos pasos? Soy Andrés de Córdoba. Gracias.","seguimiento","0","caliente"
"L02541","CHUCK_10","Buenas, necesito cerrar hoy. Me dicen próximos pasos? Soy Daniela. Saludos.","seguimiento","0","caliente"
"L02542","CHUCK_05","Hola, sigo interesado. Tienen un resumen de cómo funciona? Quedo atento.","seguimiento","0","frio"
"L02543","CHUCK_10","Hola, retomo mi consulta. Me pueden orientar? Soy Julia de Córdoba. Gracias.","seguimiento","0","frio"
"L02544","CHUCK_02","Buenas, necesito cerrar este mes. Me dicen próximos pasos? Soy Julia de Córdoba.","seguimiento","0","caliente"
"L02545","CHUCK_10","Hola, sigo interesado. Tienen un resumen de cómo funciona? Gracias. Idealmente me gustaria tenerlo listo antes del viernes.","seguimiento","0","frio"
"L02546","CHUCK_06","Buenas, sigo interesado en un chatbot para ventas para email. Cómo avanzamos? Soy Alejandro de Bogotá. Saludos.","seguimiento","0","tibio"
"L02547","CHUCK_07","Hola, retomo para avanzar hoy. Qué falta para arrancar? Soy Ana. Quedo atento.","seguimiento","0","caliente"
"L02548","CHUCK_07","Buenas, necesito cerrar este mes. Me dicen próximos pasos? Gracias.","seguimiento","0","caliente"
"L02549","CHUCK_04","Buenas, necesito cerrar este mes. Me dicen próximos pasos? Soy Florencia. Gracias.","seguimiento","0","caliente"
"L02550","CHUCK_09","Hola, retomo mi consulta. Me pueden orientar? Soy Martín de Monterrey. Saludos.","seguimiento","0","frio"
"L02551","CHUCK_04","Buenas, sigo interesado en un asistente con IA para WhatsApp. Cómo avanzamos? Soy Mateo.","seguimiento","0","tibio"
"L02552","CHUCK_07","Hola, retomo. Pudieron revisar mi caso de inmobiliaria? Soy Florencia de Santiago. Gracias!","seguimiento","0","tibio"
"L02553","CHUCK_02","Buenas, necesito cerrar para la próxima semana. Me dicen próximos pasos? Gracias!","seguimiento","0","caliente"
"L02554","CHUCK_05","Hola, retomo mi consulta. Me pueden orientar? Gracias!","seguimiento","0","frio"
"L02555","CHUCK_01","Buenas, necesito cerrar esta semana. Me dicen próximos pasos? Gracias. Idealmente me gustaria tenerlo listo esta semana.","seguimiento","0","caliente"
"L02556","CHUCK_06","Hola, sigo interesado. Tienen un resumen de cómo funciona? Soy Sebastián.","seguimiento","0","frio"
"L02557","CHUCK_05","Hola, sigo listo para implementar en Instagram. Coordinamos?. Lo quiero para Instagram y mi rubro es inmobiliaria.","seguimiento","0","caliente"
"L02558","CHUCK_04","Hola, retomo. Pudieron revisar mi caso de agencia? Soy Alejandro de Lima. Gracias.","seguimiento","0","tibio"
"L02559","CHUCK_08","Hola, quedó pendiente la info. Me la pueden enviar? Soy Laura de Medellín. Gracias.","seguimiento","0","tibio"
"L02560","CHUCK_02","Hola, retomo para avanzar hoy. Qué falta para arrancar?","seguimiento","0","caliente"
"L02561","CHUCK_03","Hola, sigo listo para implementar en Telegram. Coordinamos? Soy Raúl de Guadalajara. Quedo atento.","seguimiento","0","caliente"
"L02562","CHUCK_04","Hola, sigo interesado. Tienen un resumen de cómo funciona? Soy Emilio de Monterrey. Quedo atento.","seguimiento","0","frio"
"L02563","CHUCK_09","Hola, sigo interesado. Tienen un resumen de cómo funciona? Gracias. Manejo un presupuesto de 220 al mes aprox.","seguimiento","1","frio"
"L02564","CHUCK_10","Buenas, sigo interesado en un chatbot para ventas para Instagram. Cómo avanzamos? Soy Diego de CDMX. Gracias.","seguimiento","0","tibio"
"L02565","CHUCK_05","Hola, retomo para avanzar hoy. Qué falta para arrancar? Soy Renata de Quito.","seguimiento","0","caliente"
"L02566","CHUCK_10","Buenas, quedé con una duda. Me ayudan? Soy Mateo. Quedo atento.","seguimiento","0","frio"
"L02567","CHUCK_07","Buenas, quedé con una duda. Me ayudan? Gracias. Es para una turismo y tenemos aprox 169 leads al mes.","seguimiento","0","frio"
"L02568","CHUCK_07","Hola, sigo interesado. Tienen un resumen de cómo funciona? Saludos. Soy Julia de CDMX.","seguimiento","0","frio"
"L02569","CHUCK_01","Hola, sigo listo para implementar en Facebook. Coordinamos? Gracias.","seguimiento","0","caliente"
"L02570","CHUCK_03","Hola, sigo interesado. Tienen un resumen de cómo funciona? Soy Patricia. Saludos.","seguimiento","0","frio"
"L02571","CHUCK_02","Hola, sigo interesado. Tienen un resumen de cómo funciona? Soy Natalia.","seguimiento","0","frio"
"L02572","CHUCK_06","Hola, sigo listo para implementar en email. Coordinamos? Soy Camila de Guadalajara. Gracias.","seguimiento","0","caliente"
"L02573","CHUCK_03","Hola, retomo para avanzar hoy. Qué falta para arrancar?. Estoy en Buenos Aires y lo necesito para Telegram.","seguimiento","0","caliente"
"L02574","CHUCK_09","Buenas, sigo interesado en un bot multicanal para WhatsApp. Cómo avanzamos? Soy Tomás de Monterrey. Gracias.","seguimiento","0","tibio"
"L02575","CHUCK_01","Hola, sigo interesado. Tienen un resumen de cómo funciona? Soy Pablo. Gracias!","seguimiento","0","frio"
"L02576","CHUCK_01","Hola, retomo. Pudieron revisar mi caso de inmobiliaria? Soy Laura. Quedo atento.","seguimiento","0","tibio"
"L02577","CHUCK_04","Buenas, sigo interesado en un sistema para gestionar leads para WhatsApp. Cómo avanzamos? Soy Verónica de Lima. Gracias!","seguimiento","0","tibio"
"L02578","CHUCK_04","Hola, sigo listo para implementar en Telegram. Coordinamos? Soy Claudia. Quedo atento.","seguimiento","0","caliente"
"L02579","CHUCK_08","Buenas, necesito cerrar lo antes posible. Me dicen próximos pasos? Gracias!","seguimiento","0","caliente"
"L02580","CHUCK_05","Hola, retomo para avanzar hoy. Qué falta para arrancar? Soy Javier de CDMX. Saludos.","seguimiento","0","caliente"
"L02581","CHUCK_03","Hola, sigo listo para implementar en Facebook. Coordinamos? Soy Julia. Gracias!","seguimiento","0","caliente"
"L02582","CHUCK_06","Buenas, sigo interesado en un chatbot para ventas para Instagram. Cómo avanzamos? Soy Mónica de Bogotá. Gracias!","seguimiento","0","tibio"
"L02583","CHUCK_01","Hola, sigo listo para implementar en Instagram. Coordinamos? Soy Iván. Saludos.","seguimiento","0","caliente"
"L02584","CHUCK_03","Buenas, quedé con una duda. Me ayudan? Saludos.","seguimiento","0","frio"
"L02585","CHUCK_06","Hola, retomo para avanzar hoy. Qué falta para arrancar? Soy Luis.","seguimiento","0","caliente"
"L02586","CHUCK_01","Hola, retomo para avanzar hoy. Qué falta para arrancar? Soy Nicolás. Quedo atento.","seguimiento","0","caliente"
"L02587","CHUCK_06","Hola, sigo interesado. Tienen un resumen de cómo funciona? Gracias. Lo quiero para Instagram y mi rubro es clínica.","seguimiento","0","frio"
"L02588","CHUCK_06","Buenas, quedé con una duda. Me ayudan? Soy Lucía de Medellín. Gracias!","seguimiento","0","frio"
"L02589","CHUCK_03","Hola, retomo para avanzar hoy. Qué falta para arrancar? Soy Carlos. Quedo atento.","seguimiento","0","caliente"
"L02590","CHUCK_03","Hola, retomo para avanzar hoy. Qué falta para arrancar? Soy Martín. Gracias.","seguimiento","0","caliente"
"L02591","CHUCK_08","Hola, sigo listo para implementar en Instagram. Coordinamos?. Es para una estudio jurídico y tenemos aprox 238 leads al mes.","seguimiento","0","caliente"
"L02592","CHUCK_06","Buenas, necesito cerrar para la próxima semana. Me dicen próximos pasos? Soy Valentina de Guadalajara. Gracias.","seguimiento","0","caliente"
"L02593","CHUCK_05","Hola, retomo para avanzar hoy. Qué falta para arrancar? Soy Emilio de Córdoba.","seguimiento","0","caliente"
"L02594","CHUCK_07","Hola, retomo mi consulta. Me pueden orientar? Soy Diego de Quito. Gracias!","seguimiento","0","frio"
"L02595","CHUCK_03","Buenas, sigo interesado en una automatización de atención para web. Cómo avanzamos? Soy Patricia de Buenos Aires. Quedo atento.","seguimiento","0","tibio"
"L02596","CHUCK_07","Hola, retomo. Pudieron revisar mi caso de turismo? Soy Patricia. Saludos.","seguimiento","0","tibio"
"L02597","CHUCK_09","Buenas, necesito cerrar para la próxima semana. Me dicen próximos pasos? Soy Raúl de Buenos Aires. Gracias!","seguimiento","0","caliente"
"L02598","CHUCK_04","Hola, quedó pendiente la info. Me la pueden enviar? Soy Gabriel. Quedo atento.","seguimiento","0","tibio"
"L02599","CHUCK_05","Hola, retomo. Pudieron revisar mi caso de turismo? Soy Alejandro.","seguimiento","0","tibio"
"L02600","CHUCK_04","Buenas, necesito cerrar esta semana. Me dicen próximos pasos? Soy Sofía.","seguimiento","0","caliente"
"L02601","CHUCK_05","Hola, sigo interesado. Tienen un resumen de cómo funciona? Soy Carolina. Saludos.","seguimiento","0","frio"
"L02602","CHUCK_03","Buenas, necesito cerrar este mes. Me dicen próximos pasos? Soy Carolina.","seguimiento","0","caliente"
"L02603","CHUCK_08","Buenas, quedé con una duda. Me ayudan? Saludos. Soy Iván de Santiago.","seguimiento","0","frio"
"L02604","CHUCK_05","Hola, sigo listo para implementar en Telegram. Coordinamos? Quedo atento. Manejo un presupuesto de 1247 al mes aprox.","seguimiento","1","caliente"
"L02605","CHUCK_04","Hola, sigo interesado. Tienen un resumen de cómo funciona?. Idealmente me gustaria tenerlo listo lo antes posible.","seguimiento","0","frio"
"L02606","CHUCK_09","Hola, sigo listo para implementar en WhatsApp. Coordinamos?","seguimiento","0","caliente"
"L02607","CHUCK_03","Buenas, necesito cerrar esta semana. Me dicen próximos pasos? Gracias!","seguimiento","0","caliente"
"L02608","CHUCK_06","Buenas, necesito cerrar hoy. Me dicen próximos pasos? Soy Paula de Guadalajara. Gracias!","seguimiento","0","caliente"
"L02609","CHUCK_06","Hola, retomo mi consulta. Me pueden orientar? Quedo atento. Soy Ricardo de Medellín.","seguimiento","0","frio"
"L02610","CHUCK_07","Hola, quedó pendiente la info. Me la pueden enviar? Soy Emilio. Gracias!","seguimiento","0","tibio"
"L02611","CHUCK_06","Hola, quedó pendiente la info. Me la pueden enviar? Soy Emilio de Quito. Gracias!","seguimiento","0","tibio"
"L02612","CHUCK_06","Buenas, necesito cerrar para la próxima semana. Me dicen próximos pasos? Soy Luis.","seguimiento","0","caliente"
"L02613","CHUCK_08","Hola, retomo. Pudieron revisar mi caso de turismo? Soy Fernando de Medellín. Gracias!","seguimiento","0","tibio"
"L02614","CHUCK_02","Hola, retomo. Pudieron revisar mi caso de academia? Soy Ana. Gracias!","seguimiento","0","tibio"
"L02615","CHUCK_08","Buenas, sigo interesado en un bot para WhatsApp para Instagram. Cómo avanzamos? Gracias!","seguimiento","0","tibio"
"L02616","CHUCK_10","Buenas, quedé con una duda. Me ayudan? Soy Sergio de Lima.","seguimiento","0","frio"
"L02617","CHUCK_03","Hola, quedó pendiente la info. Me la pueden enviar? Soy Ana de Bogotá.","seguimiento","0","tibio"
"L02618","CHUCK_03","Buenas, sigo interesado en un bot multicanal para Instagram. Cómo avanzamos? Soy Alejandro. Gracias.","seguimiento","0","tibio"
"L02619","CHUCK_01","Hola, sigo listo para implementar en Facebook. Coordinamos?","seguimiento","0","caliente"
"L02620","CHUCK_08","Hola, retomo mi consulta. Me pueden orientar?. Idealmente me gustaria tenerlo listo hoy.","seguimiento","0","frio"
"L02621","CHUCK_08","Hola, retomo mi consulta. Me pueden orientar? Soy Nicolás de Buenos Aires. Quedo atento.","seguimiento","0","frio"
"L02622","CHUCK_10","Hola, retomo para avanzar hoy. Qué falta para arrancar?. Es para una e-commerce y tenemos aprox 163 leads al mes.","seguimiento","0","caliente"
"L02623","CHUCK_08","Hola, sigo interesado. Tienen un resumen de cómo funciona? Soy Tomás de Córdoba. Quedo atento.","seguimiento","0","frio"
"L02624","CHUCK_05","Buenas, necesito cerrar esta semana. Me dicen próximos pasos? Quedo atento.","seguimiento","0","caliente"
"L02625","CHUCK_01","Hola, retomo. Pudieron revisar mi caso de turismo?","seguimiento","0","tibio"
"L02626","CHUCK_09","Hola, retomo para avanzar hoy. Qué falta para arrancar? Gracias!. Es para una inmobiliaria y tenemos aprox 199 leads al mes.","seguimiento","0","caliente"
"L02627","CHUCK_03","Buenas, sigo interesado en un bot multicanal para email. Cómo avanzamos? Soy Hugo de Buenos Aires.","seguimiento","0","tibio"
"L02628","CHUCK_02","Hola, sigo interesado. Tienen un resumen de cómo funciona? Soy Camila.","seguimiento","0","frio"
"L02629","CHUCK_04","Hola, sigo listo para implementar en Telegram. Coordinamos?","seguimiento","0","caliente"
"L02630","CHUCK_01","Hola, retomo mi consulta. Me pueden orientar? Soy Claudia de Guadalajara.","seguimiento","0","frio"
"L02631","CHUCK_04","Hola, retomo para avanzar hoy. Qué falta para arrancar? Soy Valentina. Gracias!","seguimiento","0","caliente"
"L02632","CHUCK_05","Hola, retomo. Pudieron revisar mi caso de concesionaria? Gracias.","seguimiento","0","tibio"
"L02633","CHUCK_10","Hola, sigo interesado. Tienen un resumen de cómo funciona?. Manejo un presupuesto de 1229 al mes aprox.","seguimiento","1","frio"
"L02634","CHUCK_10","Hola, retomo para avanzar hoy. Qué falta para arrancar? Soy Andrés de Buenos Aires. Gracias!","seguimiento","0","caliente"
"L02635","CHUCK_03","Buenas, necesito cerrar para la próxima semana. Me dicen próximos pasos? Soy Mateo.","seguimiento","0","caliente"
"L02636","CHUCK_02","Hola, sigo listo para implementar en WhatsApp. Coordinamos? Soy Emilio de Guadalajara.","seguimiento","0","caliente"
"L02637","CHUCK_05","Hola, quedó pendiente la info. Me la pueden enviar? Soy Tomás de CDMX. Quedo atento.","seguimiento","0","tibio"
"L02638","CHUCK_06","Buenas, necesito cerrar lo antes posible. Me dicen próximos pasos? Soy Andrea de Córdoba.","seguimiento","0","caliente"
"L02639","CHUCK_09","Hola, retomo. Pudieron revisar mi caso de agencia?","seguimiento","0","tibio"
"L02640","CHUCK_07","Buenas, sigo interesado en un asistente con IA para email. Cómo avanzamos? Soy Fernando. Quedo atento.","seguimiento","0","tibio"
"L02641","CHUCK_09","Buenas, necesito cerrar antes del viernes. Me dicen próximos pasos? Soy Luis de Guadalajara. Gracias!","seguimiento","0","caliente"
"L02642","CHUCK_08","Buenas, quedé con una duda. Me ayudan? Soy Florencia de Monterrey.","seguimiento","0","frio"
"L02643","CHUCK_10","Buenas, quedé con una duda. Me ayudan?. Es para una clínica y tenemos aprox 471 leads al mes.","seguimiento","0","frio"
"L02644","CHUCK_02","Buenas, sigo interesado en un sistema para gestionar leads para Telegram. Cómo avanzamos?","seguimiento","0","tibio"
"L02645","CHUCK_06","Hola, quedó pendiente la info. Me la pueden enviar? Gracias. Idealmente me gustaria tenerlo listo hoy.","seguimiento","0","tibio"
"L02646","CHUCK_03","Buenas, necesito cerrar esta semana. Me dicen próximos pasos? Soy Lucía de Santiago. Saludos.","seguimiento","0","caliente"
"L02647","CHUCK_09","Hola, sigo listo para implementar en Facebook. Coordinamos? Soy Hugo. Quedo atento.","seguimiento","0","caliente"
"L02648","CHUCK_03","Hola, retomo mi consulta. Me pueden orientar? Soy Valentina de Santiago.","seguimiento","0","frio"
"L02649","CHUCK_02","Buenas, necesito cerrar antes del viernes. Me dicen próximos pasos? Soy Ricardo de Quito.","seguimiento","0","caliente"
"L02650","CHUCK_01","Hola, sigo listo para implementar en Telegram. Coordinamos? Soy Andrea. Quedo atento.","seguimiento","0","caliente"
"L02651","CHUCK_01","Buenas, sigo interesado en un chatbot para ventas para WhatsApp. Cómo avanzamos? Soy Brenda. Quedo atento.","seguimiento","0","tibio"
"L02652","CHUCK_08","Hola, retomo. Pudieron revisar mi caso de academia?","seguimiento","0","tibio"
"L02653","CHUCK_10","Buenas, necesito cerrar esta semana. Me dicen próximos pasos? Soy Laura. Gracias!","seguimiento","0","caliente"
"L02654","CHUCK_06","Buenas, sigo interesado en una automatización de atención para Facebook. Cómo avanzamos? Soy María de Guadalajara.","seguimiento","0","tibio"
"L02655","CHUCK_07","Hola, retomo para avanzar hoy. Qué falta para arrancar? Soy Nicolás. Gracias.","seguimiento","0","caliente"
"L02656","CHUCK_07","Hola, sigo listo para implementar en email. Coordinamos? Soy Patricia de Lima. Gracias!","seguimiento","0","caliente"
"L02657","CHUCK_09","Hola, sigo listo para implementar en Telegram. Coordinamos? Gracias.","seguimiento","0","caliente"
"L02658","CHUCK_09","Hola, retomo para avanzar hoy. Qué falta para arrancar? Soy Ana. Gracias!","seguimiento","0","caliente"
"L02659","CHUCK_02","Hola, retomo mi consulta. Me pueden orientar? Soy Patricia de Santiago.","seguimiento","0","frio"
"L02660","CHUCK_02","Hola, quedó pendiente la info. Me la pueden enviar? Soy Daniela de Córdoba. Saludos.","seguimiento","0","tibio"
"L02661","CHUCK_01","Buenas, sigo interesado en un sistema para gestionar leads para Facebook. Cómo avanzamos? Saludos.","seguimiento","0","tibio"
"L02662","CHUCK_10","Buenas, necesito cerrar esta semana. Me dicen próximos pasos? Soy Sergio. Gracias.","seguimiento","0","caliente"
"L02663","CHUCK_03","Hola, sigo interesado. Tienen un resumen de cómo funciona? Soy Alejandro de Medellín. Quedo atento.","seguimiento","0","frio"
"L02664","CHUCK_03","Hola, retomo para avanzar hoy. Qué falta para arrancar? Soy Paula. Saludos.","seguimiento","0","caliente"
"L02665","CHUCK_09","Hola, retomo para avanzar hoy. Qué falta para arrancar? Quedo atento. Idealmente me gustaria tenerlo listo antes del viernes.","seguimiento","0","caliente"
"L02666","CHUCK_02","Hola, sigo listo para implementar en web. Coordinamos? Gracias.","seguimiento","0","caliente"
"L02667","CHUCK_02","Buenas, sigo interesado en un bot multicanal para web. Cómo avanzamos? Gracias!","seguimiento","0","tibio"
"L02668","CHUCK_10","Hola, retomo mi consulta. Me pueden orientar? Soy Patricia. Gracias!","seguimiento","0","frio"
"L02669","CHUCK_04","Buenas, sigo interesado en un bot para WhatsApp para Telegram. Cómo avanzamos?","seguimiento","0","tibio"
"L02670","CHUCK_09","Buenas, quedé con una duda. Me ayudan? Soy Ana. Quedo atento.","seguimiento","0","frio"
"L02671","CHUCK_06","Hola, sigo listo para implementar en email. Coordinamos? Soy Laura de Guadalajara. Gracias.","seguimiento","0","caliente"
"L02672","CHUCK_09","Hola, sigo listo para implementar en Facebook. Coordinamos? Soy Valentina de Medellín.","seguimiento","0","caliente"
"L02673","CHUCK_05","Hola, retomo mi consulta. Me pueden orientar? Gracias. Manejo un presupuesto de 1263 al mes aprox.","seguimiento","1","frio"
"L02674","CHUCK_10","Hola, quedó pendiente la info. Me la pueden enviar? Soy Luis.","seguimiento","0","tibio"
"L02675","CHUCK_07","Hola, sigo interesado. Tienen un resumen de cómo funciona? Soy Iván.","seguimiento","0","frio"
"L02676","CHUCK_08","Buenas, quedé con una duda. Me ayudan? Saludos. Es para una gimnasio y tenemos aprox 125 leads al mes.","seguimiento","0","frio"
"L02677","CHUCK_02","Hola, retomo mi consulta. Me pueden orientar? Soy Pablo de CDMX. Gracias!","seguimiento","0","frio"
"L02678","CHUCK_08","Hola, retomo para avanzar hoy. Qué falta para arrancar?. Soy Hugo de Quito.","seguimiento","0","caliente"
"L02679","CHUCK_06","Hola, retomo mi consulta. Me pueden orientar? Soy Tomás de Córdoba. Gracias.","seguimiento","0","frio"
"L02680","CHUCK_08","Buenas, necesito cerrar lo antes posible. Me dicen próximos pasos? Gracias.","seguimiento","0","caliente"
"L02681","CHUCK_07","Buenas, quedé con una duda. Me ayudan? Gracias!. Soy Daniela de Bogotá.","seguimiento","0","frio"
"L02682","CHUCK_10","Buenas, quedé con una duda. Me ayudan? Soy Gabriel. Saludos.","seguimiento","0","frio"
"L02683","CHUCK_06","Buenas, necesito cerrar esta semana. Me dicen próximos pasos? Soy Sofía de Guadalajara. Quedo atento.","seguimiento","0","caliente"
"L02684","CHUCK_03","Buenas, quedé con una duda. Me ayudan? Soy Daniela de Quito. Gracias!","seguimiento","0","frio"
"L02685","CHUCK_07","Hola, retomo. Pudieron revisar mi caso de inmobiliaria? Quedo atento.","seguimiento","0","tibio"
"L02686","CHUCK_09","Hola, sigo interesado. Tienen un resumen de cómo funciona? Gracias!. Es para una inmobiliaria y tenemos aprox 464 leads al mes.","seguimiento","0","frio"
"L02687","CHUCK_08","Hola, retomo para avanzar hoy. Qué falta para arrancar? Soy Mónica. Quedo atento.","seguimiento","0","caliente"
"L02688","CHUCK_10","Hola, quedó pendiente la info. Me la pueden enviar? Quedo atento.","seguimiento","0","tibio"
"L02689","CHUCK_06","Hola, quedó pendiente la info. Me la pueden enviar? Soy Ana. Gracias!","seguimiento","0","tibio"
"L02690","CHUCK_10","Hola, sigo interesado. Tienen un resumen de cómo funciona? Soy María. Gracias. Lo quiero para email y mi rubro es restaurante.","seguimiento","0","frio"
"L02691","CHUCK_07","Hola, retomo para avanzar hoy. Qué falta para arrancar? Soy Martín de CDMX. Quedo atento.","seguimiento","0","caliente"
"L02692","CHUCK_06","Buenas, necesito cerrar para la próxima semana. Me dicen próximos pasos? Gracias.","seguimiento","0","caliente"
"L02693","CHUCK_10","Buenas, necesito cerrar esta semana. Me dicen próximos pasos? Saludos.","seguimiento","0","caliente"
"L02694","CHUCK_04","Hola, quedó pendiente la info. Me la pueden enviar?. Estoy en Bogotá y lo necesito para email.","seguimiento","0","tibio"
"L02695","CHUCK_01","Hola, sigo interesado. Tienen un resumen de cómo funciona? Soy Pablo de Monterrey. Saludos.","seguimiento","0","frio"
"L02696","CHUCK_04","Hola, sigo listo para implementar en Telegram. Coordinamos? Saludos.","seguimiento","0","caliente"
"L02697","CHUCK_05","Hola, retomo mi consulta. Me pueden orientar? Soy Iván de Bogotá. Quedo atento.","seguimiento","0","frio"
"L02698","CHUCK_09","Hola, quedó pendiente la info. Me la pueden enviar? Soy Hugo de Quito. Saludos.","seguimiento","0","tibio"
"L02699","CHUCK_04","Buenas, necesito cerrar hoy. Me dicen próximos pasos? Soy Ricardo de Córdoba. Gracias.","seguimiento","0","caliente"
"L02700","CHUCK_08","Buenas, necesito cerrar para la próxima semana. Me dicen próximos pasos? Soy Claudia. Quedo atento.","seguimiento","0","caliente"
"L02701","CHUCK_10","Hola, no me funciona como esperaba. Me pueden guiar? Soy Natalia.","soporte","0","frio"
"L02702","CHUCK_06","Hola, necesito soporte para resolver un problema técnico. Soy Camila de Monterrey.","soporte","0","tibio"
"L02703","CHUCK_02","Hola, tengo un problema y no sé cómo resolverlo. Soy Paula de Córdoba. Saludos.","soporte","0","frio"
"L02704","CHUCK_01","Estoy con un error crítico. Me ayudan ahora? Soy Mateo de Bogotá.","soporte","0","caliente"
"L02705","CHUCK_08","Urgente: necesito ayuda hoy, se cayó la atención en Instagram. Gracias.","soporte","0","caliente"
"L02706","CHUCK_09","Buenas, se trabó un paso de configuración. Me ayudan? Soy Julia. Saludos.","soporte","0","tibio"
"L02707","CHUCK_05","Estoy con un error crítico. Me ayudan ahora? Soy Brenda. Gracias!","soporte","0","caliente"
"L02708","CHUCK_02","Hola, estoy con un error en Facebook. Me dan una mano? Soy Ricardo.","soporte","0","tibio"
"L02709","CHUCK_09","Hola, estoy con un error en web. Me dan una mano? Gracias!","soporte","0","tibio"
"L02710","CHUCK_06","Buenas, se trabó un paso de configuración. Me ayudan? Saludos.","soporte","0","tibio"
"L02711","CHUCK_03","Hola, necesito soporte para resolver un problema técnico. Soy Carolina. Gracias.","soporte","0","tibio"
"L02712","CHUCK_07","Hola, estoy con un error en Instagram. Me dan una mano?","soporte","0","tibio"
"L02713","CHUCK_03","Buenas, me está fallando algo. Me ayudan? Soy Emilio. Gracias.","soporte","0","frio"
"L02714","CHUCK_03","Necesito soporte ya, estoy perdiendo leads en Instagram. Soy Sebastián. Gracias.","soporte","0","caliente"
"L02715","CHUCK_04","Hola, tengo un problema y no sé cómo resolverlo. Gracias!","soporte","0","frio"
"L02716","CHUCK_02","Urgente: necesito ayuda hoy, se cayó la atención en email. Soy Mónica. Saludos.","soporte","0","caliente"
"L02717","CHUCK_07","Hola, necesito soporte para resolver un problema técnico. Gracias.","soporte","0","tibio"
"L02718","CHUCK_04","Hola, necesito soporte para resolver un problema técnico. Soy Julia de Buenos Aires. Gracias.","soporte","0","tibio"
"L02719","CHUCK_09","Hola, necesito soporte para resolver un problema técnico. Soy Julia de CDMX. Gracias.","soporte","0","tibio"
"L02720","CHUCK_04","Urgente: necesito ayuda hoy, se cayó la atención en web. Soy Raúl de CDMX. Saludos.","soporte","0","caliente"
"L02721","CHUCK_09","Buenas, se trabó un paso de configuración. Me ayudan? Soy Sofía de Buenos Aires. Quedo atento.","soporte","0","tibio"
"L02722","CHUCK_08","Buenas, me está fallando algo. Me ayudan? Soy Valentina. Saludos.","soporte","0","frio"
"L02723","CHUCK_02","Urgente: necesito ayuda hoy, se cayó la atención en Instagram. Saludos.","soporte","0","caliente"
"L02724","CHUCK_09","Hola, tengo un problema y no sé cómo resolverlo.","soporte","0","frio"
"L02725","CHUCK_08","Urgente: necesito ayuda hoy, se cayó la atención en Telegram. Soy Patricia de Quito. Quedo atento.","soporte","0","caliente"
"L02726","CHUCK_10","Hola, tengo un problema y no sé cómo resolverlo. Soy Hugo de CDMX. Saludos.","soporte","0","frio"
"L02727","CHUCK_05","Hola, no me funciona como esperaba. Me pueden guiar? Quedo atento.","soporte","0","frio"
"L02728","CHUCK_08","Estoy con un error crítico. Me ayudan ahora?","soporte","0","caliente"
"L02729","CHUCK_03","Hola, necesito soporte para resolver un problema técnico. Gracias. Idealmente me gustaria tenerlo listo antes del viernes.","soporte","0","tibio"
"L02730","CHUCK_01","Necesito soporte ya, estoy perdiendo leads en Instagram. Quedo atento.","soporte","0","caliente"
"L02731","CHUCK_05","Estoy con un error crítico. Me ayudan ahora? Gracias.","soporte","0","caliente"
"L02732","CHUCK_07","Hola, tengo un problema y no sé cómo resolverlo. Soy Brenda.","soporte","0","frio"
"L02733","CHUCK_03","Urgente: necesito ayuda hoy, se cayó la atención en Instagram. Gracias!","soporte","0","caliente"
"L02734","CHUCK_06","Necesito soporte ya, estoy perdiendo leads en email. Soy Mateo. Quedo atento.","soporte","0","caliente"
"L02735","CHUCK_03","Buenas, se trabó un paso de configuración. Me ayudan? Gracias!","soporte","0","tibio"
"L02736","CHUCK_05","Necesito soporte ya, estoy perdiendo leads en email.","soporte","0","caliente"
"L02737","CHUCK_06","Hola, estoy con un error en email. Me dan una mano? Soy Iván de Medellín.","soporte","0","tibio"
"L02738","CHUCK_10","Hola, no me funciona como esperaba. Me pueden guiar? Soy Diego. Gracias.","soporte","0","frio"
"L02739","CHUCK_02","Urgente: necesito ayuda hoy, se cayó la atención en WhatsApp. Soy Julia.","soporte","0","caliente"
"L02740","CHUCK_09","Estoy con un error crítico. Me ayudan ahora? Soy Valentina de Buenos Aires. Gracias!","soporte","0","caliente"
"L02741","CHUCK_09","Buenas, me está fallando algo. Me ayudan? Soy Fernando de Bogotá. Gracias.","soporte","0","frio"
"L02742","CHUCK_07","Estoy con un error crítico. Me ayudan ahora? Soy Fernando. Gracias!","soporte","0","caliente"
"L02743","CHUCK_04","Hola, necesito soporte para resolver un problema técnico. Gracias. Idealmente me gustaria tenerlo listo lo antes posible.","soporte","0","tibio"
"L02744","CHUCK_07","Estoy con un error crítico. Me ayudan ahora? Soy Fernando de Medellín. Gracias.","soporte","0","caliente"
"L02745","CHUCK_08","Buenas, se trabó un paso de configuración. Me ayudan? Gracias.","soporte","0","tibio"
"L02746","CHUCK_02","Estoy con un error crítico. Me ayudan ahora? Soy Renata. Gracias.","soporte","0","caliente"
"L02747","CHUCK_01","Buenas, me está fallando algo. Me ayudan? Soy Daniela. Quedo atento.","soporte","0","frio"
"L02748","CHUCK_01","Buenas, se trabó un paso de configuración. Me ayudan? Soy Sebastián. Gracias!","soporte","0","tibio"
"L02749","CHUCK_01","Hola, estoy con un error en WhatsApp. Me dan una mano? Quedo atento.","soporte","0","tibio"
"L02750","CHUCK_06","Hola, necesito soporte para resolver un problema técnico. Quedo atento.","soporte","0","tibio"
"L02751","CHUCK_05","Hola, tengo un problema y no sé cómo resolverlo. Soy Fernando de Quito. Gracias.","soporte","0","frio"
"L02752","CHUCK_04","Hola, no me funciona como esperaba. Me pueden guiar? Soy Natalia. Gracias.","soporte","0","frio"
"L02753","CHUCK_07","Hola, necesito soporte para resolver un problema técnico. Gracias. Soy Emilio de Medellín.","soporte","0","tibio"
"L02754","CHUCK_01","Buenas, se trabó un paso de configuración. Me ayudan? Soy Sebastián de Buenos Aires. Saludos.","soporte","0","tibio"
"L02755","CHUCK_10","Buenas, se trabó un paso de configuración. Me ayudan? Soy Laura.","soporte","0","tibio"
"L02756","CHUCK_09","Buenas, se trabó un paso de configuración. Me ayudan? Soy Valentina de Quito. Gracias.","soporte","0","tibio"
"L02757","CHUCK_03","Necesito soporte ya, estoy perdiendo leads en email. Gracias.","soporte","0","caliente"
"L02758","CHUCK_01","Hola, estoy con un error en web. Me dan una mano? Gracias!. Es para una gimnasio y tenemos aprox 406 leads al mes.","soporte","0","tibio"
"L02759","CHUCK_03","Urgente: necesito ayuda hoy, se cayó la atención en Telegram. Soy Mateo de Santiago.","soporte","0","caliente"
"L02760","CHUCK_06","Hola, estoy con un error en WhatsApp. Me dan una mano? Gracias!","soporte","0","tibio"
"L02761","CHUCK_01","Hola, tengo un problema y no sé cómo resolverlo. Soy Fernando de Santiago. Saludos.","soporte","0","frio"
"L02762","CHUCK_05","Buenas, se trabó un paso de configuración. Me ayudan? Soy Luis de Bogotá. Quedo atento.","soporte","0","tibio"
"L02763","CHUCK_01","Buenas, me está fallando algo. Me ayudan? Saludos.","soporte","0","frio"
"L02764","CHUCK_10","Hola, estoy con un error en email. Me dan una mano?","soporte","0","tibio"
"L02765","CHUCK_08","Hola, tengo un problema y no sé cómo resolverlo. Soy Paula de Medellín. Gracias!","soporte","0","frio"
"L02766","CHUCK_03","Hola, no me funciona como esperaba. Me pueden guiar? Soy Raúl de Medellín. Quedo atento.","soporte","0","frio"
"L02767","CHUCK_10","Necesito soporte ya, estoy perdiendo leads en WhatsApp. Soy Emilio de Córdoba. Saludos.","soporte","0","caliente"
"L02768","CHUCK_08","Hola, tengo un problema y no sé cómo resolverlo. Soy María de Guadalajara. Quedo atento.","soporte","0","frio"
"L02769","CHUCK_04","Buenas, se trabó un paso de configuración. Me ayudan? Soy Lucía de Medellín. Gracias!","soporte","0","tibio"
"L02770","CHUCK_03","Hola, necesito soporte para resolver un problema técnico. Soy Andrés de Córdoba. Gracias.","soporte","0","tibio"
"L02771","CHUCK_02","Hola, necesito soporte para resolver un problema técnico. Soy María. Gracias!","soporte","0","tibio"
"L02772","CHUCK_04","Hola, necesito soporte para resolver un problema técnico. Soy Ana de Monterrey. Gracias!","soporte","0","tibio"
"L02773","CHUCK_05","Estoy con un error crítico. Me ayudan ahora? Soy Patricia de Córdoba. Saludos.","soporte","0","caliente"
"L02774","CHUCK_10","Buenas, se trabó un paso de configuración. Me ayudan? Soy Laura. Gracias!","soporte","0","tibio"
"L02775","CHUCK_03","Necesito soporte ya, estoy perdiendo leads en Facebook.","soporte","0","caliente"
"L02776","CHUCK_05","Hola, no me funciona como esperaba. Me pueden guiar? Soy Nicolás.","soporte","0","frio"
"L02777","CHUCK_06","Necesito soporte ya, estoy perdiendo leads en Instagram. Soy Alejandro. Quedo atento.","soporte","0","caliente"
"L02778","CHUCK_08","Buenas, me está fallando algo. Me ayudan? Soy Daniela de Córdoba. Quedo atento.","soporte","0","frio"
"L02779","CHUCK_08","Necesito soporte ya, estoy perdiendo leads en email. Soy Valentina. Quedo atento.","soporte","0","caliente"
"L02780","CHUCK_06","Estoy con un error crítico. Me ayudan ahora?. Es para una estudio jurídico y tenemos aprox 466 leads al mes.","soporte","0","caliente"
"L02781","CHUCK_04","Hola, estoy con un error en Facebook. Me dan una mano? Gracias!","soporte","0","tibio"
"L02782","CHUCK_09","Hola, no me funciona como esperaba. Me pueden guiar? Soy Luis. Saludos.","soporte","0","frio"
"L02783","CHUCK_04","Hola, no me funciona como esperaba. Me pueden guiar? Soy Alejandro de Córdoba. Quedo atento.","soporte","0","frio"
"L02784","CHUCK_05","Necesito soporte ya, estoy perdiendo leads en Facebook. Soy Sergio.","soporte","0","caliente"
"L02785","CHUCK_01","Buenas, se trabó un paso de configuración. Me ayudan? Soy Verónica de Buenos Aires. Quedo atento.","soporte","0","tibio"
"L02786","CHUCK_07","Hola, tengo un problema y no sé cómo resolverlo. Soy Alejandro. Quedo atento.","soporte","0","frio"
"L02787","CHUCK_03","Hola, necesito soporte para resolver un problema técnico. Gracias!","soporte","0","tibio"
"L02788","CHUCK_01","Buenas, me está fallando algo. Me ayudan? Gracias!","soporte","0","frio"
"L02789","CHUCK_04","Buenas, se trabó un paso de configuración. Me ayudan? Soy Verónica de Guadalajara. Gracias!","soporte","0","tibio"
"L02790","CHUCK_01","Hola, necesito soporte para resolver un problema técnico. Soy Valentina. Saludos.","soporte","0","tibio"
"L02791","CHUCK_02","Hola, estoy con un error en Facebook. Me dan una mano? Soy Andrés de Buenos Aires. Gracias.","soporte","0","tibio"
"L02792","CHUCK_06","Buenas, se trabó un paso de configuración. Me ayudan? Soy Claudia. Quedo atento.","soporte","0","tibio"
"L02793","CHUCK_02","Buenas, me está fallando algo. Me ayudan? Saludos. Manejo un presupuesto de 922 al mes aprox.","soporte","1","frio"
"L02794","CHUCK_09","Urgente: necesito ayuda hoy, se cayó la atención en web. Gracias.","soporte","0","caliente"
"L02795","CHUCK_10","Buenas, se trabó un paso de configuración. Me ayudan? Soy Iván de Buenos Aires. Gracias.","soporte","0","tibio"
"L02796","CHUCK_03","Estoy con un error crítico. Me ayudan ahora? Saludos.","soporte","0","caliente"
"L02797","CHUCK_01","Buenas, se trabó un paso de configuración. Me ayudan? Soy Martín de Buenos Aires. Gracias!","soporte","0","tibio"
"L02798","CHUCK_03","Hola, necesito soporte para resolver un problema técnico. Soy Patricia de Quito. Quedo atento.","soporte","0","tibio"
"L02799","CHUCK_03","Hola, necesito soporte para resolver un problema técnico. Soy Valentina de Medellín. Gracias!","soporte","0","tibio"
"L02800","CHUCK_05","Buenas, me está fallando algo. Me ayudan? Soy Ana. Gracias.","soporte","0","frio"
"L02801","CHUCK_03","Estoy con un error crítico. Me ayudan ahora? Soy Ana de Medellín. Quedo atento.","soporte","0","caliente"
"L02802","CHUCK_05","Estoy con un error crítico. Me ayudan ahora? Gracias. Soy Valentina de Medellín.","soporte","0","caliente"
"L02803","CHUCK_01","Hola, tengo un problema y no sé cómo resolverlo. Soy Andrea.","soporte","0","frio"
"L02804","CHUCK_03","Hola, necesito soporte para resolver un problema técnico. Soy Brenda. Gracias!","soporte","0","tibio"
"L02805","CHUCK_06","Hola, no me funciona como esperaba. Me pueden guiar? Soy Julia. Gracias.","soporte","0","frio"
"L02806","CHUCK_04","Estoy con un error crítico. Me ayudan ahora? Soy Laura de Lima. Quedo atento.","soporte","0","caliente"
"L02807","CHUCK_03","Hola, necesito soporte para resolver un problema técnico. Soy Hugo de Medellín. Saludos.","soporte","0","tibio"
"L02808","CHUCK_09","Hola, estoy con un error en WhatsApp. Me dan una mano? Soy Daniela. Gracias!","soporte","0","tibio"
"L02809","CHUCK_05","Urgente: necesito ayuda hoy, se cayó la atención en Facebook. Gracias!","soporte","0","caliente"
"L02810","CHUCK_05","Buenas, se trabó un paso de configuración. Me ayudan? Soy Daniela de Córdoba. Gracias!","soporte","0","tibio"
"L02811","CHUCK_06","Necesito soporte ya, estoy perdiendo leads en Instagram. Soy Diego de Quito. Saludos.","soporte","0","caliente"
"L02812","CHUCK_01","Hola, no me funciona como esperaba. Me pueden guiar? Soy Andrés de Santiago. Gracias.","soporte","0","frio"
"L02813","CHUCK_08","Hola, estoy con un error en email. Me dan una mano? Soy Lucía. Quedo atento.","soporte","0","tibio"
"L02814","CHUCK_08","Hola, no me funciona como esperaba. Me pueden guiar?","soporte","0","frio"
"L02815","CHUCK_06","Urgente: necesito ayuda hoy, se cayó la atención en email. Soy Ana. Saludos.","soporte","0","caliente"
"L02816","CHUCK_04","Hola, estoy con un error en Facebook. Me dan una mano?","soporte","0","tibio"
"L02817","CHUCK_01","Buenas, se trabó un paso de configuración. Me ayudan? Soy Fernando. Quedo atento.","soporte","0","tibio"
"L02818","CHUCK_06","Estoy con un error crítico. Me ayudan ahora? Quedo atento.","soporte","0","caliente"
"L02819","CHUCK_05","Necesito soporte ya, estoy perdiendo leads en Telegram. Soy Julia. Quedo atento.","soporte","0","caliente"
"L02820","CHUCK_04","Hola, estoy con un error en web. Me dan una mano? Soy Mateo de Bogotá. Saludos.","soporte","0","tibio"
"L02821","CHUCK_04","Hola, tengo un problema y no sé cómo resolverlo. Soy Laura. Quedo atento.","soporte","0","frio"
"L02822","CHUCK_04","Estoy con un error crítico. Me ayudan ahora? Soy Camila de Lima. Gracias!","soporte","0","caliente"
"L02823","CHUCK_05","Necesito soporte ya, estoy perdiendo leads en Telegram.","soporte","0","caliente"
"L02824","CHUCK_04","Buenas, se trabó un paso de configuración. Me ayudan? Saludos. Idealmente me gustaria tenerlo listo este mes.","soporte","0","tibio"
"L02825","CHUCK_09","Hola, estoy con un error en email. Me dan una mano? Gracias!","soporte","0","tibio"
"L02826","CHUCK_10","Hola, estoy con un error en Telegram. Me dan una mano? Saludos.","soporte","0","tibio"
"L02827","CHUCK_04","Hola, estoy con un error en email. Me dan una mano? Gracias.","soporte","0","tibio"
"L02828","CHUCK_07","Necesito soporte ya, estoy perdiendo leads en Instagram. Soy Sebastián de CDMX.","soporte","0","caliente"
"L02829","CHUCK_01","Estoy con un error crítico. Me ayudan ahora? Soy Martín. Gracias!","soporte","0","caliente"
"L02830","CHUCK_06","Hola, necesito soporte para resolver un problema técnico. Gracias. Soy Carolina de Medellín.","soporte","0","tibio"
"L02831","CHUCK_01","Hola, estoy con un error en Facebook. Me dan una mano? Soy Paula. Gracias!","soporte","0","tibio"
"L02832","CHUCK_09","Urgente: necesito ayuda hoy, se cayó la atención en email. Soy Martín. Gracias!","soporte","0","caliente"
"L02833","CHUCK_02","Estoy con un error crítico. Me ayudan ahora? Soy Renata. Gracias!","soporte","0","caliente"
"L02834","CHUCK_10","Hola, tengo un problema y no sé cómo resolverlo. Soy Valentina de Lima. Gracias.","soporte","0","frio"
"L02835","CHUCK_04","Estoy con un error crítico. Me ayudan ahora? Soy Patricia de Monterrey.","soporte","0","caliente"
"L02836","CHUCK_08","Necesito soporte ya, estoy perdiendo leads en Instagram. Soy Daniela. Saludos.","soporte","0","caliente"
"L02837","CHUCK_07","Buenas, me está fallando algo. Me ayudan? Soy Tomás de Buenos Aires. Gracias!","soporte","0","frio"
"L02838","CHUCK_05","Hola, estoy con un error en Telegram. Me dan una mano? Saludos. Es para una concesionaria y tenemos aprox 381 leads al mes.","soporte","0","tibio"
"L02839","CHUCK_06","Buenas, me está fallando algo. Me ayudan? Soy Carlos de Monterrey. Saludos.","soporte","0","frio"
"L02840","CHUCK_08","Hola, necesito soporte para resolver un problema técnico. Soy Sergio de Bogotá. Quedo atento.","soporte","0","tibio"
"L02841","CHUCK_09","Hola, no me funciona como esperaba. Me pueden guiar? Soy Patricia de Bogotá. Gracias!","soporte","0","frio"
"L02842","CHUCK_08","Hola, tengo un problema y no sé cómo resolverlo. Soy Paula. Quedo atento.","soporte","0","frio"
"L02843","CHUCK_02","Hola, tengo un problema y no sé cómo resolverlo. Soy Sergio de Córdoba. Saludos.","soporte","0","frio"
"L02844","CHUCK_07","Buenas, me está fallando algo. Me ayudan? Soy Raúl de Santiago. Quedo atento.","soporte","0","frio"
"L02845","CHUCK_10","Hola, no me funciona como esperaba. Me pueden guiar? Gracias!","soporte","0","frio"
"L02846","CHUCK_10","Buenas, se trabó un paso de configuración. Me ayudan? Saludos. Lo quiero para Facebook y mi rubro es estudio jurídico.","soporte","0","tibio"
"L02847","CHUCK_04","Buenas, me está fallando algo. Me ayudan? Soy Luis. Saludos.","soporte","0","frio"
"L02848","CHUCK_06","Buenas, se trabó un paso de configuración. Me ayudan? Soy Valentina de Quito. Saludos.","soporte","0","tibio"
"L02849","CHUCK_03","Buenas, me está fallando algo. Me ayudan? Soy Daniela.","soporte","0","frio"
"L02850","CHUCK_01","Hola, estoy con un error en email. Me dan una mano? Soy Renata. Gracias!","soporte","0","tibio"
"L02851","CHUCK_05","Necesito soporte ya, estoy perdiendo leads en Instagram. Soy Ana. Gracias.","soporte","0","caliente"
"L02852","CHUCK_06","Estoy con un error crítico. Me ayudan ahora? Quedo atento. Estoy en Guadalajara y lo necesito para Telegram.","soporte","0","caliente"
"L02853","CHUCK_04","Hola, estoy con un error en Telegram. Me dan una mano? Soy Renata. Quedo atento.","soporte","0","tibio"
"L02854","CHUCK_04","Buenas, me está fallando algo. Me ayudan?","soporte","0","frio"
"L02855","CHUCK_08","Buenas, se trabó un paso de configuración. Me ayudan? Soy Gabriel de Bogotá. Saludos.","soporte","0","tibio"
"L02856","CHUCK_10","Hola, estoy con un error en Instagram. Me dan una mano? Soy Luis.","soporte","0","tibio"
"L02857","CHUCK_09","Necesito soporte ya, estoy perdiendo leads en Facebook. Soy Valentina de Lima. Gracias.","soporte","0","caliente"
"L02858","CHUCK_09","Urgente: necesito ayuda hoy, se cayó la atención en email. Soy Carolina de Buenos Aires.","soporte","0","caliente"
"L02859","CHUCK_06","Estoy con un error crítico. Me ayudan ahora? Soy Patricia de Lima. Gracias.","soporte","0","caliente"
"L02860","CHUCK_01","Hola, estoy con un error en Telegram. Me dan una mano? Soy Alejandro de Medellín. Gracias!","soporte","0","tibio"
"L02861","CHUCK_04","Urgente: necesito ayuda hoy, se cayó la atención en Telegram. Soy Claudia.","soporte","0","caliente"
"L02862","CHUCK_01","Necesito soporte ya, estoy perdiendo leads en Facebook. Soy Lucía de Bogotá. Gracias!","soporte","0","caliente"
"L02863","CHUCK_04","Buenas, me está fallando algo. Me ayudan? Gracias!. Idealmente me gustaria tenerlo listo lo antes posible.","soporte","0","frio"
"L02864","CHUCK_08","Hola, necesito soporte para resolver un problema técnico. Soy Tomás de Lima. Gracias.","soporte","0","tibio"
"L02865","CHUCK_02","Buenas, me está fallando algo. Me ayudan? Gracias.","soporte","0","frio"
"L02866","CHUCK_06","Buenas, se trabó un paso de configuración. Me ayudan? Soy Luis de Bogotá. Gracias!","soporte","0","tibio"
"L02867","CHUCK_06","Hola, necesito soporte para resolver un problema técnico. Soy Mateo de CDMX. Quedo atento.","soporte","0","tibio"
"L02868","CHUCK_03","Urgente: necesito ayuda hoy, se cayó la atención en Telegram. Saludos.","soporte","0","caliente"
"L02869","CHUCK_09","Hola, tengo un problema y no sé cómo resolverlo. Soy Laura. Quedo atento. Lo quiero para email y mi rubro es gimnasio.","soporte","0","frio"
"L02870","CHUCK_01","Urgente: necesito ayuda hoy, se cayó la atención en Facebook. Soy María. Quedo atento.","soporte","0","caliente"
"L02871","CHUCK_09","Hola, necesito soporte para resolver un problema técnico. Soy Diego. Gracias.","soporte","0","tibio"
"L02872","CHUCK_10","Buenas, me está fallando algo. Me ayudan? Soy Camila. Gracias.","soporte","0","frio"
"L02873","CHUCK_09","Hola, no me funciona como esperaba. Me pueden guiar? Soy Mónica de Santiago. Quedo atento.","soporte","0","frio"
"L02874","CHUCK_02","Buenas, me está fallando algo. Me ayudan?. Idealmente me gustaria tenerlo listo lo antes posible.","soporte","0","frio"
"L02875","CHUCK_03","Hola, estoy con un error en web. Me dan una mano? Gracias!. Manejo un presupuesto de 52 al mes aprox.","soporte","1","tibio"
"L02876","CHUCK_08","Estoy con un error crítico. Me ayudan ahora? Soy Ana de Lima.","soporte","0","caliente"
"L02877","CHUCK_04","Urgente: necesito ayuda hoy, se cayó la atención en web. Soy Sofía de Monterrey. Gracias.","soporte","0","caliente"
"L02878","CHUCK_04","Hola, necesito soporte para resolver un problema técnico. Soy Ricardo.","soporte","0","tibio"
"L02879","CHUCK_01","Hola, estoy con un error en web. Me dan una mano?","soporte","0","tibio"
"L02880","CHUCK_09","Hola, no me funciona como esperaba. Me pueden guiar? Gracias.","soporte","0","frio"
"L02881","CHUCK_10","Hola, estoy con un error en WhatsApp. Me dan una mano? Soy Emilio de Buenos Aires. Quedo atento.","soporte","0","tibio"
"L02882","CHUCK_10","Hola, tengo un problema y no sé cómo resolverlo. Soy Tomás de Monterrey. Gracias!","soporte","0","frio"
"L02883","CHUCK_02","Buenas, me está fallando algo. Me ayudan? Saludos. Lo quiero para email y mi rubro es agencia.","soporte","0","frio"
"L02884","CHUCK_03","Hola, tengo un problema y no sé cómo resolverlo. Soy Florencia de Buenos Aires. Gracias!","soporte","0","frio"
"L02885","CHUCK_01","Buenas, se trabó un paso de configuración. Me ayudan? Soy Claudia. Saludos.","soporte","0","tibio"
"L02886","CHUCK_05","Hola, estoy con un error en Facebook. Me dan una mano?. Manejo un presupuesto de 845 al mes aprox.","soporte","1","tibio"
"L02887","CHUCK_01","Hola, estoy con un error en WhatsApp. Me dan una mano? Gracias!. Es para una academia y tenemos aprox 426 leads al mes.","soporte","0","tibio"
"L02888","CHUCK_03","Necesito soporte ya, estoy perdiendo leads en WhatsApp. Soy Ricardo.","soporte","0","caliente"
"L02889","CHUCK_02","Hola, necesito soporte para resolver un problema técnico. Soy Ana. Gracias.","soporte","0","tibio"
"L02890","CHUCK_04","Buenas, me está fallando algo. Me ayudan? Quedo atento.","soporte","0","frio"
"L02891","CHUCK_09","Hola, no me funciona como esperaba. Me pueden guiar? Soy Hugo. Gracias.","soporte","0","frio"
"L02892","CHUCK_07","Buenas, me está fallando algo. Me ayudan? Soy Florencia. Gracias!","soporte","0","frio"
"L02893","CHUCK_07","Hola, no me funciona como esperaba. Me pueden guiar? Soy María de Buenos Aires. Saludos.","soporte","0","frio"
"L02894","CHUCK_02","Hola, estoy con un error en email. Me dan una mano? Soy Sofía. Quedo atento.","soporte","0","tibio"
"L02895","CHUCK_07","Buenas, se trabó un paso de configuración. Me ayudan? Soy Daniela de Quito. Quedo atento.","soporte","0","tibio"
"L02896","CHUCK_01","Hola, tengo un problema y no sé cómo resolverlo. Soy Patricia.","soporte","0","frio"
"L02897","CHUCK_02","Hola, estoy con un error en web. Me dan una mano?. Idealmente me gustaria tenerlo listo antes del viernes.","soporte","0","tibio"
"L02898","CHUCK_07","Hola, no me funciona como esperaba. Me pueden guiar? Soy Laura de Buenos Aires. Gracias.","soporte","0","frio"
"L02899","CHUCK_05","Estoy con un error crítico. Me ayudan ahora? Soy Alejandro. Saludos.","soporte","0","caliente"
"L02900","CHUCK_10","Buenas, se trabó un paso de configuración. Me ayudan? Gracias!. Manejo un presupuesto de 859 al mes aprox.","soporte","1","tibio"
"L02901","CHUCK_09","Necesito soporte ya, estoy perdiendo leads en Facebook. Soy Fernando. Gracias!","soporte","0","caliente"
"L02902","CHUCK_02","Hola, necesito soporte para resolver un problema técnico. Soy Natalia de Quito. Quedo atento.","soporte","0","tibio"
"L02903","CHUCK_04","Necesito soporte ya, estoy perdiendo leads en WhatsApp.","soporte","0","caliente"
"L02904","CHUCK_06","Buenas, me está fallando algo. Me ayudan? Soy Sebastián de Bogotá. Gracias.","soporte","0","frio"
"L02905","CHUCK_06","Hola, necesito soporte para resolver un problema técnico. Soy Sergio de CDMX. Saludos.","soporte","0","tibio"
"L02906","CHUCK_07","Hola, estoy con un error en Instagram. Me dan una mano? Soy Ricardo. Gracias.","soporte","0","tibio"
"L02907","CHUCK_04","Urgente: necesito ayuda hoy, se cayó la atención en Telegram. Soy Ana de Santiago. Quedo atento.","soporte","0","caliente"
"L02908","CHUCK_01","Hola, tengo un problema y no sé cómo resolverlo. Saludos.","soporte","0","frio"
"L02909","CHUCK_08","Urgente: necesito ayuda hoy, se cayó la atención en WhatsApp. Soy Carlos de Bogotá. Gracias!","soporte","0","caliente"
"L02910","CHUCK_03","Buenas, me está fallando algo. Me ayudan? Soy Lucía de CDMX. Gracias!","soporte","0","frio"
"L02911","CHUCK_09","Buenas, me está fallando algo. Me ayudan? Soy Andrea. Quedo atento.","soporte","0","frio"
"L02912","CHUCK_04","Hola, no me funciona como esperaba. Me pueden guiar?. Lo quiero para Telegram y mi rubro es gimnasio.","soporte","0","frio"
"L02913","CHUCK_04","Hola, no me funciona como esperaba. Me pueden guiar? Soy Nicolás. Gracias!","soporte","0","frio"
"L02914","CHUCK_06","Hola, tengo un problema y no sé cómo resolverlo. Soy Javier.","soporte","0","frio"
"L02915","CHUCK_10","Hola, tengo un problema y no sé cómo resolverlo. Soy Fernando de Quito. Quedo atento.","soporte","0","frio"
"L02916","CHUCK_10","Buenas, se trabó un paso de configuración. Me ayudan? Gracias. Es para una turismo y tenemos aprox 127 leads al mes.","soporte","0","tibio"
"L02917","CHUCK_05","Hola, no me funciona como esperaba. Me pueden guiar? Soy Laura. Quedo atento.","soporte","0","frio"
"L02918","CHUCK_01","Buenas, se trabó un paso de configuración. Me ayudan? Soy Mónica. Gracias!","soporte","0","tibio"
"L02919","CHUCK_07","Urgente: necesito ayuda hoy, se cayó la atención en web. Quedo atento.","soporte","0","caliente"
"L02920","CHUCK_05","Hola, necesito soporte para resolver un problema técnico.","soporte","0","tibio"
"L02921","CHUCK_09","Hola, necesito soporte para resolver un problema técnico. Soy María de Lima. Gracias.","soporte","0","tibio"
"L02922","CHUCK_10","Buenas, me está fallando algo. Me ayudan? Soy Emilio. Quedo atento.","soporte","0","frio"
"L02923","CHUCK_07","Buenas, se trabó un paso de configuración. Me ayudan? Quedo atento.","soporte","0","tibio"
"L02924","CHUCK_02","Buenas, se trabó un paso de configuración. Me ayudan?","soporte","0","tibio"
"L02925","CHUCK_09","Urgente: necesito ayuda hoy, se cayó la atención en Telegram. Gracias.","soporte","0","caliente"
"L02926","CHUCK_01","Buenas, me está fallando algo. Me ayudan? Quedo atento. Manejo un presupuesto de 542 al mes aprox.","soporte","1","frio"
"L02927","CHUCK_08","Urgente: necesito ayuda hoy, se cayó la atención en email. Soy Raúl. Gracias.","soporte","0","caliente"
"L02928","CHUCK_09","Hola, no me funciona como esperaba. Me pueden guiar? Saludos.","soporte","0","frio"
"L02929","CHUCK_04","Estoy con un error crítico. Me ayudan ahora? Soy Luis de Santiago. Saludos.","soporte","0","caliente"
"L02930","CHUCK_01","Hola, estoy con un error en WhatsApp. Me dan una mano?","soporte","0","tibio"
"L02931","CHUCK_10","Hola, no me funciona como esperaba. Me pueden guiar? Soy Patricia. Saludos.","soporte","0","frio"
"L02932","CHUCK_05","Hola, necesito soporte para resolver un problema técnico. Soy Pablo. Quedo atento.","soporte","0","tibio"
"L02933","CHUCK_05","Urgente: necesito ayuda hoy, se cayó la atención en Telegram. Gracias. Soy Martín de Bogotá.","soporte","0","caliente"
"L02934","CHUCK_05","Hola, tengo un problema y no sé cómo resolverlo. Soy Lucía de Monterrey. Gracias.","soporte","0","frio"
"L02935","CHUCK_02","Hola, tengo un problema y no sé cómo resolverlo. Soy María de Lima. Gracias.","soporte","0","frio"
"L02936","CHUCK_04","Buenas, se trabó un paso de configuración. Me ayudan? Saludos. Soy Renata de CDMX.","soporte","0","tibio"
"L02937","CHUCK_01","Buenas, se trabó un paso de configuración. Me ayudan? Soy Martín. Saludos.","soporte","0","tibio"
"L02938","CHUCK_03","Hola, estoy con un error en web. Me dan una mano? Saludos.","soporte","0","tibio"
"L02939","CHUCK_09","Buenas, me está fallando algo. Me ayudan? Soy Sebastián. Gracias.","soporte","0","frio"
"L02940","CHUCK_02","Buenas, me está fallando algo. Me ayudan? Saludos. Es para una estudio jurídico y tenemos aprox 449 leads al mes.","soporte","0","frio"
"L02941","CHUCK_08","Hola, estoy con un error en email. Me dan una mano? Soy Martín de Guadalajara. Gracias!","soporte","0","tibio"
"L02942","CHUCK_08","Hola, no me funciona como esperaba. Me pueden guiar? Quedo atento. Estoy en Santiago y lo necesito para Telegram.","soporte","0","frio"
"L02943","CHUCK_08","Urgente: necesito ayuda hoy, se cayó la atención en Facebook. Soy Diego.","soporte","0","caliente"
"L02944","CHUCK_08","Hola, tengo un problema y no sé cómo resolverlo. Soy Javier de Bogotá. Saludos.","soporte","0","frio"
"L02945","CHUCK_06","Buenas, me está fallando algo. Me ayudan? Soy Nicolás.","soporte","0","frio"
"L02946","CHUCK_06","Buenas, se trabó un paso de configuración. Me ayudan? Soy Carolina. Gracias.","soporte","0","tibio"
"L02947","CHUCK_10","Estoy con un error crítico. Me ayudan ahora? Gracias. Manejo un presupuesto de 1398 al mes aprox.","soporte","1","caliente"
"L02948","CHUCK_08","Hola, tengo un problema y no sé cómo resolverlo. Soy Raúl de Guadalajara. Quedo atento.","soporte","0","frio"
"L02949","CHUCK_02","Buenas, se trabó un paso de configuración. Me ayudan? Soy Sergio de Córdoba. Quedo atento.","soporte","0","tibio"
"L02950","CHUCK_03","Buenas, me está fallando algo. Me ayudan? Gracias. Manejo un presupuesto de 439 al mes aprox.","soporte","1","frio"
"L02951","CHUCK_10","Hola, tengo un problema y no sé cómo resolverlo. Gracias!. Es para una turismo y tenemos aprox 353 leads al mes.","soporte","0","frio"
"L02952","CHUCK_05","Necesito soporte ya, estoy perdiendo leads en web. Gracias.","soporte","0","caliente"
"L02953","CHUCK_04","Buenas, se trabó un paso de configuración. Me ayudan? Soy Carolina.","soporte","0","tibio"
"L02954","CHUCK_07","Buenas, me está fallando algo. Me ayudan? Soy Emilio. Gracias!","soporte","0","frio"
"L02955","CHUCK_05","Buenas, me está fallando algo. Me ayudan? Soy Fernando. Gracias!","soporte","0","frio"
"L02956","CHUCK_06","Urgente: necesito ayuda hoy, se cayó la atención en Telegram. Soy María. Gracias!","soporte","0","caliente"
"L02957","CHUCK_08","Buenas, me está fallando algo. Me ayudan? Gracias!. Soy Renata de Bogotá.","soporte","0","frio"
"L02958","CHUCK_04","Necesito soporte ya, estoy perdiendo leads en email. Quedo atento.","soporte","0","caliente"
"L02959","CHUCK_06","Hola, tengo un problema y no sé cómo resolverlo. Soy Brenda de Monterrey. Saludos.","soporte","0","frio"
"L02960","CHUCK_05","Hola, tengo un problema y no sé cómo resolverlo. Soy Mónica.","soporte","0","frio"
"L02961","CHUCK_02","Estoy con un error crítico. Me ayudan ahora? Soy Andrea de Lima.","soporte","0","caliente"
"L02962","CHUCK_10","Hola, estoy con un error en email. Me dan una mano? Soy Laura de Lima. Saludos.","soporte","0","tibio"
"L02963","CHUCK_04","Hola, no me funciona como esperaba. Me pueden guiar? Soy Gabriel. Quedo atento.","soporte","0","frio"
"L02964","CHUCK_09","Hola, tengo un problema y no sé cómo resolverlo. Soy Iván. Quedo atento.","soporte","0","frio"
"L02965","CHUCK_06","Necesito soporte ya, estoy perdiendo leads en WhatsApp. Idealmente me gustaria tenerlo listo esta semana.","soporte","0","caliente"
"L02966","CHUCK_01","Necesito soporte ya, estoy perdiendo leads en web. Soy Javier. Gracias.","soporte","0","caliente"
"L02967","CHUCK_08","Urgente: necesito ayuda hoy, se cayó la atención en WhatsApp. Soy Verónica. Quedo atento.","soporte","0","caliente"
"L02968","CHUCK_08","Hola, tengo un problema y no sé cómo resolverlo. Soy Nicolás. Gracias.","soporte","0","frio"
"L02969","CHUCK_04","Buenas, se trabó un paso de configuración. Me ayudan? Gracias!. Es para una turismo y tenemos aprox 135 leads al mes.","soporte","0","tibio"
"L02970","CHUCK_04","Hola, necesito soporte para resolver un problema técnico. Saludos.","soporte","0","tibio"
"L02971","CHUCK_07","Hola, tengo un problema y no sé cómo resolverlo. Soy Lucía. Gracias.","soporte","0","frio"
"L02972","CHUCK_03","Buenas, se trabó un paso de configuración. Me ayudan? Soy Diego. Saludos.","soporte","0","tibio"
"L02973","CHUCK_07","Buenas, se trabó un paso de configuración. Me ayudan? Soy Carolina. Es para una turismo y tenemos aprox 185 leads al mes.","soporte","0","tibio"
"L02974","CHUCK_04","Hola, necesito soporte para resolver un problema técnico. Soy Daniela. Gracias!","soporte","0","tibio"
"L02975","CHUCK_06","Buenas, me está fallando algo. Me ayudan? Quedo atento. Soy Daniela de CDMX.","soporte","0","frio"
"L02976","CHUCK_04","Buenas, se trabó un paso de configuración. Me ayudan? Quedo atento. Es para una e-commerce y tenemos aprox 71 leads al mes.","soporte","0","tibio"
"L02977","CHUCK_07","Hola, tengo un problema y no sé cómo resolverlo. Saludos. Soy Tomás de Medellín.","soporte","0","frio"
"L02978","CHUCK_07","Estoy con un error crítico. Me ayudan ahora? Soy Mateo. Gracias!","soporte","0","caliente"
"L02979","CHUCK_06","Urgente: necesito ayuda hoy, se cayó la atención en Telegram. Gracias. Idealmente me gustaria tenerlo listo esta semana.","soporte","0","caliente"
"L02980","CHUCK_06","Hola, necesito soporte para resolver un problema técnico. Soy Diego. Quedo atento.","soporte","0","tibio"
"L02981","CHUCK_01","Hola, no me funciona como esperaba. Me pueden guiar? Gracias. Estoy en Santiago y lo necesito para WhatsApp.","soporte","0","frio"
"L02982","CHUCK_08","Hola, no me funciona como esperaba. Me pueden guiar? Soy Nicolás. Gracias!. Soy Nicolás de Quito.","soporte","0","frio"
"L02983","CHUCK_06","Buenas, me está fallando algo. Me ayudan? Saludos. Idealmente me gustaria tenerlo listo lo antes posible.","soporte","0","frio"
"L02984","CHUCK_08","Hola, no me funciona como esperaba. Me pueden guiar?. Soy Alejandro de Quito.","soporte","0","frio"
"L02985","CHUCK_06","Urgente: necesito ayuda hoy, se cayó la atención en email.","soporte","0","caliente"
"L02986","CHUCK_06","Urgente: necesito ayuda hoy, se cayó la atención en Instagram. Quedo atento.","soporte","0","caliente"
"L02987","CHUCK_02","Estoy con un error crítico. Me ayudan ahora? Soy Camila de Bogotá. Quedo atento.","soporte","0","caliente"
"L02988","CHUCK_04","Hola, necesito soporte para resolver un problema técnico. Soy Mateo de CDMX. Saludos.","soporte","0","tibio"
"L02989","CHUCK_05","Buenas, me está fallando algo. Me ayudan? Gracias. Estoy en Córdoba y lo necesito para Facebook.","soporte","0","frio"
"L02990","CHUCK_06","Estoy con un error crítico. Me ayudan ahora? Saludos. Estoy en Guadalajara y lo necesito para Telegram.","soporte","0","caliente"
"L02991","CHUCK_08","Hola, estoy con un error en WhatsApp. Me dan una mano? Soy Emilio de Bogotá. Gracias!","soporte","0","tibio"
"L02992","CHUCK_03","Urgente: necesito ayuda hoy, se cayó la atención en Facebook.","soporte","0","caliente"
"L02993","CHUCK_09","Buenas, se trabó un paso de configuración. Me ayudan? Soy Daniela. Gracias!","soporte","0","tibio"
"L02994","CHUCK_05","Buenas, se trabó un paso de configuración. Me ayudan? Gracias. Idealmente me gustaria tenerlo listo este mes.","soporte","0","tibio"
"L02995","CHUCK_09","Hola, no me funciona como esperaba. Me pueden guiar? Soy Nicolás de Santiago. Quedo atento.","soporte","0","frio"
"L02996","CHUCK_04","Necesito soporte ya, estoy perdiendo leads en Telegram. Soy Camila de Córdoba. Gracias!","soporte","0","caliente"
"L02997","CHUCK_07","Hola, necesito soporte para resolver un problema técnico. Gracias!. Manejo un presupuesto de 1059 al mes aprox.","soporte","1","tibio"
"L02998","CHUCK_01","Hola, estoy con un error en Telegram. Me dan una mano? Soy Andrés de Buenos Aires. Saludos.","soporte","0","tibio"
"L02999","CHUCK_06","Hola, tengo un problema y no sé cómo resolverlo. Gracias.","soporte","0","frio"
"L03000","CHUCK_05","Buenas, me está fallando algo. Me ayudan? Saludos. Lo quiero para Facebook y mi rubro es gimnasio.","soporte","0","frio"
