lead_id,chuck_id,mensaje_chuck,intencion,pre_precio,lead_clase,lead_clase_id
L00001,CHUCK_04,"Excelente decision, te ayudo a completar tu compra ahora.",compra,0,tibio,1
L00002,CHUCK_01,"Claro, te comparto el precio actualizado del plan.",consulta_precio,1,caliente,2
L00003,CHUCK_01,Retomo la conversacion para ayudarte con la decision.,seguimiento,0,tibio,1
L00004,CHUCK_03,"Hola, un gusto saludarte. En que te asesoro?",saludo,0,frio,0
L00005,CHUCK_07,"El costo depende del paquete, te paso las opciones de precio.",consulta_precio,1,tibio,1
L00006,CHUCK_07,"Excelente decision, te ayudo a completar tu compra ahora.",compra,1,caliente,2
L00007,CHUCK_04,"Es normal tener esa inquietud, revisemos alternativas.",objecion,0,frio,0
L00008,CHUCK_06,"Es normal tener esa inquietud, revisemos alternativas.",objecion,0,tibio,1
L00009,CHUCK_09,"El costo depende del paquete, te paso las opciones de precio.",consulta_precio,1,tibio,1
L00010,CHUCK_09,"Perfecto, te comparto el link de pago para cerrar la compra.",compra,1,caliente,2
L00011,CHUCK_01,"Perfecto, te comparto el link de pago para cerrar la compra.",compra,1,caliente,2
L00012,CHUCK_04,Te explico las caracteristicas principales del producto.,consulta_producto,1,tibio,1
L00013,CHUCK_07,"Si te parece, coordinamos una demostracion personalizada.",agendar_demo,1,tibio,1
L00014,CHUCK_05,Te ayudo con soporte tecnico paso a paso.,soporte,0,frio,0
L00015,CHUCK_04,Te explico las caracteristicas principales del producto.,consulta_producto,0,tibio,1
L00016,CHUCK_03,Puedo guiarte para solucionar el problema ahora mismo.,soporte,0,frio,0
L00017,CHUCK_04,"Bienvenido, estoy para ayudarte con toda la informacion.",saludo,0,frio,0
L00018,CHUCK_02,Vamos a revisar ese inconveniente para resolverlo rapido.,soporte,0,frio,0
L00019,CHUCK_04,Retomo la conversacion para ayudarte con la decision.,seguimiento,0,tibio,1
L00020,CHUCK_09,"Gracias por tu tiempo, quedo atento a cualquier consulta.",despedida,0,frio,0
L00021,CHUCK_04,"Es normal tener esa inquietud, revisemos alternativas.",objecion,0,tibio,1
L00022,CHUCK_04,Te escribo para dar seguimiento a tu interes.,seguimiento,0,tibio,1
L00023,CHUCK_03,"Tenemos stock disponible, puedo procesar tu compra en este momento.",compra,0,caliente,2
L00024,CHUCK_09,Retomo la conversacion para ayudarte con la decision.,seguimiento,1,tibio,1
L00025,CHUCK_05,"Es normal tener esa inquietud, revisemos alternativas.",objecion,1,frio,0
L00026,CHUCK_02,"Tenemos stock disponible, puedo procesar tu compra en este momento.",compra,0,tibio,1
L00027,CHUCK_05,"El costo depende del paquete, te paso las opciones de precio.",consulta_precio,1,tibio,1
L00028,CHUCK_05,Podemos resolver esa objecion con una opcion mas flexible.,objecion,0,tibio,1
L00029,CHUCK_10,"Si, te puedo detallar precios y promociones vigentes.",consulta_precio,1,tibio,1
L00030,CHUCK_07,Te explico las caracteristicas principales del producto.,consulta_producto,0,tibio,1
L00031,CHUCK_02,Podemos resolver esa objecion con una opcion mas flexible.,objecion,0,tibio,1
L00032,CHUCK_04,"Si quieres, te envio una tabla comparativa clara.",comparacion,1,tibio,1
L00033,CHUCK_02,Te escribo para dar seguimiento a tu interes.,seguimiento,1,tibio,1
L00034,CHUCK_07,Fue un gusto ayudarte. Estoy disponible cuando lo necesites.,despedida,0,frio,0
L00035,CHUCK_04,Este producto incluye soporte y configuracion inicial.,consulta_producto,0,frio,0
L00036,CHUCK_04,Te escribo para dar seguimiento a tu interes.,seguimiento,0,frio,0
L00037,CHUCK_04,Retomo la conversacion para ayudarte con la decision.,seguimiento,0,tibio,1
L00038,CHUCK_10,Este producto incluye soporte y configuracion inicial.,consulta_producto,1,tibio,1
L00039,CHUCK_08,"Tenemos stock disponible, puedo procesar tu compra en este momento.",compra,1,caliente,2
L00040,CHUCK_06,"Perfecto, te comparto el link de pago para cerrar la compra.",compra,1,caliente,2
L00041,CHUCK_08,Podemos agendar una demo de 20 minutos esta semana.,agendar_demo,0,tibio,1
L00042,CHUCK_09,"Perfecto, hablamos pronto. Que tengas excelente dia.",despedida,0,frio,0
L00043,CHUCK_10,"Tengo disponibilidad para demo, te paso horarios.",agendar_demo,0,tibio,1
L00044,CHUCK_01,Te comparto los beneficios para tu caso de uso.,consulta_producto,0,frio,0
L00045,CHUCK_04,Te comparto los beneficios para tu caso de uso.,consulta_producto,0,frio,0
L00046,CHUCK_08,Te comparto los beneficios para tu caso de uso.,consulta_producto,0,frio,0
L00047,CHUCK_04,Podemos agendar una demo de 20 minutos esta semana.,agendar_demo,0,caliente,2
L00048,CHUCK_08,"Tenemos stock disponible, puedo procesar tu compra en este momento.",compra,0,caliente,2
L00049,CHUCK_02,Te explico las caracteristicas principales del producto.,consulta_producto,0,frio,0
L00050,CHUCK_02,"Si, te puedo detallar precios y promociones vigentes.",consulta_precio,1,tibio,1
L00051,CHUCK_08,Retomo la conversacion para ayudarte con la decision.,seguimiento,0,tibio,1
L00052,CHUCK_05,"Excelente decision, te ayudo a completar tu compra ahora.",compra,1,caliente,2
L00053,CHUCK_08,Te comparto los beneficios para tu caso de uso.,consulta_producto,1,frio,0
L00054,CHUCK_06,"Hola, gracias por contactarnos. Como puedo ayudarte hoy?",saludo,0,frio,0
L00055,CHUCK_09,"Tenemos stock disponible, puedo procesar tu compra en este momento.",compra,0,caliente,2
L00056,CHUCK_04,"Claro, te comparto el precio actualizado del plan.",consulta_precio,1,tibio,1
L00057,CHUCK_04,"Tengo disponibilidad para demo, te paso horarios.",agendar_demo,0,tibio,1
L00058,CHUCK_06,"Es normal tener esa inquietud, revisemos alternativas.",objecion,0,tibio,1
L00059,CHUCK_07,"Es normal tener esa inquietud, revisemos alternativas.",objecion,0,frio,0
L00060,CHUCK_08,"Si, te puedo detallar precios y promociones vigentes.",consulta_precio,1,caliente,2
L00061,CHUCK_06,Te comparto los beneficios para tu caso de uso.,consulta_producto,1,tibio,1
L00062,CHUCK_04,"Perfecto, te comparto el link de pago para cerrar la compra.",compra,0,tibio,1
L00063,CHUCK_03,"Claro, te comparto el precio actualizado del plan.",consulta_precio,1,tibio,1
L00064,CHUCK_07,"Claro, te comparto el precio actualizado del plan.",consulta_precio,1,tibio,1
L00065,CHUCK_10,"Gracias por tu tiempo, quedo atento a cualquier consulta.",despedida,1,frio,0
L00066,CHUCK_03,"Perfecto, te comparto el link de pago para cerrar la compra.",compra,1,caliente,2
L00067,CHUCK_04,Este producto incluye soporte y configuracion inicial.,consulta_producto,0,frio,0
L00068,CHUCK_10,Te explico las caracteristicas principales del producto.,consulta_producto,0,frio,0
L00069,CHUCK_05,"Claro, te comparto el precio actualizado del plan.",consulta_precio,1,caliente,2
L00070,CHUCK_10,Podemos resolver esa objecion con una opcion mas flexible.,objecion,0,frio,0
L00071,CHUCK_04,"Si quieres, te envio una tabla comparativa clara.",comparacion,0,tibio,1
L00072,CHUCK_02,"Claro, te comparto el precio actualizado del plan.",consulta_precio,1,tibio,1
L00073,CHUCK_06,Este producto incluye soporte y configuracion inicial.,consulta_producto,0,tibio,1
L00074,CHUCK_02,"Tenemos stock disponible, puedo procesar tu compra en este momento.",compra,1,caliente,2
L00075,CHUCK_05,Retomo la conversacion para ayudarte con la decision.,seguimiento,1,tibio,1
L00076,CHUCK_04,"Tenemos stock disponible, puedo procesar tu compra en este momento.",compra,0,tibio,1
L00077,CHUCK_06,Te escribo para dar seguimiento a tu interes.,seguimiento,0,frio,0
L00078,CHUCK_01,"En relacion calidad-precio, esta opcion destaca por soporte y resultados.",comparacion,1,caliente,2
L00079,CHUCK_07,"El costo depende del paquete, te paso las opciones de precio.",consulta_precio,1,tibio,1
L00080,CHUCK_05,Te ayudo con soporte tecnico paso a paso.,soporte,0,frio,0
L00081,CHUCK_03,"Perfecto, te comparto el link de pago para cerrar la compra.",compra,0,caliente,2
L00082,CHUCK_01,"El costo depende del paquete, te paso las opciones de precio.",consulta_precio,1,tibio,1
L00083,CHUCK_08,"El costo depende del paquete, te paso las opciones de precio.",consulta_precio,1,tibio,1
L00084,CHUCK_01,Te explico las caracteristicas principales del producto.,consulta_producto,0,tibio,1
L00085,CHUCK_03,Te explico las caracteristicas principales del producto.,consulta_producto,0,tibio,1
L00086,CHUCK_08,"Claro, te comparto el precio actualizado del plan.",consulta_precio,1,caliente,2
L00087,CHUCK_01,Vamos a revisar ese inconveniente para resolverlo rapido.,soporte,0,frio,0
L00088,CHUCK_10,Podemos resolver esa objecion con una opcion mas flexible.,objecion,0,tibio,1
L00089,CHUCK_03,"Si, te puedo detallar precios y promociones vigentes.",consulta_precio,1,caliente,2
L00090,CHUCK_03,"Entiendo tu duda, te aclaro ese punto para que decidas con confianza.",objecion,1,frio,0
L00091,CHUCK_07,Puedo guiarte para solucionar el problema ahora mismo.,soporte,0,frio,0
L00092,CHUCK_09,Te escribo para dar seguimiento a tu interes.,seguimiento,0,tibio,1
L00093,CHUCK_02,Retomo la conversacion para ayudarte con la decision.,seguimiento,0,tibio,1
L00094,CHUCK_10,Este producto incluye soporte y configuracion inicial.,consulta_producto,0,tibio,1
L00095,CHUCK_08,Te comparto los beneficios para tu caso de uso.,consulta_producto,0,tibio,1
L00096,CHUCK_08,Te comparto los beneficios para tu caso de uso.,consulta_producto,0,frio,0
L00097,CHUCK_04,"Entiendo tu duda, te aclaro ese punto para que decidas con confianza.",objecion,1,tibio,1
L00098,CHUCK_09,Podemos agendar una demo de 20 minutos esta semana.,agendar_demo,0,caliente,2
L00099,CHUCK_05,Este producto incluye soporte y configuracion inicial.,consulta_producto,0,tibio,1
L00100,CHUCK_01,"Excelente decision, te ayudo a completar tu compra ahora.",compra,0,caliente,2
L00101,CHUCK_07,"El costo depende del paquete, te paso las opciones de precio.",consulta_precio,1,caliente,2
L00102,CHUCK_05,"En relacion calidad-precio, esta opcion destaca por soporte y resultados.",comparacion,1,tibio,1
L00103,CHUCK_02,"Excelente decision, te ayudo a completar tu compra ahora.",compra,0,caliente,2
L00104,CHUCK_08,Este producto incluye soporte y configuracion inicial.,consulta_producto,0,frio,0
L00105,CHUCK_03,"Tenemos stock disponible, puedo procesar tu compra en este momento.",compra,0,caliente,2
L00106,CHUCK_04,"Si, te puedo detallar precios y promociones vigentes.",consulta_precio,1,tibio,1
L00107,CHUCK_09,"Gracias por tu tiempo, quedo atento a cualquier consulta.",despedida,0,frio,0
L00108,CHUCK_03,"Bienvenido, estoy para ayudarte con toda la informacion.",saludo,0,frio,0
L00109,CHUCK_04,Podemos agendar una demo de 20 minutos esta semana.,agendar_demo,1,caliente,2
L00110,CHUCK_06,Te ayudo con soporte tecnico paso a paso.,soporte,0,frio,0
L00111,CHUCK_05,"Es normal tener esa inquietud, revisemos alternativas.",objecion,0,tibio,1
L00112,CHUCK_08,"Bienvenido, estoy para ayudarte con toda la informacion.",saludo,0,frio,0
L00113,CHUCK_05,"Tenemos stock disponible, puedo procesar tu compra en este momento.",compra,1,caliente,2
L00114,CHUCK_08,"El costo depende del paquete, te paso las opciones de precio.",consulta_precio,1,tibio,1
L00115,CHUCK_05,"Si te parece, coordinamos una demostracion personalizada.",agendar_demo,0,tibio,1
L00116,CHUCK_08,Te comparto los beneficios para tu caso de uso.,consulta_producto,0,frio,0
L00117,CHUCK_05,"Si quieres, te envio una tabla comparativa clara.",comparacion,1,tibio,1
L00118,CHUCK_10,Quedo atento para continuar cuando te venga bien.,seguimiento,0,frio,0
L00119,CHUCK_03,"Si, te puedo detallar precios y promociones vigentes.",consulta_precio,1,caliente,2
L00120,CHUCK_05,Te ayudo con soporte tecnico paso a paso.,soporte,0,frio,0
L00121,CHUCK_06,Retomo la conversacion para ayudarte con la decision.,seguimiento,0,frio,0
L00122,CHUCK_03,Retomo la conversacion para ayudarte con la decision.,seguimiento,0,tibio,1
L00123,CHUCK_10,Te escribo para dar seguimiento a tu interes.,seguimiento,0,frio,0
L00124,CHUCK_01,Quedo atento para continuar cuando te venga bien.,seguimiento,1,tibio,1
L00125,CHUCK_07,Te ayudo con soporte tecnico paso a paso.,soporte,1,frio,0
L00126,CHUCK_03,Te comparto los beneficios para tu caso de uso.,consulta_producto,0,tibio,1
L00127,CHUCK_03,"El costo depende del paquete, te paso las opciones de precio.",consulta_precio,1,tibio,1
L00128,CHUCK_05,Te comparo este plan frente a otras alternativas del mercado.,comparacion,1,tibio,1
L00129,CHUCK_05,"Gracias por tu tiempo, quedo atento a cualquier consulta.",despedida,0,frio,0
L00130,CHUCK_01,Podemos resolver esa objecion con una opcion mas flexible.,objecion,0,frio,0
L00131,CHUCK_03,Quedo atento para continuar cuando te venga bien.,seguimiento,0,tibio,1
L00132,CHUCK_04,Podemos resolver esa objecion con una opcion mas flexible.,objecion,0,tibio,1
L00133,CHUCK_10,"Es normal tener esa inquietud, revisemos alternativas.",objecion,0,frio,0
L00134,CHUCK_04,Te escribo para dar seguimiento a tu interes.,seguimiento,1,frio,0
L00135,CHUCK_03,"Tengo disponibilidad para demo, te paso horarios.",agendar_demo,0,tibio,1
L00136,CHUCK_05,"Gracias por tu tiempo, quedo atento a cualquier consulta.",despedida,0,frio,0
L00137,CHUCK_01,Te comparto los beneficios para tu caso de uso.,consulta_producto,0,tibio,1
L00138,CHUCK_07,"Si quieres, te envio una tabla comparativa clara.",comparacion,1,caliente,2
L00139,CHUCK_05,"Si quieres, te envio una tabla comparativa clara.",comparacion,0,caliente,2
L00140,CHUCK_03,"Perfecto, te comparto el link de pago para cerrar la compra.",compra,1,caliente,2
L00141,CHUCK_01,"El costo depende del paquete, te paso las opciones de precio.",consulta_precio,1,tibio,1
L00142,CHUCK_06,Retomo la conversacion para ayudarte con la decision.,seguimiento,1,frio,0
L00143,CHUCK_09,"Tenemos stock disponible, puedo procesar tu compra en este momento.",compra,0,caliente,2
L00144,CHUCK_08,"El costo depende del paquete, te paso las opciones de precio.",consulta_precio,1,caliente,2
L00145,CHUCK_09,"Hola, un gusto saludarte. En que te asesoro?",saludo,0,frio,0
L00146,CHUCK_05,Este producto incluye soporte y configuracion inicial.,consulta_producto,0,frio,0
L00147,CHUCK_01,"Si, te puedo detallar precios y promociones vigentes.",consulta_precio,1,caliente,2
L00148,CHUCK_03,Podemos agendar una demo de 20 minutos esta semana.,agendar_demo,0,tibio,1
L00149,CHUCK_03,"Perfecto, te comparto el link de pago para cerrar la compra.",compra,0,caliente,2
L00150,CHUCK_10,"Bienvenido, estoy para ayudarte con toda la informacion.",saludo,0,frio,0
L00151,CHUCK_10,"Tenemos stock disponible, puedo procesar tu compra en este momento.",compra,0,caliente,2
L00152,CHUCK_08,"Excelente decision, te ayudo a completar tu compra ahora.",compra,1,caliente,2
L00153,CHUCK_02,"El costo depende del paquete, te paso las opciones de precio.",consulta_precio,1,tibio,1
L00154,CHUCK_01,"Excelente decision, te ayudo a completar tu compra ahora.",compra,0,caliente,2
L00155,CHUCK_05,Te comparto los beneficios para tu caso de uso.,consulta_producto,0,frio,0
L00156,CHUCK_03,"Excelente decision, te ayudo a completar tu compra ahora.",compra,1,caliente,2
L00157,CHUCK_03,Te escribo para dar seguimiento a tu interes.,seguimiento,0,tibio,1
L00158,CHUCK_08,"Tengo disponibilidad para demo, te paso horarios.",agendar_demo,1,tibio,1
L00159,CHUCK_07,Vamos a revisar ese inconveniente para resolverlo rapido.,soporte,0,frio,0
L00160,CHUCK_01,"Tengo disponibilidad para demo, te paso horarios.",agendar_demo,0,tibio,1
L00161,CHUCK_05,"Claro, te comparto el precio actualizado del plan.",consulta_precio,1,caliente,2
L00162,CHUCK_09,"En relacion calidad-precio, esta opcion destaca por soporte y resultados.",comparacion,1,tibio,1
L00163,CHUCK_08,Te comparto los beneficios para tu caso de uso.,consulta_producto,0,tibio,1
L00164,CHUCK_07,Puedo guiarte para solucionar el problema ahora mismo.,soporte,0,frio,0
L00165,CHUCK_09,"Perfecto, te comparto el link de pago para cerrar la compra.",compra,0,caliente,2
L00166,CHUCK_01,"Perfecto, te comparto el link de pago para cerrar la compra.",compra,1,caliente,2
L00167,CHUCK_07,"El costo depende del paquete, te paso las opciones de precio.",consulta_precio,1,tibio,1
L00168,CHUCK_05,Este producto incluye soporte y configuracion inicial.,consulta_producto,0,frio,0
L00169,CHUCK_03,Fue un gusto ayudarte. Estoy disponible cuando lo necesites.,despedida,0,frio,0
L00170,CHUCK_09,Te explico las caracteristicas principales del producto.,consulta_producto,0,tibio,1
L00171,CHUCK_08,Te comparto los beneficios para tu caso de uso.,consulta_producto,0,tibio,1
L00172,CHUCK_05,"Si quieres, te envio una tabla comparativa clara.",comparacion,0,caliente,2
L00173,CHUCK_02,Podemos resolver esa objecion con una opcion mas flexible.,objecion,0,frio,0
L00174,CHUCK_09,Te escribo para dar seguimiento a tu interes.,seguimiento,0,tibio,1
L00175,CHUCK_10,"Excelente decision, te ayudo a completar tu compra ahora.",compra,0,caliente,2
L00176,CHUCK_09,"En relacion calidad-precio, esta opcion destaca por soporte y resultados.",comparacion,1,tibio,1
L00177,CHUCK_08,Fue un gusto ayudarte. Estoy disponible cuando lo necesites.,despedida,0,frio,0
L00178,CHUCK_07,"El costo depende del paquete, te paso las opciones de precio.",consulta_precio,1,caliente,2
L00179,CHUCK_06,Te comparto los beneficios para tu caso de uso.,consulta_producto,0,tibio,1
L00180,CHUCK_08,"En relacion calidad-precio, esta opcion destaca por soporte y resultados.",comparacion,1,tibio,1
L00181,CHUCK_09,"Si, te puedo detallar precios y promociones vigentes.",consulta_precio,1,caliente,2
L00182,CHUCK_06,Te explico las caracteristicas principales del producto.,consulta_producto,0,tibio,1
L00183,CHUCK_05,Este producto incluye soporte y configuracion inicial.,consulta_producto,0,tibio,1
L00184,CHUCK_08,"Entiendo tu duda, te aclaro ese punto para que decidas con confianza.",objecion,0,frio,0
L00185,CHUCK_04,"Bienvenido, estoy para ayudarte con toda la informacion.",saludo,0,frio,0
L00186,CHUCK_08,Te comparo este plan frente a otras alternativas del mercado.,comparacion,0,tibio,1
L00187,CHUCK_03,Podemos resolver esa objecion con una opcion mas flexible.,objecion,0,tibio,1
L00188,CHUCK_06,Te comparo este plan frente a otras alternativas del mercado.,comparacion,1,tibio,1
L00189,CHUCK_05,Te escribo para dar seguimiento a tu interes.,seguimiento,0,frio,0
L00190,CHUCK_04,"El costo depende del paquete, te paso las opciones de precio.",consulta_precio,1,tibio,1
L00191,CHUCK_02,Este producto incluye soporte y configuracion inicial.,consulta_producto,0,tibio,1
L00192,CHUCK_05,"Si quieres, te envio una tabla comparativa clara.",comparacion,1,tibio,1
L00193,CHUCK_04,Te comparo este plan frente a otras alternativas del mercado.,comparacion,1,tibio,1
L00194,CHUCK_01,"Si te parece, coordinamos una demostracion personalizada.",agendar_demo,0,tibio,1
L00195,CHUCK_07,"Tenemos stock disponible, puedo procesar tu compra en este momento.",compra,1,caliente,2
L00196,CHUCK_07,"Entiendo tu duda, te aclaro ese punto para que decidas con confianza.",objecion,0,frio,0
L00197,CHUCK_07,"Si te parece, coordinamos una demostracion personalizada.",agendar_demo,0,tibio,1
L00198,CHUCK_03,"Hola, un gusto saludarte. En que te asesoro?",saludo,0,frio,0
L00199,CHUCK_02,"En relacion calidad-precio, esta opcion destaca por soporte y resultados.",comparacion,1,tibio,1
L00200,CHUCK_02,Vamos a revisar ese inconveniente para resolverlo rapido.,soporte,0,frio,0
L00201,CHUCK_10,"Perfecto, hablamos pronto. Que tengas excelente dia.",despedida,0,frio,0
L00202,CHUCK_03,"Tenemos stock disponible, puedo procesar tu compra en este momento.",compra,1,tibio,1
L00203,CHUCK_07,Te ayudo con soporte tecnico paso a paso.,soporte,0,frio,0
L00204,CHUCK_09,"Excelente decision, te ayudo a completar tu compra ahora.",compra,0,tibio,1
L00205,CHUCK_03,"Claro, te comparto el precio actualizado del plan.",consulta_precio,1,caliente,2
L00206,CHUCK_07,"Hola, gracias por contactarnos. Como puedo ayudarte hoy?",saludo,0,frio,0
L00207,CHUCK_10,"Excelente decision, te ayudo a completar tu compra ahora.",compra,0,caliente,2
L00208,CHUCK_01,"Claro, te comparto el precio actualizado del plan.",consulta_precio,1,tibio,1
L00209,CHUCK_08,"Tengo disponibilidad para demo, te paso horarios.",agendar_demo,0,tibio,1
L00210,CHUCK_03,"Si, te puedo detallar precios y promociones vigentes.",consulta_precio,1,caliente,2
L00211,CHUCK_05,"Claro, te comparto el precio actualizado del plan.",consulta_precio,1,caliente,2
L00212,CHUCK_09,Este producto incluye soporte y configuracion inicial.,consulta_producto,0,tibio,1
L00213,CHUCK_06,Este producto incluye soporte y configuracion inicial.,consulta_producto,0,tibio,1
L00214,CHUCK_07,Podemos resolver esa objecion con una opcion mas flexible.,objecion,0,tibio,1
L00215,CHUCK_01,"Es normal tener esa inquietud, revisemos alternativas.",objecion,1,frio,0
L00216,CHUCK_01,"Hola, gracias por contactarnos. Como puedo ayudarte hoy?",saludo,0,frio,0
L00217,CHUCK_06,"Tenemos stock disponible, puedo procesar tu compra en este momento.",compra,1,caliente,2
L00218,CHUCK_07,Te comparo este plan frente a otras alternativas del mercado.,comparacion,0,tibio,1
L00219,CHUCK_04,"Perfecto, hablamos pronto. Que tengas excelente dia.",despedida,0,frio,0
L00220,CHUCK_01,"El costo depende del paquete, te paso las opciones de precio.",consulta_precio,1,tibio,1
L00221,CHUCK_10,Te ayudo con soporte tecnico paso a paso.,soporte,0,frio,0
L00222,CHUCK_04,"Excelente decision, te ayudo a completar tu compra ahora.",compra,0,caliente,2
L00223,CHUCK_09,"Si, te puedo detallar precios y promociones vigentes.",consulta_precio,1,tibio,1
L00224,CHUCK_04,Te escribo para dar seguimiento a tu interes.,seguimiento,0,frio,0
L00225,CHUCK_01,"Tengo disponibilidad para demo, te paso horarios.",agendar_demo,1,tibio,1
L00226,CHUCK_05,Vamos a revisar ese inconveniente para resolverlo rapido.,soporte,0,frio,0
L00227,CHUCK_10,Podemos agendar una demo de 20 minutos esta semana.,agendar_demo,0,tibio,1
L00228,CHUCK_01,Vamos a revisar ese inconveniente para resolverlo rapido.,soporte,0,frio,0
L00229,CHUCK_03,Te comparto los beneficios para tu caso de uso.,consulta_producto,0,frio,0
L00230,CHUCK_07,"Perfecto, te comparto el link de pago para cerrar la compra.",compra,0,tibio,1
L00231,CHUCK_06,Quedo atento para continuar cuando te venga bien.,seguimiento,0,frio,0
L00232,CHUCK_02,"Perfecto, te comparto el link de pago para cerrar la compra.",compra,1,caliente,2
L00233,CHUCK_01,"Si quieres, te envio una tabla comparativa clara.",comparacion,1,caliente,2
L00234,CHUCK_01,"Si, te puedo detallar precios y promociones vigentes.",consulta_precio,1,caliente,2
L00235,CHUCK_08,"Perfecto, te comparto el link de pago para cerrar la compra.",compra,0,caliente,2
L00236,CHUCK_02,"Gracias por tu tiempo, quedo atento a cualquier consulta.",despedida,0,frio,0
L00237,CHUCK_02,Podemos resolver esa objecion con una opcion mas flexible.,objecion,0,tibio,1
L00238,CHUCK_09,Te escribo para dar seguimiento a tu interes.,seguimiento,0,tibio,1
L00239,CHUCK_02,"Es normal tener esa inquietud, revisemos alternativas.",objecion,0,tibio,1
L00240,CHUCK_08,Retomo la conversacion para ayudarte con la decision.,seguimiento,0,frio,0
L00241,CHUCK_05,"Bienvenido, estoy para ayudarte con toda la informacion.",saludo,0,frio,0
L00242,CHUCK_02,Te comparto los beneficios para tu caso de uso.,consulta_producto,0,tibio,1
L00243,CHUCK_01,"El costo depende del paquete, te paso las opciones de precio.",consulta_precio,1,caliente,2
L00244,CHUCK_07,"El costo depende del paquete, te paso las opciones de precio.",consulta_precio,1,tibio,1
L00245,CHUCK_09,"Tengo disponibilidad para demo, te paso horarios.",agendar_demo,0,tibio,1
L00246,CHUCK_08,Te escribo para dar seguimiento a tu interes.,seguimiento,0,frio,0
L00247,CHUCK_03,Te comparo este plan frente a otras alternativas del mercado.,comparacion,0,tibio,1
L00248,CHUCK_06,"Si te parece, coordinamos una demostracion personalizada.",agendar_demo,0,tibio,1
L00249,CHUCK_02,Te comparto los beneficios para tu caso de uso.,consulta_producto,0,tibio,1
L00250,CHUCK_10,Te escribo para dar seguimiento a tu interes.,seguimiento,0,tibio,1
L00251,CHUCK_05,"Excelente decision, te ayudo a completar tu compra ahora.",compra,0,caliente,2
L00252,CHUCK_02,Vamos a revisar ese inconveniente para resolverlo rapido.,soporte,0,frio,0
L00253,CHUCK_05,Podemos resolver esa objecion con una opcion mas flexible.,objecion,0,tibio,1
L00254,CHUCK_01,"Gracias por tu tiempo, quedo atento a cualquier consulta.",despedida,0,frio,0
L00255,CHUCK_09,Este producto incluye soporte y configuracion inicial.,consulta_producto,0,frio,0
L00256,CHUCK_05,Te comparto los beneficios para tu caso de uso.,consulta_producto,0,tibio,1
L00257,CHUCK_07,"Tenemos stock disponible, puedo procesar tu compra en este momento.",compra,1,caliente,2
L00258,CHUCK_03,"Si, te puedo detallar precios y promociones vigentes.",consulta_precio,1,tibio,1
L00259,CHUCK_02,Quedo atento para continuar cuando te venga bien.,seguimiento,0,frio,0
L00260,CHUCK_10,Puedo guiarte para solucionar el problema ahora mismo.,soporte,0,frio,0
L00261,CHUCK_03,"Tenemos stock disponible, puedo procesar tu compra en este momento.",compra,0,caliente,2
L00262,CHUCK_06,Este producto incluye soporte y configuracion inicial.,consulta_producto,0,tibio,1
L00263,CHUCK_07,"Si, te puedo detallar precios y promociones vigentes.",consulta_precio,1,tibio,1
L00264,CHUCK_03,Fue un gusto ayudarte. Estoy disponible cuando lo necesites.,despedida,0,frio,0
L00265,CHUCK_04,"Claro, te comparto el precio actualizado del plan.",consulta_precio,1,tibio,1
L00266,CHUCK_07,"Si quieres, te envio una tabla comparativa clara.",comparacion,0,caliente,2
L00267,CHUCK_04,"Es normal tener esa inquietud, revisemos alternativas.",objecion,1,frio,0
L00268,CHUCK_02,"Tenemos stock disponible, puedo procesar tu compra en este momento.",compra,0,caliente,2
L00269,CHUCK_02,"Tengo disponibilidad para demo, te paso horarios.",agendar_demo,1,caliente,2
L00270,CHUCK_03,Este producto incluye soporte y configuracion inicial.,consulta_producto,0,tibio,1
L00271,CHUCK_09,"El costo depende del paquete, te paso las opciones de precio.",consulta_precio,1,caliente,2
L00272,CHUCK_05,Te escribo para dar seguimiento a tu interes.,seguimiento,1,tibio,1
L00273,CHUCK_02,Puedo guiarte para solucionar el problema ahora mismo.,soporte,0,frio,0
L00274,CHUCK_05,"Hola, un gusto saludarte. En que te asesoro?",saludo,1,frio,0
L00275,CHUCK_10,Te escribo para dar seguimiento a tu interes.,seguimiento,1,tibio,1
L00276,CHUCK_04,"Tenemos stock disponible, puedo procesar tu compra en este momento.",compra,0,caliente,2
L00277,CHUCK_06,"Hola, gracias por contactarnos. Como puedo ayudarte hoy?",saludo,1,frio,0
L00278,CHUCK_02,"Si te parece, coordinamos una demostracion personalizada.",agendar_demo,0,tibio,1
L00279,CHUCK_02,"Gracias por tu tiempo, quedo atento a cualquier consulta.",despedida,0,frio,0
L00280,CHUCK_02,Podemos agendar una demo de 20 minutos esta semana.,agendar_demo,0,tibio,1
L00281,CHUCK_04,"Tenemos stock disponible, puedo procesar tu compra en este momento.",compra,0,caliente,2
L00282,CHUCK_04,Retomo la conversacion para ayudarte con la decision.,seguimiento,0,tibio,1
L00283,CHUCK_06,"Es normal tener esa inquietud, revisemos alternativas.",objecion,0,tibio,1
L00284,CHUCK_04,"El costo depende del paquete, te paso las opciones de precio.",consulta_precio,1,caliente,2
L00285,CHUCK_02,"Perfecto, te comparto el link de pago para cerrar la compra.",compra,1,caliente,2
L00286,CHUCK_10,"Entiendo tu duda, te aclaro ese punto para que decidas con confianza.",objecion,0,tibio,1
L00287,CHUCK_05,"Es normal tener esa inquietud, revisemos alternativas.",objecion,0,tibio,1
L00288,CHUCK_06,"Si te parece, coordinamos una demostracion personalizada.",agendar_demo,0,caliente,2
L00289,CHUCK_06,Te explico las caracteristicas principales del producto.,consulta_producto,0,tibio,1
L00290,CHUCK_07,Te escribo para dar seguimiento a tu interes.,seguimiento,0,tibio,1
L00291,CHUCK_10,Te escribo para dar seguimiento a tu interes.,seguimiento,0,tibio,1
L00292,CHUCK_02,"Tengo disponibilidad para demo, te paso horarios.",agendar_demo,1,tibio,1
L00293,CHUCK_01,"Tengo disponibilidad para demo, te paso horarios.",agendar_demo,0,tibio,1
L00294,CHUCK_01,Te comparto los beneficios para tu caso de uso.,consulta_producto,0,frio,0
L00295,CHUCK_09,Te comparto los beneficios para tu caso de uso.,consulta_producto,1,frio,0
L00296,CHUCK_08,"Hola, un gusto saludarte. En que te asesoro?",saludo,1,frio,0
L00297,CHUCK_10,Te comparto los beneficios para tu caso de uso.,consulta_producto,0,frio,0
L00298,CHUCK_01,"El costo depende del paquete, te paso las opciones de precio.",consulta_precio,1,caliente,2
L00299,CHUCK_06,Te comparto los beneficios para tu caso de uso.,consulta_producto,0,frio,0
L00300,CHUCK_02,Este producto incluye soporte y configuracion inicial.,consulta_producto,0,tibio,1
L00301,CHUCK_01,Este producto incluye soporte y configuracion inicial.,consulta_producto,0,tibio,1
L00302,CHUCK_08,"Perfecto, te comparto el link de pago para cerrar la compra.",compra,0,caliente,2
L00303,CHUCK_01,"Hola, gracias por contactarnos. Como puedo ayudarte hoy?",saludo,0,frio,0
L00304,CHUCK_02,Te explico las caracteristicas principales del producto.,consulta_producto,0,tibio,1
L00305,CHUCK_08,"Entiendo tu duda, te aclaro ese punto para que decidas con confianza.",objecion,1,frio,0
L00306,CHUCK_07,"Excelente decision, te ayudo a completar tu compra ahora.",compra,0,caliente,2
L00307,CHUCK_06,"Entiendo tu duda, te aclaro ese punto para que decidas con confianza.",objecion,0,frio,0
L00308,CHUCK_06,"Si te parece, coordinamos una demostracion personalizada.",agendar_demo,0,caliente,2
L00309,CHUCK_01,Te comparto los beneficios para tu caso de uso.,consulta_producto,0,frio,0
L00310,CHUCK_03,"Claro, te comparto el precio actualizado del plan.",consulta_precio,1,tibio,1
L00311,CHUCK_08,Fue un gusto ayudarte. Estoy disponible cuando lo necesites.,despedida,0,frio,0
L00312,CHUCK_04,"Si, te puedo detallar precios y promociones vigentes.",consulta_precio,1,tibio,1
L00313,CHUCK_04,"Claro, te comparto el precio actualizado del plan.",consulta_precio,1,tibio,1
L00314,CHUCK_09,Te comparto los beneficios para tu caso de uso.,consulta_producto,0,tibio,1
L00315,CHUCK_01,"Tenemos stock disponible, puedo procesar tu compra en este momento.",compra,0,tibio,1
L00316,CHUCK_10,"Si quieres, te envio una tabla comparativa clara.",comparacion,1,tibio,1
L00317,CHUCK_02,Quedo atento para continuar cuando te venga bien.,seguimiento,0,tibio,1
L00318,CHUCK_08,Vamos a revisar ese inconveniente para resolverlo rapido.,soporte,0,frio,0
L00319,CHUCK_01,"El costo depende del paquete, te paso las opciones de precio.",consulta_precio,1,tibio,1
L00320,CHUCK_02,"Si, te puedo detallar precios y promociones vigentes.",consulta_precio,1,caliente,2
L00321,CHUCK_10,Quedo atento para continuar cuando te venga bien.,seguimiento,0,tibio,1
L00322,CHUCK_02,Fue un gusto ayudarte. Estoy disponible cuando lo necesites.,despedida,0,frio,0
L00323,CHUCK_04,"Excelente decision, te ayudo a completar tu compra ahora.",compra,1,caliente,2
L00324,CHUCK_07,"Perfecto, te comparto el link de pago para cerrar la compra.",compra,0,tibio,1
L00325,CHUCK_10,"Perfecto, te comparto el link de pago para cerrar la compra.",compra,0,tibio,1
L00326,CHUCK_03,"Hola, gracias por contactarnos. Como puedo ayudarte hoy?",saludo,0,frio,0
L00327,CHUCK_07,Este producto incluye soporte y configuracion inicial.,consulta_producto,0,tibio,1
L00328,CHUCK_02,"Hola, gracias por contactarnos. Como puedo ayudarte hoy?",saludo,1,frio,0
L00329,CHUCK_04,"Gracias por tu tiempo, quedo atento a cualquier consulta.",despedida,0,frio,0
L00330,CHUCK_07,"Hola, un gusto saludarte. En que te asesoro?",saludo,0,frio,0
L00331,CHUCK_05,Te comparto los beneficios para tu caso de uso.,consulta_producto,1,tibio,1
L00332,CHUCK_07,Te comparto los beneficios para tu caso de uso.,consulta_producto,0,tibio,1
L00333,CHUCK_03,"El costo depende del paquete, te paso las opciones de precio.",consulta_precio,1,tibio,1
L00334,CHUCK_06,Podemos agendar una demo de 20 minutos esta semana.,agendar_demo,1,tibio,1
L00335,CHUCK_05,Podemos agendar una demo de 20 minutos esta semana.,agendar_demo,0,tibio,1
L00336,CHUCK_01,"Perfecto, te comparto el link de pago para cerrar la compra.",compra,0,caliente,2
L00337,CHUCK_03,"Gracias por tu tiempo, quedo atento a cualquier consulta.",despedida,0,frio,0
L00338,CHUCK_02,Te escribo para dar seguimiento a tu interes.,seguimiento,0,frio,0
L00339,CHUCK_04,Retomo la conversacion para ayudarte con la decision.,seguimiento,0,tibio,1
L00340,CHUCK_02,Este producto incluye soporte y configuracion inicial.,consulta_producto,0,frio,0
L00341,CHUCK_04,"Es normal tener esa inquietud, revisemos alternativas.",objecion,0,tibio,1
L00342,CHUCK_03,"Tengo disponibilidad para demo, te paso horarios.",agendar_demo,0,tibio,1
L00343,CHUCK_04,Te escribo para dar seguimiento a tu interes.,seguimiento,1,tibio,1
L00344,CHUCK_04,Quedo atento para continuar cuando te venga bien.,seguimiento,0,tibio,1
L00345,CHUCK_05,"Tenemos stock disponible, puedo procesar tu compra en este momento.",compra,1,caliente,2
L00346,CHUCK_06,Te comparo este plan frente a otras alternativas del mercado.,comparacion,1,tibio,1
L00347,CHUCK_05,"Hola, un gusto saludarte. En que te asesoro?",saludo,1,frio,0
L00348,CHUCK_06,"Gracias por tu tiempo, quedo atento a cualquier consulta.",despedida,0,frio,0
L00349,CHUCK_01,"En relacion calidad-precio, esta opcion destaca por soporte y resultados.",comparacion,1,tibio,1
L00350,CHUCK_08,Retomo la conversacion para ayudarte con la decision.,seguimiento,0,tibio,1
L00351,CHUCK_05,Te escribo para dar seguimiento a tu interes.,seguimiento,0,tibio,1
L00352,CHUCK_03,Te comparo este plan frente a otras alternativas del mercado.,comparacion,1,tibio,1
L00353,CHUCK_03,"Si te parece, coordinamos una demostracion personalizada.",agendar_demo,0,caliente,2
L00354,CHUCK_05,"Es normal tener esa inquietud, revisemos alternativas.",objecion,0,frio,0
L00355,CHUCK_08,Retomo la conversacion para ayudarte con la decision.,seguimiento,0,frio,0
L00356,CHUCK_10,"Si quieres, te envio una tabla comparativa clara.",comparacion,1,caliente,2
L00357,CHUCK_10,Este producto incluye soporte y configuracion inicial.,consulta_producto,0,tibio,1
L00358,CHUCK_05,"Entiendo tu duda, te aclaro ese punto para que decidas con confianza.",objecion,0,tibio,1
L00359,CHUCK_06,"Excelente decision, te ayudo a completar tu compra ahora.",compra,0,caliente,2
L00360,CHUCK_08,Te explico las caracteristicas principales del producto.,consulta_producto,0,frio,0
L00361,CHUCK_09,"Perfecto, te comparto el link de pago para cerrar la compra.",compra,1,caliente,2
L00362,CHUCK_01,"Excelente decision, te ayudo a completar tu compra ahora.",compra,1,tibio,1
L00363,CHUCK_04,"Gracias por tu tiempo, quedo atento a cualquier consulta.",despedida,0,frio,0
L00364,CHUCK_05,Te explico las caracteristicas principales del producto.,consulta_producto,0,tibio,1
L00365,CHUCK_04,"El costo depende del paquete, te paso las opciones de precio.",consulta_precio,1,caliente,2
L00366,CHUCK_08,Quedo atento para continuar cuando te venga bien.,seguimiento,0,frio,0
L00367,CHUCK_09,"Claro, te comparto el precio actualizado del plan.",consulta_precio,1,tibio,1
L00368,CHUCK_04,Podemos agendar una demo de 20 minutos esta semana.,agendar_demo,0,tibio,1
L00369,CHUCK_01,Te comparo este plan frente a otras alternativas del mercado.,comparacion,0,tibio,1
L00370,CHUCK_03,Te explico las caracteristicas principales del producto.,consulta_producto,0,frio,0
L00371,CHUCK_07,"El costo depende del paquete, te paso las opciones de precio.",consulta_precio,1,tibio,1
L00372,CHUCK_09,Este producto incluye soporte y configuracion inicial.,consulta_producto,1,tibio,1
L00373,CHUCK_08,"Tenemos stock disponible, puedo procesar tu compra en este momento.",compra,0,tibio,1
L00374,CHUCK_05,Puedo guiarte para solucionar el problema ahora mismo.,soporte,0,frio,0
L00375,CHUCK_02,Podemos resolver esa objecion con una opcion mas flexible.,objecion,0,frio,0
L00376,CHUCK_08,"Si te parece, coordinamos una demostracion personalizada.",agendar_demo,0,caliente,2
L00377,CHUCK_10,"Bienvenido, estoy para ayudarte con toda la informacion.",saludo,0,frio,0
L00378,CHUCK_02,Te explico las caracteristicas principales del producto.,consulta_producto,0,tibio,1
L00379,CHUCK_08,"Es normal tener esa inquietud, revisemos alternativas.",objecion,0,tibio,1
L00380,CHUCK_02,Te explico las caracteristicas principales del producto.,consulta_producto,0,frio,0
L00381,CHUCK_05,Podemos agendar una demo de 20 minutos esta semana.,agendar_demo,0,tibio,1
L00382,CHUCK_10,Te comparto los beneficios para tu caso de uso.,consulta_producto,0,frio,0
L00383,CHUCK_05,Podemos resolver esa objecion con una opcion mas flexible.,objecion,0,tibio,1
L00384,CHUCK_01,Este producto incluye soporte y configuracion inicial.,consulta_producto,0,tibio,1
L00385,CHUCK_04,"Es normal tener esa inquietud, revisemos alternativas.",objecion,0,tibio,1
L00386,CHUCK_04,"Si te parece, coordinamos una demostracion personalizada.",agendar_demo,0,tibio,1
L00387,CHUCK_06,"Perfecto, te comparto el link de pago para cerrar la compra.",compra,0,caliente,2
L00388,CHUCK_01,"Hola, un gusto saludarte. En que te asesoro?",saludo,0,frio,0
L00389,CHUCK_09,Podemos agendar una demo de 20 minutos esta semana.,agendar_demo,0,tibio,1
L00390,CHUCK_02,Vamos a revisar ese inconveniente para resolverlo rapido.,soporte,0,frio,0
L00391,CHUCK_09,Te comparto los beneficios para tu caso de uso.,consulta_producto,1,tibio,1
L00392,CHUCK_06,"Entiendo tu duda, te aclaro ese punto para que decidas con confianza.",objecion,1,tibio,1
L00393,CHUCK_05,"Perfecto, hablamos pronto. Que tengas excelente dia.",despedida,1,frio,0
L00394,CHUCK_04,Te comparto los beneficios para tu caso de uso.,consulta_producto,0,tibio,1
L00395,CHUCK_03,Quedo atento para continuar cuando te venga bien.,seguimiento,0,tibio,1
L00396,CHUCK_09,Retomo la conversacion para ayudarte con la decision.,seguimiento,0,frio,0
L00397,CHUCK_01,Te comparto los beneficios para tu caso de uso.,consulta_producto,0,tibio,1
L00398,CHUCK_04,Podemos agendar una demo de 20 minutos esta semana.,agendar_demo,0,caliente,2
L00399,CHUCK_10,"Si, te puedo detallar precios y promociones vigentes.",consulta_precio,1,tibio,1
L00400,CHUCK_07,Te escribo para dar seguimiento a tu interes.,seguimiento,0,frio,0
L00401,CHUCK_05,Este producto incluye soporte y configuracion inicial.,consulta_producto,0,tibio,1
L00402,CHUCK_08,"Perfecto, hablamos pronto. Que tengas excelente dia.",despedida,0,frio,0
L00403,CHUCK_09,"Es normal tener esa inquietud, revisemos alternativas.",objecion,0,frio,0
L00404,CHUCK_07,"Tenemos stock disponible, puedo procesar tu compra en este momento.",compra,0,caliente,2
L00405,CHUCK_05,"El costo depende del paquete, te paso las opciones de precio.",consulta_precio,1,tibio,1
L00406,CHUCK_05,Podemos resolver esa objecion con una opcion mas flexible.,objecion,0,tibio,1
L00407,CHUCK_08,"El costo depende del paquete, te paso las opciones de precio.",consulta_precio,1,caliente,2
L00408,CHUCK_07,"Entiendo tu duda, te aclaro ese punto para que decidas con confianza.",objecion,0,tibio,1
L00409,CHUCK_05,Te comparo este plan frente a otras alternativas del mercado.,comparacion,0,tibio,1
L00410,CHUCK_07,"Tenemos stock disponible, puedo procesar tu compra en este momento.",compra,0,caliente,2
L00411,CHUCK_10,"Perfecto, hablamos pronto. Que tengas excelente dia.",despedida,0,frio,0
L00412,CHUCK_08,Retomo la conversacion para ayudarte con la decision.,seguimiento,1,frio,0
L00413,CHUCK_04,Te escribo para dar seguimiento a tu interes.,seguimiento,0,tibio,1
L00414,CHUCK_06,"Claro, te comparto el precio actualizado del plan.",consulta_precio,1,caliente,2
L00415,CHUCK_03,"Excelente decision, te ayudo a completar tu compra ahora.",compra,1,caliente,2
L00416,CHUCK_10,"El costo depende del paquete, te paso las opciones de precio.",consulta_precio,1,caliente,2
L00417,CHUCK_06,Fue un gusto ayudarte. Estoy disponible cuando lo necesites.,despedida,0,frio,0
L00418,CHUCK_07,"Excelente decision, te ayudo a completar tu compra ahora.",compra,1,caliente,2
L00419,CHUCK_10,Te escribo para dar seguimiento a tu interes.,seguimiento,0,tibio,1
L00420,CHUCK_05,"Si, te puedo detallar precios y promociones vigentes.",consulta_precio,1,tibio,1
L00421,CHUCK_09,Puedo guiarte para solucionar el problema ahora mismo.,soporte,0,frio,0
L00422,CHUCK_04,"El costo depende del paquete, te paso las opciones de precio.",consulta_precio,1,tibio,1
L00423,CHUCK_01,"El costo depende del paquete, te paso las opciones de precio.",consulta_precio,1,tibio,1
L00424,CHUCK_07,"Entiendo tu duda, te aclaro ese punto para que decidas con confianza.",objecion,0,tibio,1
L00425,CHUCK_09,"Claro, te comparto el precio actualizado del plan.",consulta_precio,1,tibio,1
L00426,CHUCK_05,Te comparto los beneficios para tu caso de uso.,consulta_producto,1,frio,0
L00427,CHUCK_03,Fue un gusto ayudarte. Estoy disponible cuando lo necesites.,despedida,0,frio,0
L00428,CHUCK_07,"Tenemos stock disponible, puedo procesar tu compra en este momento.",compra,1,caliente,2
L00429,CHUCK_03,Puedo guiarte para solucionar el problema ahora mismo.,soporte,0,frio,0
L00430,CHUCK_07,"Perfecto, te comparto el link de pago para cerrar la compra.",compra,0,caliente,2
L00431,CHUCK_07,"Bienvenido, estoy para ayudarte con toda la informacion.",saludo,0,frio,0
L00432,CHUCK_03,"Tengo disponibilidad para demo, te paso horarios.",agendar_demo,0,caliente,2
L00433,CHUCK_07,Retomo la conversacion para ayudarte con la decision.,seguimiento,0,frio,0
L00434,CHUCK_10,"Es normal tener esa inquietud, revisemos alternativas.",objecion,0,tibio,1
L00435,CHUCK_06,Podemos resolver esa objecion con una opcion mas flexible.,objecion,0,tibio,1
L00436,CHUCK_06,Te explico las caracteristicas principales del producto.,consulta_producto,0,tibio,1
L00437,CHUCK_04,"Excelente decision, te ayudo a completar tu compra ahora.",compra,0,caliente,2
L00438,CHUCK_01,"Claro, te comparto el precio actualizado del plan.",consulta_precio,1,caliente,2
L00439,CHUCK_06,"Excelente decision, te ayudo a completar tu compra ahora.",compra,1,caliente,2
L00440,CHUCK_08,"Si te parece, coordinamos una demostracion personalizada.",agendar_demo,0,tibio,1
L00441,CHUCK_07,Te explico las caracteristicas principales del producto.,consulta_producto,0,frio,0
L00442,CHUCK_06,Retomo la conversacion para ayudarte con la decision.,seguimiento,0,frio,0
L00443,CHUCK_06,"Perfecto, te comparto el link de pago para cerrar la compra.",compra,1,caliente,2
L00444,CHUCK_01,Te explico las caracteristicas principales del producto.,consulta_producto,0,frio,0
L00445,CHUCK_05,"Bienvenido, estoy para ayudarte con toda la informacion.",saludo,1,frio,0
L00446,CHUCK_07,"Si quieres, te envio una tabla comparativa clara.",comparacion,1,tibio,1
L00447,CHUCK_10,"Tengo disponibilidad para demo, te paso horarios.",agendar_demo,0,tibio,1
L00448,CHUCK_03,"Excelente decision, te ayudo a completar tu compra ahora.",compra,1,caliente,2
L00449,CHUCK_06,Te ayudo con soporte tecnico paso a paso.,soporte,0,frio,0
L00450,CHUCK_10,"Perfecto, te comparto el link de pago para cerrar la compra.",compra,0,caliente,2
L00451,CHUCK_02,"Claro, te comparto el precio actualizado del plan.",consulta_precio,1,caliente,2
L00452,CHUCK_10,Quedo atento para continuar cuando te venga bien.,seguimiento,0,frio,0
L00453,CHUCK_01,Este producto incluye soporte y configuracion inicial.,consulta_producto,0,frio,0
L00454,CHUCK_03,Retomo la conversacion para ayudarte con la decision.,seguimiento,0,frio,0
L00455,CHUCK_05,"Perfecto, te comparto el link de pago para cerrar la compra.",compra,1,tibio,1
L00456,CHUCK_01,"Tenemos stock disponible, puedo procesar tu compra en este momento.",compra,1,tibio,1
L00457,CHUCK_10,"Bienvenido, estoy para ayudarte con toda la informacion.",saludo,0,frio,0
L00458,CHUCK_07,Podemos resolver esa objecion con una opcion mas flexible.,objecion,0,tibio,1
L00459,CHUCK_05,"Hola, un gusto saludarte. En que te asesoro?",saludo,0,frio,0
L00460,CHUCK_07,"Si te parece, coordinamos una demostracion personalizada.",agendar_demo,0,tibio,1
L00461,CHUCK_02,Quedo atento para continuar cuando te venga bien.,seguimiento,0,tibio,1
L00462,CHUCK_06,"En relacion calidad-precio, esta opcion destaca por soporte y resultados.",comparacion,1,caliente,2
L00463,CHUCK_02,Te comparo este plan frente a otras alternativas del mercado.,comparacion,1,caliente,2
L00464,CHUCK_04,"Si te parece, coordinamos una demostracion personalizada.",agendar_demo,0,tibio,1
L00465,CHUCK_01,"Hola, un gusto saludarte. En que te asesoro?",saludo,0,frio,0
L00466,CHUCK_10,"Gracias por tu tiempo, quedo atento a cualquier consulta.",despedida,0,frio,0
L00467,CHUCK_08,"Bienvenido, estoy para ayudarte con toda la informacion.",saludo,0,frio,0
L00468,CHUCK_09,Te comparto los beneficios para tu caso de uso.,consulta_producto,0,frio,0
L00469,CHUCK_05,"Tenemos stock disponible, puedo procesar tu compra en este momento.",compra,1,tibio,1
L00470,CHUCK_03,"En relacion calidad-precio, esta opcion destaca por soporte y resultados.",comparacion,0,tibio,1
L00471,CHUCK_10,"En relacion calidad-precio, esta opcion destaca por soporte y resultados.",comparacion,1,tibio,1
L00472,CHUCK_03,Te escribo para dar seguimiento a tu interes.,seguimiento,0,tibio,1
L00473,CHUCK_02,"Si quieres, te envio una tabla comparativa clara.",comparacion,0,tibio,1
L00474,CHUCK_06,"Si te parece, coordinamos una demostracion personalizada.",agendar_demo,0,caliente,2
L00475,CHUCK_09,Te escribo para dar seguimiento a tu interes.,seguimiento,0,tibio,1
L00476,CHUCK_08,"Tenemos stock disponible, puedo procesar tu compra en este momento.",compra,1,caliente,2
L00477,CHUCK_04,Te comparo este plan frente a otras alternativas del mercado.,comparacion,1,tibio,1
L00478,CHUCK_01,"Perfecto, te comparto el link de pago para cerrar la compra.",compra,1,caliente,2
L00479,CHUCK_05,Podemos agendar una demo de 20 minutos esta semana.,agendar_demo,0,caliente,2
L00480,CHUCK_06,"Entiendo tu duda, te aclaro ese punto para que decidas con confianza.",objecion,0,tibio,1
L00481,CHUCK_01,"El costo depende del paquete, te paso las opciones de precio.",consulta_precio,1,tibio,1
L00482,CHUCK_10,"Bienvenido, estoy para ayudarte con toda la informacion.",saludo,0,frio,0
L00483,CHUCK_02,"Bienvenido, estoy para ayudarte con toda la informacion.",saludo,1,frio,0
L00484,CHUCK_08,Te comparto los beneficios para tu caso de uso.,consulta_producto,0,tibio,1
L00485,CHUCK_02,"Claro, te comparto el precio actualizado del plan.",consulta_precio,1,tibio,1
L00486,CHUCK_09,"Si, te puedo detallar precios y promociones vigentes.",consulta_precio,1,tibio,1
L00487,CHUCK_03,"Excelente decision, te ayudo a completar tu compra ahora.",compra,1,caliente,2
L00488,CHUCK_09,"Tengo disponibilidad para demo, te paso horarios.",agendar_demo,0,caliente,2
L00489,CHUCK_02,Este producto incluye soporte y configuracion inicial.,consulta_producto,0,frio,0
L00490,CHUCK_07,Te explico las caracteristicas principales del producto.,consulta_producto,0,frio,0
L00491,CHUCK_06,"Claro, te comparto el precio actualizado del plan.",consulta_precio,1,tibio,1
L00492,CHUCK_08,Vamos a revisar ese inconveniente para resolverlo rapido.,soporte,1,frio,0
L00493,CHUCK_04,"Tengo disponibilidad para demo, te paso horarios.",agendar_demo,0,caliente,2
L00494,CHUCK_04,"Hola, gracias por contactarnos. Como puedo ayudarte hoy?",saludo,1,frio,0
L00495,CHUCK_04,Este producto incluye soporte y configuracion inicial.,consulta_producto,0,frio,0
L00496,CHUCK_05,Te explico las caracteristicas principales del producto.,consulta_producto,0,frio,0
L00497,CHUCK_04,"Perfecto, te comparto el link de pago para cerrar la compra.",compra,1,tibio,1
L00498,CHUCK_02,"Si, te puedo detallar precios y promociones vigentes.",consulta_precio,1,caliente,2
L00499,CHUCK_10,"El costo depende del paquete, te paso las opciones de precio.",consulta_precio,1,tibio,1
L00500,CHUCK_07,"Tenemos stock disponible, puedo procesar tu compra en este momento.",compra,1,caliente,2
L00501,CHUCK_01,"Perfecto, te comparto el link de pago para cerrar la compra.",compra,1,caliente,2
L00502,CHUCK_07,Te explico las caracteristicas principales del producto.,consulta_producto,1,tibio,1
L00503,CHUCK_04,Retomo la conversacion para ayudarte con la decision.,seguimiento,0,tibio,1
L00504,CHUCK_01,"Claro, te comparto el precio actualizado del plan.",consulta_precio,1,tibio,1
L00505,CHUCK_03,Podemos agendar una demo de 20 minutos esta semana.,agendar_demo,0,tibio,1
L00506,CHUCK_07,"Perfecto, hablamos pronto. Que tengas excelente dia.",despedida,1,frio,0
L00507,CHUCK_02,"Claro, te comparto el precio actualizado del plan.",consulta_precio,1,caliente,2
L00508,CHUCK_04,Fue un gusto ayudarte. Estoy disponible cuando lo necesites.,despedida,0,frio,0
L00509,CHUCK_04,"Excelente decision, te ayudo a completar tu compra ahora.",compra,0,caliente,2
L00510,CHUCK_03,Retomo la conversacion para ayudarte con la decision.,seguimiento,0,frio,0
L00511,CHUCK_10,"Gracias por tu tiempo, quedo atento a cualquier consulta.",despedida,0,frio,0
L00512,CHUCK_09,"Hola, un gusto saludarte. En que te asesoro?",saludo,0,frio,0
L00513,CHUCK_10,"Es normal tener esa inquietud, revisemos alternativas.",objecion,0,tibio,1
L00514,CHUCK_02,"Claro, te comparto el precio actualizado del plan.",consulta_precio,1,tibio,1
L00515,CHUCK_08,"Si te parece, coordinamos una demostracion personalizada.",agendar_demo,0,tibio,1
L00516,CHUCK_02,Te explico las caracteristicas principales del producto.,consulta_producto,0,tibio,1
L00517,CHUCK_03,Te comparo este plan frente a otras alternativas del mercado.,comparacion,0,tibio,1
L00518,CHUCK_04,Podemos resolver esa objecion con una opcion mas flexible.,objecion,0,tibio,1
L00519,CHUCK_02,Podemos resolver esa objecion con una opcion mas flexible.,objecion,0,frio,0
L00520,CHUCK_01,"Claro, te comparto el precio actualizado del plan.",consulta_precio,1,tibio,1
L00521,CHUCK_01,"Tenemos stock disponible, puedo procesar tu compra en este momento.",compra,0,caliente,2
L00522,CHUCK_01,"Tengo disponibilidad para demo, te paso horarios.",agendar_demo,0,caliente,2
L00523,CHUCK_07,"Es normal tener esa inquietud, revisemos alternativas.",objecion,0,frio,0
L00524,CHUCK_01,"Tengo disponibilidad para demo, te paso horarios.",agendar_demo,0,tibio,1
L00525,CHUCK_04,"El costo depende del paquete, te paso las opciones de precio.",consulta_precio,1,caliente,2
L00526,CHUCK_06,Te ayudo con soporte tecnico paso a paso.,soporte,0,frio,0
L00527,CHUCK_03,Este producto incluye soporte y configuracion inicial.,consulta_producto,0,frio,0
L00528,CHUCK_06,Quedo atento para continuar cuando te venga bien.,seguimiento,0,tibio,1
L00529,CHUCK_02,Te comparto los beneficios para tu caso de uso.,consulta_producto,0,tibio,1
L00530,CHUCK_08,"Excelente decision, te ayudo a completar tu compra ahora.",compra,1,caliente,2
L00531,CHUCK_06,Podemos resolver esa objecion con una opcion mas flexible.,objecion,0,tibio,1
L00532,CHUCK_02,"Tenemos stock disponible, puedo procesar tu compra en este momento.",compra,1,tibio,1
L00533,CHUCK_10,Te comparto los beneficios para tu caso de uso.,consulta_producto,0,tibio,1
L00534,CHUCK_01,Te explico las caracteristicas principales del producto.,consulta_producto,0,frio,0
L00535,CHUCK_03,Podemos agendar una demo de 20 minutos esta semana.,agendar_demo,0,caliente,2
L00536,CHUCK_02,"Hola, gracias por contactarnos. Como puedo ayudarte hoy?",saludo,0,frio,0
L00537,CHUCK_08,Quedo atento para continuar cuando te venga bien.,seguimiento,0,tibio,1
L00538,CHUCK_10,Retomo la conversacion para ayudarte con la decision.,seguimiento,0,frio,0
L00539,CHUCK_10,"Si quieres, te envio una tabla comparativa clara.",comparacion,1,caliente,2
L00540,CHUCK_05,Te comparto los beneficios para tu caso de uso.,consulta_producto,1,tibio,1
L00541,CHUCK_06,Te comparto los beneficios para tu caso de uso.,consulta_producto,0,frio,0
L00542,CHUCK_09,"En relacion calidad-precio, esta opcion destaca por soporte y resultados.",comparacion,1,tibio,1
L00543,CHUCK_10,Quedo atento para continuar cuando te venga bien.,seguimiento,0,frio,0
L00544,CHUCK_04,"Bienvenido, estoy para ayudarte con toda la informacion.",saludo,0,frio,0
L00545,CHUCK_05,"El costo depende del paquete, te paso las opciones de precio.",consulta_precio,1,tibio,1
L00546,CHUCK_09,"En relacion calidad-precio, esta opcion destaca por soporte y resultados.",comparacion,0,tibio,1
L00547,CHUCK_09,"Perfecto, te comparto el link de pago para cerrar la compra.",compra,0,caliente,2
L00548,CHUCK_09,"Si, te puedo detallar precios y promociones vigentes.",consulta_precio,1,caliente,2
L00549,CHUCK_06,"Excelente decision, te ayudo a completar tu compra ahora.",compra,1,caliente,2
L00550,CHUCK_02,"El costo depende del paquete, te paso las opciones de precio.",consulta_precio,1,tibio,1
L00551,CHUCK_07,"Es normal tener esa inquietud, revisemos alternativas.",objecion,0,tibio,1
L00552,CHUCK_03,Fue un gusto ayudarte. Estoy disponible cuando lo necesites.,despedida,0,frio,0
L00553,CHUCK_09,"Si quieres, te envio una tabla comparativa clara.",comparacion,1,tibio,1
L00554,CHUCK_08,"En relacion calidad-precio, esta opcion destaca por soporte y resultados.",comparacion,1,tibio,1
L00555,CHUCK_06,"Tenemos stock disponible, puedo procesar tu compra en este momento.",compra,0,caliente,2
L00556,CHUCK_06,"Bienvenido, estoy para ayudarte con toda la informacion.",saludo,0,frio,0
L00557,CHUCK_01,"Entiendo tu duda, te aclaro ese punto para que decidas con confianza.",objecion,0,frio,0
L00558,CHUCK_08,"Si te parece, coordinamos una demostracion personalizada.",agendar_demo,0,tibio,1
L00559,CHUCK_04,"Excelente decision, te ayudo a completar tu compra ahora.",compra,1,caliente,2
L00560,CHUCK_02,"Perfecto, te comparto el link de pago para cerrar la compra.",compra,1,tibio,1
L00561,CHUCK_02,"Claro, te comparto el precio actualizado del plan.",consulta_precio,1,tibio,1
L00562,CHUCK_10,"Excelente decision, te ayudo a completar tu compra ahora.",compra,0,caliente,2
L00563,CHUCK_08,Vamos a revisar ese inconveniente para resolverlo rapido.,soporte,0,frio,0
L00564,CHUCK_05,"El costo depende del paquete, te paso las opciones de precio.",consulta_precio,1,tibio,1
L00565,CHUCK_07,"Perfecto, te comparto el link de pago para cerrar la compra.",compra,1,caliente,2
L00566,CHUCK_01,"Claro, te comparto el precio actualizado del plan.",consulta_precio,1,tibio,1
L00567,CHUCK_08,"Claro, te comparto el precio actualizado del plan.",consulta_precio,1,tibio,1
L00568,CHUCK_08,Te escribo para dar seguimiento a tu interes.,seguimiento,0,frio,0
L00569,CHUCK_08,"El costo depende del paquete, te paso las opciones de precio.",consulta_precio,1,tibio,1
L00570,CHUCK_10,Quedo atento para continuar cuando te venga bien.,seguimiento,0,tibio,1
L00571,CHUCK_02,"El costo depende del paquete, te paso las opciones de precio.",consulta_precio,1,caliente,2
L00572,CHUCK_06,"Gracias por tu tiempo, quedo atento a cualquier consulta.",despedida,0,frio,0
L00573,CHUCK_04,"Excelente decision, te ayudo a completar tu compra ahora.",compra,1,caliente,2
L00574,CHUCK_03,"Excelente decision, te ayudo a completar tu compra ahora.",compra,0,tibio,1
L00575,CHUCK_04,"Si, te puedo detallar precios y promociones vigentes.",consulta_precio,1,tibio,1
L00576,CHUCK_08,"Si quieres, te envio una tabla comparativa clara.",comparacion,1,tibio,1
L00577,CHUCK_07,"Claro, te comparto el precio actualizado del plan.",consulta_precio,1,tibio,1
L00578,CHUCK_06,"El costo depende del paquete, te paso las opciones de precio.",consulta_precio,1,caliente,2
L00579,CHUCK_04,Podemos resolver esa objecion con una opcion mas flexible.,objecion,0,tibio,1
L00580,CHUCK_07,"Perfecto, te comparto el link de pago para cerrar la compra.",compra,1,caliente,2
L00581,CHUCK_08,Te escribo para dar seguimiento a tu interes.,seguimiento,0,tibio,1
L00582,CHUCK_01,"Entiendo tu duda, te aclaro ese punto para que decidas con confianza.",objecion,0,frio,0
L00583,CHUCK_05,Quedo atento para continuar cuando te venga bien.,seguimiento,0,tibio,1
L00584,CHUCK_04,"Es normal tener esa inquietud, revisemos alternativas.",objecion,0,frio,0
L00585,CHUCK_02,Te comparto los beneficios para tu caso de uso.,consulta_producto,0,tibio,1
L00586,CHUCK_01,"Hola, un gusto saludarte. En que te asesoro?",saludo,0,frio,0
L00587,CHUCK_03,"Si quieres, te envio una tabla comparativa clara.",comparacion,1,caliente,2
L00588,CHUCK_06,Te explico las caracteristicas principales del producto.,consulta_producto,1,tibio,1
L00589,CHUCK_08,"Es normal tener esa inquietud, revisemos alternativas.",objecion,0,frio,0
L00590,CHUCK_09,"Perfecto, te comparto el link de pago para cerrar la compra.",compra,0,tibio,1
L00591,CHUCK_01,"Bienvenido, estoy para ayudarte con toda la informacion.",saludo,0,frio,0
L00592,CHUCK_04,"Claro, te comparto el precio actualizado del plan.",consulta_precio,1,tibio,1
L00593,CHUCK_03,"Perfecto, hablamos pronto. Que tengas excelente dia.",despedida,0,frio,0
L00594,CHUCK_04,"Bienvenido, estoy para ayudarte con toda la informacion.",saludo,0,frio,0
L00595,CHUCK_07,"El costo depende del paquete, te paso las opciones de precio.",consulta_precio,1,tibio,1
L00596,CHUCK_02,"Hola, gracias por contactarnos. Como puedo ayudarte hoy?",saludo,0,frio,0
L00597,CHUCK_08,Te comparo este plan frente a otras alternativas del mercado.,comparacion,0,tibio,1
L00598,CHUCK_10,"Perfecto, te comparto el link de pago para cerrar la compra.",compra,1,tibio,1
L00599,CHUCK_02,Este producto incluye soporte y configuracion inicial.,consulta_producto,0,tibio,1
L00600,CHUCK_04,"Excelente decision, te ayudo a completar tu compra ahora.",compra,1,tibio,1
L00601,CHUCK_08,"Es normal tener esa inquietud, revisemos alternativas.",objecion,0,frio,0
L00602,CHUCK_05,Podemos resolver esa objecion con una opcion mas flexible.,objecion,1,tibio,1
L00603,CHUCK_04,"El costo depende del paquete, te paso las opciones de precio.",consulta_precio,1,tibio,1
L00604,CHUCK_07,"Tengo disponibilidad para demo, te paso horarios.",agendar_demo,0,tibio,1
L00605,CHUCK_05,Vamos a revisar ese inconveniente para resolverlo rapido.,soporte,0,frio,0
L00606,CHUCK_04,"Claro, te comparto el precio actualizado del plan.",consulta_precio,1,caliente,2
L00607,CHUCK_01,"Perfecto, hablamos pronto. Que tengas excelente dia.",despedida,0,frio,0
L00608,CHUCK_06,Este producto incluye soporte y configuracion inicial.,consulta_producto,1,tibio,1
L00609,CHUCK_01,Quedo atento para continuar cuando te venga bien.,seguimiento,0,tibio,1
L00610,CHUCK_10,Te comparto los beneficios para tu caso de uso.,consulta_producto,0,tibio,1
L00611,CHUCK_09,Podemos resolver esa objecion con una opcion mas flexible.,objecion,0,tibio,1
L00612,CHUCK_06,"Perfecto, te comparto el link de pago para cerrar la compra.",compra,0,tibio,1
L00613,CHUCK_04,"Tenemos stock disponible, puedo procesar tu compra en este momento.",compra,1,caliente,2
L00614,CHUCK_05,"Tenemos stock disponible, puedo procesar tu compra en este momento.",compra,1,caliente,2
L00615,CHUCK_10,Te ayudo con soporte tecnico paso a paso.,soporte,0,frio,0
L00616,CHUCK_05,"Es normal tener esa inquietud, revisemos alternativas.",objecion,0,frio,0
L00617,CHUCK_03,"Es normal tener esa inquietud, revisemos alternativas.",objecion,0,tibio,1
L00618,CHUCK_01,"Si te parece, coordinamos una demostracion personalizada.",agendar_demo,0,tibio,1
L00619,CHUCK_08,Vamos a revisar ese inconveniente para resolverlo rapido.,soporte,0,frio,0
L00620,CHUCK_07,"Hola, un gusto saludarte. En que te asesoro?",saludo,0,frio,0
L00621,CHUCK_07,"Es normal tener esa inquietud, revisemos alternativas.",objecion,0,tibio,1
L00622,CHUCK_07,Quedo atento para continuar cuando te venga bien.,seguimiento,0,frio,0
L00623,CHUCK_06,"Perfecto, hablamos pronto. Que tengas excelente dia.",despedida,0,frio,0
L00624,CHUCK_08,"Excelente decision, te ayudo a completar tu compra ahora.",compra,1,caliente,2
L00625,CHUCK_06,"Si te parece, coordinamos una demostracion personalizada.",agendar_demo,0,caliente,2
L00626,CHUCK_04,"Perfecto, te comparto el link de pago para cerrar la compra.",compra,1,caliente,2
L00627,CHUCK_04,Te comparo este plan frente a otras alternativas del mercado.,comparacion,1,caliente,2
L00628,CHUCK_06,"Perfecto, te comparto el link de pago para cerrar la compra.",compra,0,tibio,1
L00629,CHUCK_07,Te ayudo con soporte tecnico paso a paso.,soporte,0,frio,0
L00630,CHUCK_09,"Entiendo tu duda, te aclaro ese punto para que decidas con confianza.",objecion,0,tibio,1
L00631,CHUCK_10,Te comparo este plan frente a otras alternativas del mercado.,comparacion,1,tibio,1
L00632,CHUCK_02,"Hola, un gusto saludarte. En que te asesoro?",saludo,0,frio,0
L00633,CHUCK_07,"Perfecto, te comparto el link de pago para cerrar la compra.",compra,1,caliente,2
L00634,CHUCK_04,"Si quieres, te envio una tabla comparativa clara.",comparacion,0,caliente,2
L00635,CHUCK_07,"Excelente decision, te ayudo a completar tu compra ahora.",compra,1,caliente,2
L00636,CHUCK_01,"Tenemos stock disponible, puedo procesar tu compra en este momento.",compra,1,caliente,2
L00637,CHUCK_10,Vamos a revisar ese inconveniente para resolverlo rapido.,soporte,0,frio,0
L00638,CHUCK_06,"Si te parece, coordinamos una demostracion personalizada.",agendar_demo,0,tibio,1
L00639,CHUCK_02,"Perfecto, hablamos pronto. Que tengas excelente dia.",despedida,0,frio,0
L00640,CHUCK_04,"El costo depende del paquete, te paso las opciones de precio.",consulta_precio,1,caliente,2
L00641,CHUCK_09,"Hola, un gusto saludarte. En que te asesoro?",saludo,0,frio,0
L00642,CHUCK_05,"Claro, te comparto el precio actualizado del plan.",consulta_precio,1,caliente,2
L00643,CHUCK_07,"Excelente decision, te ayudo a completar tu compra ahora.",compra,0,caliente,2
L00644,CHUCK_10,"Hola, un gusto saludarte. En que te asesoro?",saludo,0,frio,0
L00645,CHUCK_04,"Perfecto, te comparto el link de pago para cerrar la compra.",compra,0,caliente,2
L00646,CHUCK_04,Te comparto los beneficios para tu caso de uso.,consulta_producto,1,tibio,1
L00647,CHUCK_09,"Tenemos stock disponible, puedo procesar tu compra en este momento.",compra,0,caliente,2
L00648,CHUCK_04,Te comparo este plan frente a otras alternativas del mercado.,comparacion,1,tibio,1
L00649,CHUCK_02,"Entiendo tu duda, te aclaro ese punto para que decidas con confianza.",objecion,0,tibio,1
L00650,CHUCK_01,Te explico las caracteristicas principales del producto.,consulta_producto,0,tibio,1
L00651,CHUCK_02,Te ayudo con soporte tecnico paso a paso.,soporte,1,frio,0
L00652,CHUCK_06,"Tengo disponibilidad para demo, te paso horarios.",agendar_demo,0,caliente,2
L00653,CHUCK_09,Vamos a revisar ese inconveniente para resolverlo rapido.,soporte,0,frio,0
L00654,CHUCK_03,Este producto incluye soporte y configuracion inicial.,consulta_producto,0,tibio,1
L00655,CHUCK_05,Te explico las caracteristicas principales del producto.,consulta_producto,0,tibio,1
L00656,CHUCK_06,"Si, te puedo detallar precios y promociones vigentes.",consulta_precio,1,tibio,1
L00657,CHUCK_03,"Hola, un gusto saludarte. En que te asesoro?",saludo,0,frio,0
L00658,CHUCK_03,"Si quieres, te envio una tabla comparativa clara.",comparacion,1,tibio,1
L00659,CHUCK_03,Te explico las caracteristicas principales del producto.,consulta_producto,0,tibio,1
L00660,CHUCK_03,Te escribo para dar seguimiento a tu interes.,seguimiento,1,tibio,1
L00661,CHUCK_04,Podemos resolver esa objecion con una opcion mas flexible.,objecion,0,frio,0
L00662,CHUCK_10,Te comparto los beneficios para tu caso de uso.,consulta_producto,0,tibio,1
L00663,CHUCK_10,"Es normal tener esa inquietud, revisemos alternativas.",objecion,0,tibio,1
L00664,CHUCK_04,"Entiendo tu duda, te aclaro ese punto para que decidas con confianza.",objecion,0,tibio,1
L00665,CHUCK_02,Este producto incluye soporte y configuracion inicial.,consulta_producto,0,frio,0
L00666,CHUCK_07,"Si quieres, te envio una tabla comparativa clara.",comparacion,1,tibio,1
L00667,CHUCK_03,"Es normal tener esa inquietud, revisemos alternativas.",objecion,0,tibio,1
L00668,CHUCK_08,"Si, te puedo detallar precios y promociones vigentes.",consulta_precio,1,caliente,2
L00669,CHUCK_04,"Entiendo tu duda, te aclaro ese punto para que decidas con confianza.",objecion,0,tibio,1
L00670,CHUCK_05,"Tenemos stock disponible, puedo procesar tu compra en este momento.",compra,1,caliente,2
L00671,CHUCK_08,"El costo depende del paquete, te paso las opciones de precio.",consulta_precio,1,tibio,1
L00672,CHUCK_04,"Perfecto, te comparto el link de pago para cerrar la compra.",compra,0,caliente,2
L00673,CHUCK_05,Te comparto los beneficios para tu caso de uso.,consulta_producto,0,tibio,1
L00674,CHUCK_08,Vamos a revisar ese inconveniente para resolverlo rapido.,soporte,0,frio,0
L00675,CHUCK_03,Te comparo este plan frente a otras alternativas del mercado.,comparacion,1,caliente,2
L00676,CHUCK_02,Te explico las caracteristicas principales del producto.,consulta_producto,0,tibio,1
L00677,CHUCK_07,"Tenemos stock disponible, puedo procesar tu compra en este momento.",compra,1,tibio,1
L00678,CHUCK_08,"Tenemos stock disponible, puedo procesar tu compra en este momento.",compra,0,caliente,2
L00679,CHUCK_03,"Excelente decision, te ayudo a completar tu compra ahora.",compra,0,caliente,2
L00680,CHUCK_08,"Bienvenido, estoy para ayudarte con toda la informacion.",saludo,1,frio,0
L00681,CHUCK_06,"Tengo disponibilidad para demo, te paso horarios.",agendar_demo,0,tibio,1
L00682,CHUCK_07,"Claro, te comparto el precio actualizado del plan.",consulta_precio,1,caliente,2
L00683,CHUCK_03,Te escribo para dar seguimiento a tu interes.,seguimiento,0,tibio,1
L00684,CHUCK_01,Podemos resolver esa objecion con una opcion mas flexible.,objecion,0,frio,0
L00685,CHUCK_08,Quedo atento para continuar cuando te venga bien.,seguimiento,0,frio,0
L00686,CHUCK_07,Te comparto los beneficios para tu caso de uso.,consulta_producto,0,frio,0
L00687,CHUCK_10,Te explico las caracteristicas principales del producto.,consulta_producto,0,tibio,1
L00688,CHUCK_07,Te escribo para dar seguimiento a tu interes.,seguimiento,0,tibio,1
L00689,CHUCK_07,"Es normal tener esa inquietud, revisemos alternativas.",objecion,0,tibio,1
L00690,CHUCK_07,Te escribo para dar seguimiento a tu interes.,seguimiento,0,tibio,1
L00691,CHUCK_02,"Es normal tener esa inquietud, revisemos alternativas.",objecion,0,frio,0
L00692,CHUCK_08,Te comparo este plan frente a otras alternativas del mercado.,comparacion,1,tibio,1
L00693,CHUCK_03,"Hola, gracias por contactarnos. Como puedo ayudarte hoy?",saludo,0,frio,0
L00694,CHUCK_03,"En relacion calidad-precio, esta opcion destaca por soporte y resultados.",comparacion,1,tibio,1
L00695,CHUCK_05,Quedo atento para continuar cuando te venga bien.,seguimiento,0,tibio,1
L00696,CHUCK_01,"Perfecto, hablamos pronto. Que tengas excelente dia.",despedida,0,frio,0
L00697,CHUCK_06,Puedo guiarte para solucionar el problema ahora mismo.,soporte,0,frio,0
L00698,CHUCK_08,"Excelente decision, te ayudo a completar tu compra ahora.",compra,1,tibio,1
L00699,CHUCK_07,Te comparo este plan frente a otras alternativas del mercado.,comparacion,1,tibio,1
L00700,CHUCK_09,Te explico las caracteristicas principales del producto.,consulta_producto,0,tibio,1
L00701,CHUCK_10,Te comparo este plan frente a otras alternativas del mercado.,comparacion,0,caliente,2
L00702,CHUCK_08,Fue un gusto ayudarte. Estoy disponible cuando lo necesites.,despedida,0,frio,0
L00703,CHUCK_08,"Perfecto, te comparto el link de pago para cerrar la compra.",compra,0,caliente,2
L00704,CHUCK_05,Te escribo para dar seguimiento a tu interes.,seguimiento,1,tibio,1
L00705,CHUCK_04,Podemos agendar una demo de 20 minutos esta semana.,agendar_demo,0,tibio,1
L00706,CHUCK_10,Te explico las caracteristicas principales del producto.,consulta_producto,0,tibio,1
L00707,CHUCK_04,"Claro, te comparto el precio actualizado del plan.",consulta_precio,1,tibio,1
L00708,CHUCK_05,"Tenemos stock disponible, puedo procesar tu compra en este momento.",compra,0,caliente,2
L00709,CHUCK_08,"Tengo disponibilidad para demo, te paso horarios.",agendar_demo,0,caliente,2
L00710,CHUCK_02,"Es normal tener esa inquietud, revisemos alternativas.",objecion,0,tibio,1
L00711,CHUCK_03,Puedo guiarte para solucionar el problema ahora mismo.,soporte,0,frio,0
L00712,CHUCK_05,Te comparto los beneficios para tu caso de uso.,consulta_producto,0,tibio,1
L00713,CHUCK_07,Podemos resolver esa objecion con una opcion mas flexible.,objecion,0,frio,0
L00714,CHUCK_10,"Perfecto, te comparto el link de pago para cerrar la compra.",compra,0,caliente,2
L00715,CHUCK_08,"Tenemos stock disponible, puedo procesar tu compra en este momento.",compra,0,caliente,2
L00716,CHUCK_02,"Perfecto, te comparto el link de pago para cerrar la compra.",compra,1,caliente,2
L00717,CHUCK_07,"Entiendo tu duda, te aclaro ese punto para que decidas con confianza.",objecion,0,tibio,1
L00718,CHUCK_04,"El costo depende del paquete, te paso las opciones de precio.",consulta_precio,1,tibio,1
L00719,CHUCK_09,"El costo depende del paquete, te paso las opciones de precio.",consulta_precio,1,caliente,2
L00720,CHUCK_03,"Si te parece, coordinamos una demostracion personalizada.",agendar_demo,1,tibio,1
L00721,CHUCK_02,"Tenemos stock disponible, puedo procesar tu compra en este momento.",compra,0,caliente,2
L00722,CHUCK_07,Quedo atento para continuar cuando te venga bien.,seguimiento,0,tibio,1
L00723,CHUCK_10,"Es normal tener esa inquietud, revisemos alternativas.",objecion,0,tibio,1
L00724,CHUCK_08,Te comparto los beneficios para tu caso de uso.,consulta_producto,1,frio,0
L00725,CHUCK_08,"Tengo disponibilidad para demo, te paso horarios.",agendar_demo,0,tibio,1
L00726,CHUCK_09,Retomo la conversacion para ayudarte con la decision.,seguimiento,0,tibio,1
L00727,CHUCK_10,"Tenemos stock disponible, puedo procesar tu compra en este momento.",compra,1,caliente,2
L00728,CHUCK_04,Te comparo este plan frente a otras alternativas del mercado.,comparacion,1,tibio,1
L00729,CHUCK_09,Podemos agendar una demo de 20 minutos esta semana.,agendar_demo,0,tibio,1
L00730,CHUCK_03,"Si quieres, te envio una tabla comparativa clara.",comparacion,0,caliente,2
L00731,CHUCK_02,"Si te parece, coordinamos una demostracion personalizada.",agendar_demo,0,tibio,1
L00732,CHUCK_04,Quedo atento para continuar cuando te venga bien.,seguimiento,0,tibio,1
L00733,CHUCK_06,Te comparto los beneficios para tu caso de uso.,consulta_producto,0,tibio,1
L00734,CHUCK_06,"El costo depende del paquete, te paso las opciones de precio.",consulta_precio,1,caliente,2
L00735,CHUCK_03,"Tenemos stock disponible, puedo procesar tu compra en este momento.",compra,0,tibio,1
L00736,CHUCK_10,Te comparto los beneficios para tu caso de uso.,consulta_producto,0,frio,0
L00737,CHUCK_09,"Perfecto, hablamos pronto. Que tengas excelente dia.",despedida,0,frio,0
L00738,CHUCK_09,"Gracias por tu tiempo, quedo atento a cualquier consulta.",despedida,1,frio,0
L00739,CHUCK_06,Podemos resolver esa objecion con una opcion mas flexible.,objecion,0,tibio,1
L00740,CHUCK_09,"Si, te puedo detallar precios y promociones vigentes.",consulta_precio,1,tibio,1
L00741,CHUCK_03,Te explico las caracteristicas principales del producto.,consulta_producto,0,tibio,1
L00742,CHUCK_02,Te comparo este plan frente a otras alternativas del mercado.,comparacion,1,tibio,1
L00743,CHUCK_07,Te escribo para dar seguimiento a tu interes.,seguimiento,0,frio,0
L00744,CHUCK_01,Vamos a revisar ese inconveniente para resolverlo rapido.,soporte,0,frio,0
L00745,CHUCK_08,"Claro, te comparto el precio actualizado del plan.",consulta_precio,1,tibio,1
L00746,CHUCK_10,"Si quieres, te envio una tabla comparativa clara.",comparacion,0,caliente,2
L00747,CHUCK_09,Te escribo para dar seguimiento a tu interes.,seguimiento,0,tibio,1
L00748,CHUCK_03,"Excelente decision, te ayudo a completar tu compra ahora.",compra,1,caliente,2
L00749,CHUCK_01,"Es normal tener esa inquietud, revisemos alternativas.",objecion,1,tibio,1
L00750,CHUCK_01,Este producto incluye soporte y configuracion inicial.,consulta_producto,0,frio,0
L00751,CHUCK_01,"Tengo disponibilidad para demo, te paso horarios.",agendar_demo,0,tibio,1
L00752,CHUCK_07,Este producto incluye soporte y configuracion inicial.,consulta_producto,0,tibio,1
L00753,CHUCK_10,"Tenemos stock disponible, puedo procesar tu compra en este momento.",compra,1,caliente,2
L00754,CHUCK_02,Retomo la conversacion para ayudarte con la decision.,seguimiento,0,tibio,1
L00755,CHUCK_06,Puedo guiarte para solucionar el problema ahora mismo.,soporte,1,frio,0
L00756,CHUCK_06,"Excelente decision, te ayudo a completar tu compra ahora.",compra,0,caliente,2
L00757,CHUCK_02,Te explico las caracteristicas principales del producto.,consulta_producto,0,frio,0
L00758,CHUCK_10,"Es normal tener esa inquietud, revisemos alternativas.",objecion,0,frio,0
L00759,CHUCK_03,"Hola, gracias por contactarnos. Como puedo ayudarte hoy?",saludo,0,frio,0
L00760,CHUCK_09,"Perfecto, te comparto el link de pago para cerrar la compra.",compra,1,caliente,2
L00761,CHUCK_04,Te escribo para dar seguimiento a tu interes.,seguimiento,0,tibio,1
L00762,CHUCK_10,Te explico las caracteristicas principales del producto.,consulta_producto,1,tibio,1
L00763,CHUCK_04,"Si, te puedo detallar precios y promociones vigentes.",consulta_precio,1,caliente,2
L00764,CHUCK_05,Este producto incluye soporte y configuracion inicial.,consulta_producto,0,tibio,1
L00765,CHUCK_05,"Tenemos stock disponible, puedo procesar tu compra en este momento.",compra,0,tibio,1
L00766,CHUCK_07,Este producto incluye soporte y configuracion inicial.,consulta_producto,1,tibio,1
L00767,CHUCK_04,Este producto incluye soporte y configuracion inicial.,consulta_producto,0,tibio,1
L00768,CHUCK_02,"Entiendo tu duda, te aclaro ese punto para que decidas con confianza.",objecion,0,tibio,1
L00769,CHUCK_07,Te comparto los beneficios para tu caso de uso.,consulta_producto,1,tibio,1
L00770,CHUCK_02,"Claro, te comparto el precio actualizado del plan.",consulta_precio,1,tibio,1
L00771,CHUCK_10,"El costo depende del paquete, te paso las opciones de precio.",consulta_precio,1,tibio,1
L00772,CHUCK_06,Te escribo para dar seguimiento a tu interes.,seguimiento,0,frio,0
L00773,CHUCK_01,"Entiendo tu duda, te aclaro ese punto para que decidas con confianza.",objecion,0,frio,0
L00774,CHUCK_03,"Excelente decision, te ayudo a completar tu compra ahora.",compra,0,caliente,2
L00775,CHUCK_03,Te ayudo con soporte tecnico paso a paso.,soporte,0,frio,0
L00776,CHUCK_04,"Es normal tener esa inquietud, revisemos alternativas.",objecion,0,tibio,1
L00777,CHUCK_06,"Perfecto, te comparto el link de pago para cerrar la compra.",compra,0,caliente,2
L00778,CHUCK_04,Este producto incluye soporte y configuracion inicial.,consulta_producto,0,frio,0
L00779,CHUCK_07,"Entiendo tu duda, te aclaro ese punto para que decidas con confianza.",objecion,0,tibio,1
L00780,CHUCK_04,"Excelente decision, te ayudo a completar tu compra ahora.",compra,0,caliente,2
L00781,CHUCK_06,Retomo la conversacion para ayudarte con la decision.,seguimiento,0,tibio,1
L00782,CHUCK_01,Vamos a revisar ese inconveniente para resolverlo rapido.,soporte,0,frio,0
L00783,CHUCK_02,Quedo atento para continuar cuando te venga bien.,seguimiento,1,tibio,1
L00784,CHUCK_10,"Claro, te comparto el precio actualizado del plan.",consulta_precio,1,caliente,2
L00785,CHUCK_03,Vamos a revisar ese inconveniente para resolverlo rapido.,soporte,0,frio,0
L00786,CHUCK_09,"Tenemos stock disponible, puedo procesar tu compra en este momento.",compra,0,caliente,2
L00787,CHUCK_09,Retomo la conversacion para ayudarte con la decision.,seguimiento,0,tibio,1
L00788,CHUCK_01,"Hola, gracias por contactarnos. Como puedo ayudarte hoy?",saludo,0,frio,0
L00789,CHUCK_06,"Claro, te comparto el precio actualizado del plan.",consulta_precio,1,caliente,2
L00790,CHUCK_04,Te escribo para dar seguimiento a tu interes.,seguimiento,0,frio,0
L00791,CHUCK_07,"Entiendo tu duda, te aclaro ese punto para que decidas con confianza.",objecion,0,tibio,1
L00792,CHUCK_04,Este producto incluye soporte y configuracion inicial.,consulta_producto,0,frio,0
L00793,CHUCK_05,"Perfecto, te comparto el link de pago para cerrar la compra.",compra,1,caliente,2
L00794,CHUCK_02,Te explico las caracteristicas principales del producto.,consulta_producto,1,tibio,1
L00795,CHUCK_04,"Claro, te comparto el precio actualizado del plan.",consulta_precio,1,caliente,2
L00796,CHUCK_02,Te ayudo con soporte tecnico paso a paso.,soporte,0,frio,0
L00797,CHUCK_05,Te comparo este plan frente a otras alternativas del mercado.,comparacion,1,caliente,2
L00798,CHUCK_07,Podemos agendar una demo de 20 minutos esta semana.,agendar_demo,1,tibio,1
L00799,CHUCK_08,"Si, te puedo detallar precios y promociones vigentes.",consulta_precio,1,tibio,1
L00800,CHUCK_04,Quedo atento para continuar cuando te venga bien.,seguimiento,0,tibio,1
L00801,CHUCK_06,"Tenemos stock disponible, puedo procesar tu compra en este momento.",compra,1,caliente,2
L00802,CHUCK_10,Te escribo para dar seguimiento a tu interes.,seguimiento,0,tibio,1
L00803,CHUCK_03,Este producto incluye soporte y configuracion inicial.,consulta_producto,0,tibio,1
L00804,CHUCK_09,Te comparto los beneficios para tu caso de uso.,consulta_producto,0,tibio,1
L00805,CHUCK_10,"En relacion calidad-precio, esta opcion destaca por soporte y resultados.",comparacion,1,caliente,2
L00806,CHUCK_06,"El costo depende del paquete, te paso las opciones de precio.",consulta_precio,1,tibio,1
L00807,CHUCK_04,Te comparo este plan frente a otras alternativas del mercado.,comparacion,1,tibio,1
L00808,CHUCK_05,Te comparto los beneficios para tu caso de uso.,consulta_producto,0,tibio,1
L00809,CHUCK_04,"Gracias por tu tiempo, quedo atento a cualquier consulta.",despedida,0,frio,0
L00810,CHUCK_10,"Si te parece, coordinamos una demostracion personalizada.",agendar_demo,0,caliente,2
L00811,CHUCK_04,"Tenemos stock disponible, puedo procesar tu compra en este momento.",compra,0,caliente,2
L00812,CHUCK_10,"El costo depende del paquete, te paso las opciones de precio.",consulta_precio,1,caliente,2
L00813,CHUCK_03,"Bienvenido, estoy para ayudarte con toda la informacion.",saludo,0,frio,0
L00814,CHUCK_06,Quedo atento para continuar cuando te venga bien.,seguimiento,0,frio,0
L00815,CHUCK_03,Podemos resolver esa objecion con una opcion mas flexible.,objecion,0,frio,0
L00816,CHUCK_09,Te comparo este plan frente a otras alternativas del mercado.,comparacion,1,tibio,1
L00817,CHUCK_01,Te comparto los beneficios para tu caso de uso.,consulta_producto,0,tibio,1
L00818,CHUCK_02,"Hola, gracias por contactarnos. Como puedo ayudarte hoy?",saludo,0,frio,0
L00819,CHUCK_07,"En relacion calidad-precio, esta opcion destaca por soporte y resultados.",comparacion,1,caliente,2
L00820,CHUCK_05,Te comparto los beneficios para tu caso de uso.,consulta_producto,0,tibio,1
L00821,CHUCK_05,Podemos agendar una demo de 20 minutos esta semana.,agendar_demo,0,tibio,1
L00822,CHUCK_03,Te escribo para dar seguimiento a tu interes.,seguimiento,0,frio,0
L00823,CHUCK_09,Este producto incluye soporte y configuracion inicial.,consulta_producto,0,tibio,1
L00824,CHUCK_07,Este producto incluye soporte y configuracion inicial.,consulta_producto,0,tibio,1
L00825,CHUCK_10,Este producto incluye soporte y configuracion inicial.,consulta_producto,0,tibio,1
L00826,CHUCK_02,Vamos a revisar ese inconveniente para resolverlo rapido.,soporte,0,frio,0
L00827,CHUCK_10,Este producto incluye soporte y configuracion inicial.,consulta_producto,0,tibio,1
L00828,CHUCK_06,"Tengo disponibilidad para demo, te paso horarios.",agendar_demo,0,caliente,2
L00829,CHUCK_06,"Si te parece, coordinamos una demostracion personalizada.",agendar_demo,0,tibio,1
L00830,CHUCK_09,Este producto incluye soporte y configuracion inicial.,consulta_producto,0,tibio,1
L00831,CHUCK_09,Te comparto los beneficios para tu caso de uso.,consulta_producto,1,tibio,1
L00832,CHUCK_05,Te explico las caracteristicas principales del producto.,consulta_producto,0,frio,0
L00833,CHUCK_05,Fue un gusto ayudarte. Estoy disponible cuando lo necesites.,despedida,0,frio,0
L00834,CHUCK_04,"En relacion calidad-precio, esta opcion destaca por soporte y resultados.",comparacion,1,tibio,1
L00835,CHUCK_02,Te comparo este plan frente a otras alternativas del mercado.,comparacion,1,tibio,1
L00836,CHUCK_09,Te ayudo con soporte tecnico paso a paso.,soporte,0,frio,0
L00837,CHUCK_06,"El costo depende del paquete, te paso las opciones de precio.",consulta_precio,1,caliente,2
L00838,CHUCK_03,Te explico las caracteristicas principales del producto.,consulta_producto,1,tibio,1
L00839,CHUCK_02,"Hola, gracias por contactarnos. Como puedo ayudarte hoy?",saludo,0,frio,0
L00840,CHUCK_09,"Bienvenido, estoy para ayudarte con toda la informacion.",saludo,0,frio,0
L00841,CHUCK_09,Podemos agendar una demo de 20 minutos esta semana.,agendar_demo,0,tibio,1
L00842,CHUCK_02,"El costo depende del paquete, te paso las opciones de precio.",consulta_precio,1,caliente,2
L00843,CHUCK_09,"Bienvenido, estoy para ayudarte con toda la informacion.",saludo,0,frio,0
L00844,CHUCK_02,"Si quieres, te envio una tabla comparativa clara.",comparacion,1,tibio,1
L00845,CHUCK_09,"Gracias por tu tiempo, quedo atento a cualquier consulta.",despedida,1,frio,0
L00846,CHUCK_04,"En relacion calidad-precio, esta opcion destaca por soporte y resultados.",comparacion,0,tibio,1
L00847,CHUCK_07,"Claro, te comparto el precio actualizado del plan.",consulta_precio,1,tibio,1
L00848,CHUCK_10,"Claro, te comparto el precio actualizado del plan.",consulta_precio,1,tibio,1
L00849,CHUCK_03,"El costo depende del paquete, te paso las opciones de precio.",consulta_precio,1,tibio,1
L00850,CHUCK_04,"Entiendo tu duda, te aclaro ese punto para que decidas con confianza.",objecion,1,tibio,1
L00851,CHUCK_08,"Hola, un gusto saludarte. En que te asesoro?",saludo,1,frio,0
L00852,CHUCK_02,Quedo atento para continuar cuando te venga bien.,seguimiento,0,frio,0
L00853,CHUCK_02,Fue un gusto ayudarte. Estoy disponible cuando lo necesites.,despedida,0,frio,0
L00854,CHUCK_03,Este producto incluye soporte y configuracion inicial.,consulta_producto,1,frio,0
L00855,CHUCK_10,"Hola, un gusto saludarte. En que te asesoro?",saludo,0,frio,0
L00856,CHUCK_02,"Si te parece, coordinamos una demostracion personalizada.",agendar_demo,0,tibio,1
L00857,CHUCK_05,"Bienvenido, estoy para ayudarte con toda la informacion.",saludo,0,frio,0
L00858,CHUCK_03,"Hola, un gusto saludarte. En que te asesoro?",saludo,0,frio,0
L00859,CHUCK_06,"Es normal tener esa inquietud, revisemos alternativas.",objecion,0,tibio,1
L00860,CHUCK_10,Puedo guiarte para solucionar el problema ahora mismo.,soporte,0,frio,0
L00861,CHUCK_02,"Claro, te comparto el precio actualizado del plan.",consulta_precio,1,tibio,1
L00862,CHUCK_01,Este producto incluye soporte y configuracion inicial.,consulta_producto,0,frio,0
L00863,CHUCK_02,"Si te parece, coordinamos una demostracion personalizada.",agendar_demo,0,tibio,1
L00864,CHUCK_06,Te escribo para dar seguimiento a tu interes.,seguimiento,0,frio,0
L00865,CHUCK_08,"Bienvenido, estoy para ayudarte con toda la informacion.",saludo,0,frio,0
L00866,CHUCK_09,"Gracias por tu tiempo, quedo atento a cualquier consulta.",despedida,1,frio,0
L00867,CHUCK_09,"Tenemos stock disponible, puedo procesar tu compra en este momento.",compra,1,caliente,2
L00868,CHUCK_08,"Entiendo tu duda, te aclaro ese punto para que decidas con confianza.",objecion,0,tibio,1
L00869,CHUCK_01,"Claro, te comparto el precio actualizado del plan.",consulta_precio,1,tibio,1
L00870,CHUCK_05,Vamos a revisar ese inconveniente para resolverlo rapido.,soporte,1,frio,0
L00871,CHUCK_01,"Claro, te comparto el precio actualizado del plan.",consulta_precio,1,tibio,1
L00872,CHUCK_02,Fue un gusto ayudarte. Estoy disponible cuando lo necesites.,despedida,0,frio,0
L00873,CHUCK_10,"Perfecto, te comparto el link de pago para cerrar la compra.",compra,0,tibio,1
L00874,CHUCK_08,"En relacion calidad-precio, esta opcion destaca por soporte y resultados.",comparacion,1,caliente,2
L00875,CHUCK_09,Retomo la conversacion para ayudarte con la decision.,seguimiento,0,frio,0
L00876,CHUCK_04,"Gracias por tu tiempo, quedo atento a cualquier consulta.",despedida,0,frio,0
L00877,CHUCK_09,"Si, te puedo detallar precios y promociones vigentes.",consulta_precio,1,tibio,1
L00878,CHUCK_07,Te comparo este plan frente a otras alternativas del mercado.,comparacion,1,tibio,1
L00879,CHUCK_07,Te explico las caracteristicas principales del producto.,consulta_producto,0,frio,0
L00880,CHUCK_01,Te escribo para dar seguimiento a tu interes.,seguimiento,0,tibio,1
L00881,CHUCK_10,Te escribo para dar seguimiento a tu interes.,seguimiento,0,frio,0
L00882,CHUCK_01,"Entiendo tu duda, te aclaro ese punto para que decidas con confianza.",objecion,0,frio,0
L00883,CHUCK_03,"Si, te puedo detallar precios y promociones vigentes.",consulta_precio,1,tibio,1
L00884,CHUCK_05,"Claro, te comparto el precio actualizado del plan.",consulta_precio,1,tibio,1
L00885,CHUCK_04,"Bienvenido, estoy para ayudarte con toda la informacion.",saludo,0,frio,0
L00886,CHUCK_03,"En relacion calidad-precio, esta opcion destaca por soporte y resultados.",comparacion,1,caliente,2
L00887,CHUCK_02,"Perfecto, te comparto el link de pago para cerrar la compra.",compra,1,caliente,2
L00888,CHUCK_02,"Claro, te comparto el precio actualizado del plan.",consulta_precio,1,tibio,1
L00889,CHUCK_03,"Claro, te comparto el precio actualizado del plan.",consulta_precio,1,tibio,1
L00890,CHUCK_07,Te comparo este plan frente a otras alternativas del mercado.,comparacion,1,caliente,2
L00891,CHUCK_01,"Excelente decision, te ayudo a completar tu compra ahora.",compra,1,caliente,2
L00892,CHUCK_04,"Es normal tener esa inquietud, revisemos alternativas.",objecion,0,tibio,1
L00893,CHUCK_06,"Perfecto, hablamos pronto. Que tengas excelente dia.",despedida,0,frio,0
L00894,CHUCK_08,"Excelente decision, te ayudo a completar tu compra ahora.",compra,0,caliente,2
L00895,CHUCK_09,"Entiendo tu duda, te aclaro ese punto para que decidas con confianza.",objecion,0,tibio,1
L00896,CHUCK_03,Te comparto los beneficios para tu caso de uso.,consulta_producto,0,tibio,1
L00897,CHUCK_03,"En relacion calidad-precio, esta opcion destaca por soporte y resultados.",comparacion,1,tibio,1
L00898,CHUCK_07,"Claro, te comparto el precio actualizado del plan.",consulta_precio,1,caliente,2
L00899,CHUCK_09,"Tenemos stock disponible, puedo procesar tu compra en este momento.",compra,0,caliente,2
L00900,CHUCK_09,Podemos resolver esa objecion con una opcion mas flexible.,objecion,0,tibio,1
L00901,CHUCK_08,Quedo atento para continuar cuando te venga bien.,seguimiento,0,tibio,1
L00902,CHUCK_07,"Excelente decision, te ayudo a completar tu compra ahora.",compra,1,caliente,2
L00903,CHUCK_07,"El costo depende del paquete, te paso las opciones de precio.",consulta_precio,1,tibio,1
L00904,CHUCK_02,Fue un gusto ayudarte. Estoy disponible cuando lo necesites.,despedida,1,frio,0
L00905,CHUCK_03,"Si quieres, te envio una tabla comparativa clara.",comparacion,1,tibio,1
L00906,CHUCK_04,"Excelente decision, te ayudo a completar tu compra ahora.",compra,1,caliente,2
L00907,CHUCK_05,"Perfecto, te comparto el link de pago para cerrar la compra.",compra,1,caliente,2
L00908,CHUCK_01,"Hola, un gusto saludarte. En que te asesoro?",saludo,0,frio,0
L00909,CHUCK_07,"Entiendo tu duda, te aclaro ese punto para que decidas con confianza.",objecion,0,tibio,1
L00910,CHUCK_09,Fue un gusto ayudarte. Estoy disponible cuando lo necesites.,despedida,0,frio,0
L00911,CHUCK_08,Este producto incluye soporte y configuracion inicial.,consulta_producto,1,frio,0
L00912,CHUCK_01,"Claro, te comparto el precio actualizado del plan.",consulta_precio,1,caliente,2
L00913,CHUCK_09,Te escribo para dar seguimiento a tu interes.,seguimiento,0,tibio,1
L00914,CHUCK_02,"Si, te puedo detallar precios y promociones vigentes.",consulta_precio,1,tibio,1
L00915,CHUCK_03,"Perfecto, te comparto el link de pago para cerrar la compra.",compra,0,caliente,2
L00916,CHUCK_03,Te comparto los beneficios para tu caso de uso.,consulta_producto,0,frio,0
L00917,CHUCK_07,Podemos resolver esa objecion con una opcion mas flexible.,objecion,0,tibio,1
L00918,CHUCK_09,Retomo la conversacion para ayudarte con la decision.,seguimiento,1,frio,0
L00919,CHUCK_07,"Perfecto, te comparto el link de pago para cerrar la compra.",compra,0,caliente,2
L00920,CHUCK_01,"Perfecto, te comparto el link de pago para cerrar la compra.",compra,1,caliente,2
L00921,CHUCK_06,"Bienvenido, estoy para ayudarte con toda la informacion.",saludo,0,frio,0
L00922,CHUCK_03,Te explico las caracteristicas principales del producto.,consulta_producto,0,frio,0
L00923,CHUCK_08,"Perfecto, te comparto el link de pago para cerrar la compra.",compra,1,caliente,2
L00924,CHUCK_08,"El costo depende del paquete, te paso las opciones de precio.",consulta_precio,1,tibio,1
L00925,CHUCK_04,Podemos agendar una demo de 20 minutos esta semana.,agendar_demo,0,tibio,1
L00926,CHUCK_02,"Excelente decision, te ayudo a completar tu compra ahora.",compra,1,caliente,2
L00927,CHUCK_02,"El costo depende del paquete, te paso las opciones de precio.",consulta_precio,1,caliente,2
L00928,CHUCK_03,"El costo depende del paquete, te paso las opciones de precio.",consulta_precio,1,tibio,1
L00929,CHUCK_01,"Tenemos stock disponible, puedo procesar tu compra en este momento.",compra,0,caliente,2
L00930,CHUCK_03,"Claro, te comparto el precio actualizado del plan.",consulta_precio,1,tibio,1
L00931,CHUCK_07,"Si, te puedo detallar precios y promociones vigentes.",consulta_precio,1,tibio,1
L00932,CHUCK_03,"El costo depende del paquete, te paso las opciones de precio.",consulta_precio,1,caliente,2
L00933,CHUCK_05,"En relacion calidad-precio, esta opcion destaca por soporte y resultados.",comparacion,1,tibio,1
L00934,CHUCK_04,"Si quieres, te envio una tabla comparativa clara.",comparacion,1,tibio,1
L00935,CHUCK_01,"Si te parece, coordinamos una demostracion personalizada.",agendar_demo,0,caliente,2
L00936,CHUCK_05,"Hola, un gusto saludarte. En que te asesoro?",saludo,0,frio,0
L00937,CHUCK_04,"Si, te puedo detallar precios y promociones vigentes.",consulta_precio,1,caliente,2
L00938,CHUCK_07,"Si, te puedo detallar precios y promociones vigentes.",consulta_precio,1,caliente,2
L00939,CHUCK_04,"Tenemos stock disponible, puedo procesar tu compra en este momento.",compra,0,tibio,1
L00940,CHUCK_04,Te comparto los beneficios para tu caso de uso.,consulta_producto,0,frio,0
L00941,CHUCK_04,"En relacion calidad-precio, esta opcion destaca por soporte y resultados.",comparacion,1,tibio,1
L00942,CHUCK_05,Te comparto los beneficios para tu caso de uso.,consulta_producto,0,tibio,1
L00943,CHUCK_07,"Claro, te comparto el precio actualizado del plan.",consulta_precio,1,caliente,2
L00944,CHUCK_09,"Gracias por tu tiempo, quedo atento a cualquier consulta.",despedida,0,frio,0
L00945,CHUCK_08,"Tenemos stock disponible, puedo procesar tu compra en este momento.",compra,1,caliente,2
L00946,CHUCK_03,"Si quieres, te envio una tabla comparativa clara.",comparacion,1,tibio,1
L00947,CHUCK_07,Te comparto los beneficios para tu caso de uso.,consulta_producto,0,frio,0
L00948,CHUCK_10,"Tenemos stock disponible, puedo procesar tu compra en este momento.",compra,1,caliente,2
L00949,CHUCK_02,Podemos agendar una demo de 20 minutos esta semana.,agendar_demo,0,tibio,1
L00950,CHUCK_10,Este producto incluye soporte y configuracion inicial.,consulta_producto,0,frio,0
L00951,CHUCK_01,"Si te parece, coordinamos una demostracion personalizada.",agendar_demo,0,tibio,1
L00952,CHUCK_06,Podemos agendar una demo de 20 minutos esta semana.,agendar_demo,0,tibio,1
L00953,CHUCK_05,Este producto incluye soporte y configuracion inicial.,consulta_producto,0,tibio,1
L00954,CHUCK_07,"Excelente decision, te ayudo a completar tu compra ahora.",compra,1,caliente,2
L00955,CHUCK_02,Podemos resolver esa objecion con una opcion mas flexible.,objecion,0,frio,0
L00956,CHUCK_10,"Tenemos stock disponible, puedo procesar tu compra en este momento.",compra,1,caliente,2
L00957,CHUCK_01,Te explico las caracteristicas principales del producto.,consulta_producto,0,tibio,1
L00958,CHUCK_03,Te explico las caracteristicas principales del producto.,consulta_producto,0,tibio,1
L00959,CHUCK_01,"Perfecto, te comparto el link de pago para cerrar la compra.",compra,0,caliente,2
L00960,CHUCK_04,Vamos a revisar ese inconveniente para resolverlo rapido.,soporte,0,frio,0
L00961,CHUCK_08,Te comparto los beneficios para tu caso de uso.,consulta_producto,0,tibio,1
L00962,CHUCK_02,Podemos resolver esa objecion con una opcion mas flexible.,objecion,0,tibio,1
L00963,CHUCK_05,"Excelente decision, te ayudo a completar tu compra ahora.",compra,1,caliente,2
L00964,CHUCK_08,Te comparo este plan frente a otras alternativas del mercado.,comparacion,1,caliente,2
L00965,CHUCK_08,"Bienvenido, estoy para ayudarte con toda la informacion.",saludo,0,frio,0
L00966,CHUCK_01,"Entiendo tu duda, te aclaro ese punto para que decidas con confianza.",objecion,1,tibio,1
L00967,CHUCK_01,"Es normal tener esa inquietud, revisemos alternativas.",objecion,1,tibio,1
L00968,CHUCK_05,"Tenemos stock disponible, puedo procesar tu compra en este momento.",compra,1,caliente,2
L00969,CHUCK_06,"Perfecto, te comparto el link de pago para cerrar la compra.",compra,1,caliente,2
L00970,CHUCK_07,"En relacion calidad-precio, esta opcion destaca por soporte y resultados.",comparacion,1,caliente,2
L00971,CHUCK_06,"Es normal tener esa inquietud, revisemos alternativas.",objecion,0,tibio,1
L00972,CHUCK_04,Te comparto los beneficios para tu caso de uso.,consulta_producto,0,tibio,1
L00973,CHUCK_03,Vamos a revisar ese inconveniente para resolverlo rapido.,soporte,0,frio,0
L00974,CHUCK_10,"Claro, te comparto el precio actualizado del plan.",consulta_precio,1,caliente,2
L00975,CHUCK_09,"Excelente decision, te ayudo a completar tu compra ahora.",compra,1,caliente,2
L00976,CHUCK_04,Te escribo para dar seguimiento a tu interes.,seguimiento,0,tibio,1
L00977,CHUCK_06,"Gracias por tu tiempo, quedo atento a cualquier consulta.",despedida,0,frio,0
L00978,CHUCK_02,"Claro, te comparto el precio actualizado del plan.",consulta_precio,1,tibio,1
L00979,CHUCK_08,Fue un gusto ayudarte. Estoy disponible cuando lo necesites.,despedida,1,frio,0
L00980,CHUCK_10,"Gracias por tu tiempo, quedo atento a cualquier consulta.",despedida,0,frio,0
L00981,CHUCK_04,"El costo depende del paquete, te paso las opciones de precio.",consulta_precio,1,tibio,1
L00982,CHUCK_01,Te comparo este plan frente a otras alternativas del mercado.,comparacion,0,tibio,1
L00983,CHUCK_04,"Tengo disponibilidad para demo, te paso horarios.",agendar_demo,0,tibio,1
L00984,CHUCK_03,Te comparto los beneficios para tu caso de uso.,consulta_producto,0,tibio,1
L00985,CHUCK_06,"Si quieres, te envio una tabla comparativa clara.",comparacion,1,tibio,1
L00986,CHUCK_06,"Excelente decision, te ayudo a completar tu compra ahora.",compra,0,caliente,2
L00987,CHUCK_01,Te explico las caracteristicas principales del producto.,consulta_producto,0,frio,0
L00988,CHUCK_10,"Si quieres, te envio una tabla comparativa clara.",comparacion,0,caliente,2
L00989,CHUCK_06,Podemos agendar una demo de 20 minutos esta semana.,agendar_demo,1,tibio,1
L00990,CHUCK_09,Retomo la conversacion para ayudarte con la decision.,seguimiento,0,tibio,1
L00991,CHUCK_04,"Entiendo tu duda, te aclaro ese punto para que decidas con confianza.",objecion,0,tibio,1
L00992,CHUCK_06,Este producto incluye soporte y configuracion inicial.,consulta_producto,0,tibio,1
L00993,CHUCK_04,"Tenemos stock disponible, puedo procesar tu compra en este momento.",compra,1,caliente,2
L00994,CHUCK_02,Te comparto los beneficios para tu caso de uso.,consulta_producto,0,tibio,1
L00995,CHUCK_04,"Tengo disponibilidad para demo, te paso horarios.",agendar_demo,0,caliente,2
L00996,CHUCK_07,"Si te parece, coordinamos una demostracion personalizada.",agendar_demo,0,tibio,1
L00997,CHUCK_08,Te comparo este plan frente a otras alternativas del mercado.,comparacion,1,tibio,1
L00998,CHUCK_06,"El costo depende del paquete, te paso las opciones de precio.",consulta_precio,1,caliente,2
L00999,CHUCK_02,Retomo la conversacion para ayudarte con la decision.,seguimiento,0,frio,0
L01000,CHUCK_10,"Perfecto, te comparto el link de pago para cerrar la compra.",compra,1,caliente,2
L01001,CHUCK_05,"Claro, te comparto el precio actualizado del plan.",consulta_precio,1,tibio,1
L01002,CHUCK_08,Te comparto los beneficios para tu caso de uso.,consulta_producto,0,tibio,1
L01003,CHUCK_07,"Claro, te comparto el precio actualizado del plan.",consulta_precio,1,tibio,1
L01004,CHUCK_02,"Perfecto, te comparto el link de pago para cerrar la compra.",compra,0,caliente,2
L01005,CHUCK_10,"Excelente decision, te ayudo a completar tu compra ahora.",compra,0,caliente,2
L01006,CHUCK_09,Te explico las caracteristicas principales del producto.,consulta_producto,0,tibio,1
L01007,CHUCK_07,"Claro, te comparto el precio actualizado del plan.",consulta_precio,1,tibio,1
L01008,CHUCK_05,"Perfecto, te comparto el link de pago para cerrar la compra.",compra,1,tibio,1
L01009,CHUCK_10,"Perfecto, te comparto el link de pago para cerrar la compra.",compra,0,caliente,2
L01010,CHUCK_07,Puedo guiarte para solucionar el problema ahora mismo.,soporte,0,frio,0
L01011,CHUCK_01,"Si, te puedo detallar precios y promociones vigentes.",consulta_precio,1,caliente,2
L01012,CHUCK_06,"En relacion calidad-precio, esta opcion destaca por soporte y resultados.",comparacion,1,caliente,2
L01013,CHUCK_02,"Excelente decision, te ayudo a completar tu compra ahora.",compra,1,caliente,2
L01014,CHUCK_08,"Tengo disponibilidad para demo, te paso horarios.",agendar_demo,0,tibio,1
L01015,CHUCK_01,Te ayudo con soporte tecnico paso a paso.,soporte,0,frio,0
L01016,CHUCK_01,"Si, te puedo detallar precios y promociones vigentes.",consulta_precio,1,caliente,2
L01017,CHUCK_09,"Tenemos stock disponible, puedo procesar tu compra en este momento.",compra,1,caliente,2
L01018,CHUCK_07,Te ayudo con soporte tecnico paso a paso.,soporte,0,frio,0
L01019,CHUCK_10,"Entiendo tu duda, te aclaro ese punto para que decidas con confianza.",objecion,0,tibio,1
L01020,CHUCK_10,Quedo atento para continuar cuando te venga bien.,seguimiento,0,tibio,1
L01021,CHUCK_07,"El costo depende del paquete, te paso las opciones de precio.",consulta_precio,1,caliente,2
L01022,CHUCK_04,Te escribo para dar seguimiento a tu interes.,seguimiento,0,frio,0
L01023,CHUCK_08,"Si te parece, coordinamos una demostracion personalizada.",agendar_demo,0,caliente,2
L01024,CHUCK_03,Te comparo este plan frente a otras alternativas del mercado.,comparacion,1,tibio,1
L01025,CHUCK_03,"Perfecto, te comparto el link de pago para cerrar la compra.",compra,0,caliente,2
L01026,CHUCK_09,"Si quieres, te envio una tabla comparativa clara.",comparacion,1,tibio,1
L01027,CHUCK_09,"Si, te puedo detallar precios y promociones vigentes.",consulta_precio,1,caliente,2
L01028,CHUCK_09,Te comparo este plan frente a otras alternativas del mercado.,comparacion,1,caliente,2
L01029,CHUCK_04,"Perfecto, te comparto el link de pago para cerrar la compra.",compra,1,tibio,1
L01030,CHUCK_08,Quedo atento para continuar cuando te venga bien.,seguimiento,0,frio,0
L01031,CHUCK_01,"Excelente decision, te ayudo a completar tu compra ahora.",compra,1,caliente,2
L01032,CHUCK_03,"Excelente decision, te ayudo a completar tu compra ahora.",compra,1,caliente,2
L01033,CHUCK_01,"Perfecto, te comparto el link de pago para cerrar la compra.",compra,1,caliente,2
L01034,CHUCK_03,Podemos agendar una demo de 20 minutos esta semana.,agendar_demo,0,caliente,2
L01035,CHUCK_05,"Claro, te comparto el precio actualizado del plan.",consulta_precio,1,caliente,2
L01036,CHUCK_04,Este producto incluye soporte y configuracion inicial.,consulta_producto,0,frio,0
L01037,CHUCK_05,"Si, te puedo detallar precios y promociones vigentes.",consulta_precio,1,tibio,1
L01038,CHUCK_08,Fue un gusto ayudarte. Estoy disponible cuando lo necesites.,despedida,0,frio,0
L01039,CHUCK_10,"En relacion calidad-precio, esta opcion destaca por soporte y resultados.",comparacion,0,tibio,1
L01040,CHUCK_07,"Perfecto, te comparto el link de pago para cerrar la compra.",compra,1,caliente,2
L01041,CHUCK_04,"Perfecto, te comparto el link de pago para cerrar la compra.",compra,1,caliente,2
L01042,CHUCK_02,Te ayudo con soporte tecnico paso a paso.,soporte,0,frio,0
L01043,CHUCK_08,"El costo depende del paquete, te paso las opciones de precio.",consulta_precio,1,tibio,1
L01044,CHUCK_06,"Tenemos stock disponible, puedo procesar tu compra en este momento.",compra,1,tibio,1
L01045,CHUCK_01,"Tengo disponibilidad para demo, te paso horarios.",agendar_demo,0,tibio,1
L01046,CHUCK_10,"Hola, gracias por contactarnos. Como puedo ayudarte hoy?",saludo,0,frio,0
L01047,CHUCK_06,Fue un gusto ayudarte. Estoy disponible cuando lo necesites.,despedida,0,frio,0
L01048,CHUCK_04,"Tenemos stock disponible, puedo procesar tu compra en este momento.",compra,1,caliente,2
L01049,CHUCK_01,"Excelente decision, te ayudo a completar tu compra ahora.",compra,1,caliente,2
L01050,CHUCK_04,Te explico las caracteristicas principales del producto.,consulta_producto,0,tibio,1
L01051,CHUCK_04,"Tenemos stock disponible, puedo procesar tu compra en este momento.",compra,1,caliente,2
L01052,CHUCK_02,"Hola, un gusto saludarte. En que te asesoro?",saludo,0,frio,0
L01053,CHUCK_10,"Si, te puedo detallar precios y promociones vigentes.",consulta_precio,1,tibio,1
L01054,CHUCK_01,"Es normal tener esa inquietud, revisemos alternativas.",objecion,0,tibio,1
L01055,CHUCK_06,"Hola, gracias por contactarnos. Como puedo ayudarte hoy?",saludo,0,frio,0
L01056,CHUCK_10,Te comparto los beneficios para tu caso de uso.,consulta_producto,0,tibio,1
L01057,CHUCK_08,Te ayudo con soporte tecnico paso a paso.,soporte,0,frio,0
L01058,CHUCK_03,"Tenemos stock disponible, puedo procesar tu compra en este momento.",compra,0,caliente,2
L01059,CHUCK_08,"Perfecto, te comparto el link de pago para cerrar la compra.",compra,0,caliente,2
L01060,CHUCK_10,"Excelente decision, te ayudo a completar tu compra ahora.",compra,1,caliente,2
L01061,CHUCK_03,Retomo la conversacion para ayudarte con la decision.,seguimiento,0,frio,0
L01062,CHUCK_01,"Excelente decision, te ayudo a completar tu compra ahora.",compra,0,caliente,2
L01063,CHUCK_03,"En relacion calidad-precio, esta opcion destaca por soporte y resultados.",comparacion,1,tibio,1
L01064,CHUCK_03,"Excelente decision, te ayudo a completar tu compra ahora.",compra,1,caliente,2
L01065,CHUCK_02,"Si te parece, coordinamos una demostracion personalizada.",agendar_demo,0,tibio,1
L01066,CHUCK_04,"Tenemos stock disponible, puedo procesar tu compra en este momento.",compra,0,caliente,2
L01067,CHUCK_05,"Es normal tener esa inquietud, revisemos alternativas.",objecion,0,tibio,1
L01068,CHUCK_05,"Tenemos stock disponible, puedo procesar tu compra en este momento.",compra,0,caliente,2
L01069,CHUCK_01,"Claro, te comparto el precio actualizado del plan.",consulta_precio,1,tibio,1
L01070,CHUCK_07,Te escribo para dar seguimiento a tu interes.,seguimiento,0,tibio,1
L01071,CHUCK_05,Te ayudo con soporte tecnico paso a paso.,soporte,0,frio,0
L01072,CHUCK_03,Fue un gusto ayudarte. Estoy disponible cuando lo necesites.,despedida,0,frio,0
L01073,CHUCK_09,"Gracias por tu tiempo, quedo atento a cualquier consulta.",despedida,0,frio,0
L01074,CHUCK_09,"Tenemos stock disponible, puedo procesar tu compra en este momento.",compra,1,caliente,2
L01075,CHUCK_01,"Si, te puedo detallar precios y promociones vigentes.",consulta_precio,1,tibio,1
L01076,CHUCK_02,Retomo la conversacion para ayudarte con la decision.,seguimiento,0,tibio,1
L01077,CHUCK_02,Podemos agendar una demo de 20 minutos esta semana.,agendar_demo,0,tibio,1
L01078,CHUCK_08,Retomo la conversacion para ayudarte con la decision.,seguimiento,0,tibio,1
L01079,CHUCK_10,"Excelente decision, te ayudo a completar tu compra ahora.",compra,1,tibio,1
L01080,CHUCK_09,"Tenemos stock disponible, puedo procesar tu compra en este momento.",compra,0,caliente,2
L01081,CHUCK_05,"El costo depende del paquete, te paso las opciones de precio.",consulta_precio,1,tibio,1
L01082,CHUCK_05,Vamos a revisar ese inconveniente para resolverlo rapido.,soporte,0,frio,0
L01083,CHUCK_02,Te explico las caracteristicas principales del producto.,consulta_producto,0,frio,0
L01084,CHUCK_06,"Bienvenido, estoy para ayudarte con toda la informacion.",saludo,0,frio,0
L01085,CHUCK_05,Te ayudo con soporte tecnico paso a paso.,soporte,0,frio,0
L01086,CHUCK_05,Quedo atento para continuar cuando te venga bien.,seguimiento,0,tibio,1
L01087,CHUCK_04,Te ayudo con soporte tecnico paso a paso.,soporte,0,frio,0
L01088,CHUCK_03,Te comparto los beneficios para tu caso de uso.,consulta_producto,0,frio,0
L01089,CHUCK_09,Este producto incluye soporte y configuracion inicial.,consulta_producto,0,tibio,1
L01090,CHUCK_03,Podemos resolver esa objecion con una opcion mas flexible.,objecion,0,tibio,1
L01091,CHUCK_01,"Entiendo tu duda, te aclaro ese punto para que decidas con confianza.",objecion,0,tibio,1
L01092,CHUCK_06,Este producto incluye soporte y configuracion inicial.,consulta_producto,0,tibio,1
L01093,CHUCK_06,Te explico las caracteristicas principales del producto.,consulta_producto,0,tibio,1
L01094,CHUCK_07,"Perfecto, te comparto el link de pago para cerrar la compra.",compra,0,caliente,2
L01095,CHUCK_03,"Perfecto, te comparto el link de pago para cerrar la compra.",compra,0,caliente,2
L01096,CHUCK_10,Te comparto los beneficios para tu caso de uso.,consulta_producto,0,tibio,1
L01097,CHUCK_04,Este producto incluye soporte y configuracion inicial.,consulta_producto,0,frio,0
L01098,CHUCK_03,Te comparto los beneficios para tu caso de uso.,consulta_producto,1,tibio,1
L01099,CHUCK_08,Te ayudo con soporte tecnico paso a paso.,soporte,1,frio,0
L01100,CHUCK_05,Este producto incluye soporte y configuracion inicial.,consulta_producto,0,tibio,1
L01101,CHUCK_07,Te escribo para dar seguimiento a tu interes.,seguimiento,0,tibio,1
L01102,CHUCK_03,Quedo atento para continuar cuando te venga bien.,seguimiento,0,frio,0
L01103,CHUCK_08,"Excelente decision, te ayudo a completar tu compra ahora.",compra,0,caliente,2
L01104,CHUCK_08,"Tengo disponibilidad para demo, te paso horarios.",agendar_demo,0,tibio,1
L01105,CHUCK_03,"El costo depende del paquete, te paso las opciones de precio.",consulta_precio,1,caliente,2
L01106,CHUCK_07,Te explico las caracteristicas principales del producto.,consulta_producto,0,tibio,1
L01107,CHUCK_06,"Perfecto, te comparto el link de pago para cerrar la compra.",compra,0,caliente,2
L01108,CHUCK_07,"En relacion calidad-precio, esta opcion destaca por soporte y resultados.",comparacion,1,tibio,1
L01109,CHUCK_01,Te comparto los beneficios para tu caso de uso.,consulta_producto,0,frio,0
L01110,CHUCK_09,"Si, te puedo detallar precios y promociones vigentes.",consulta_precio,1,caliente,2
L01111,CHUCK_01,"Si quieres, te envio una tabla comparativa clara.",comparacion,0,tibio,1
L01112,CHUCK_06,"Tengo disponibilidad para demo, te paso horarios.",agendar_demo,0,tibio,1
L01113,CHUCK_08,Podemos agendar una demo de 20 minutos esta semana.,agendar_demo,0,tibio,1
L01114,CHUCK_01,"El costo depende del paquete, te paso las opciones de precio.",consulta_precio,1,caliente,2
L01115,CHUCK_03,"Excelente decision, te ayudo a completar tu compra ahora.",compra,0,caliente,2
L01116,CHUCK_05,"Es normal tener esa inquietud, revisemos alternativas.",objecion,0,tibio,1
L01117,CHUCK_10,Podemos resolver esa objecion con una opcion mas flexible.,objecion,0,tibio,1
L01118,CHUCK_04,"Tenemos stock disponible, puedo procesar tu compra en este momento.",compra,1,caliente,2
L01119,CHUCK_06,"Tenemos stock disponible, puedo procesar tu compra en este momento.",compra,0,caliente,2
L01120,CHUCK_03,"Perfecto, te comparto el link de pago para cerrar la compra.",compra,0,caliente,2
L01121,CHUCK_10,"Hola, un gusto saludarte. En que te asesoro?",saludo,0,frio,0
L01122,CHUCK_03,"Entiendo tu duda, te aclaro ese punto para que decidas con confianza.",objecion,0,frio,0
L01123,CHUCK_10,"Entiendo tu duda, te aclaro ese punto para que decidas con confianza.",objecion,0,tibio,1
L01124,CHUCK_06,"Si te parece, coordinamos una demostracion personalizada.",agendar_demo,0,tibio,1
L01125,CHUCK_09,"Excelente decision, te ayudo a completar tu compra ahora.",compra,0,caliente,2
L01126,CHUCK_10,"Si te parece, coordinamos una demostracion personalizada.",agendar_demo,0,tibio,1
L01127,CHUCK_03,Te comparto los beneficios para tu caso de uso.,consulta_producto,0,frio,0
L01128,CHUCK_08,"Perfecto, hablamos pronto. Que tengas excelente dia.",despedida,0,frio,0
L01129,CHUCK_01,"Tenemos stock disponible, puedo procesar tu compra en este momento.",compra,0,caliente,2
L01130,CHUCK_04,"Tenemos stock disponible, puedo procesar tu compra en este momento.",compra,0,caliente,2
L01131,CHUCK_10,Te escribo para dar seguimiento a tu interes.,seguimiento,0,tibio,1
L01132,CHUCK_10,"El costo depende del paquete, te paso las opciones de precio.",consulta_precio,1,caliente,2
L01133,CHUCK_09,"Perfecto, te comparto el link de pago para cerrar la compra.",compra,1,caliente,2
L01134,CHUCK_07,Quedo atento para continuar cuando te venga bien.,seguimiento,0,tibio,1
L01135,CHUCK_06,Retomo la conversacion para ayudarte con la decision.,seguimiento,0,tibio,1
L01136,CHUCK_03,Te comparto los beneficios para tu caso de uso.,consulta_producto,0,frio,0
L01137,CHUCK_02,"Tenemos stock disponible, puedo procesar tu compra en este momento.",compra,0,tibio,1
L01138,CHUCK_10,Te explico las caracteristicas principales del producto.,consulta_producto,0,frio,0
L01139,CHUCK_04,Este producto incluye soporte y configuracion inicial.,consulta_producto,0,tibio,1
L01140,CHUCK_09,"Hola, gracias por contactarnos. Como puedo ayudarte hoy?",saludo,0,frio,0
L01141,CHUCK_04,"Hola, un gusto saludarte. En que te asesoro?",saludo,0,frio,0
L01142,CHUCK_04,Te comparto los beneficios para tu caso de uso.,consulta_producto,0,tibio,1
L01143,CHUCK_09,Te comparto los beneficios para tu caso de uso.,consulta_producto,0,tibio,1
L01144,CHUCK_07,"Perfecto, te comparto el link de pago para cerrar la compra.",compra,0,tibio,1
L01145,CHUCK_08,"Entiendo tu duda, te aclaro ese punto para que decidas con confianza.",objecion,0,tibio,1
L01146,CHUCK_09,"Es normal tener esa inquietud, revisemos alternativas.",objecion,0,frio,0
L01147,CHUCK_05,"Gracias por tu tiempo, quedo atento a cualquier consulta.",despedida,0,frio,0
L01148,CHUCK_03,"Si te parece, coordinamos una demostracion personalizada.",agendar_demo,0,caliente,2
L01149,CHUCK_09,"Perfecto, te comparto el link de pago para cerrar la compra.",compra,0,tibio,1
L01150,CHUCK_07,"Si quieres, te envio una tabla comparativa clara.",comparacion,1,tibio,1
L01151,CHUCK_05,Te comparto los beneficios para tu caso de uso.,consulta_producto,0,tibio,1
L01152,CHUCK_05,Este producto incluye soporte y configuracion inicial.,consulta_producto,0,tibio,1
L01153,CHUCK_04,"En relacion calidad-precio, esta opcion destaca por soporte y resultados.",comparacion,0,tibio,1
L01154,CHUCK_04,"Si, te puedo detallar precios y promociones vigentes.",consulta_precio,1,caliente,2
L01155,CHUCK_08,"En relacion calidad-precio, esta opcion destaca por soporte y resultados.",comparacion,1,tibio,1
L01156,CHUCK_04,"Tenemos stock disponible, puedo procesar tu compra en este momento.",compra,0,caliente,2
L01157,CHUCK_02,"Gracias por tu tiempo, quedo atento a cualquier consulta.",despedida,0,frio,0
L01158,CHUCK_09,"Si, te puedo detallar precios y promociones vigentes.",consulta_precio,1,tibio,1
L01159,CHUCK_06,"Tengo disponibilidad para demo, te paso horarios.",agendar_demo,0,tibio,1
L01160,CHUCK_09,Quedo atento para continuar cuando te venga bien.,seguimiento,0,frio,0
L01161,CHUCK_08,"Hola, gracias por contactarnos. Como puedo ayudarte hoy?",saludo,0,frio,0
L01162,CHUCK_10,"Hola, gracias por contactarnos. Como puedo ayudarte hoy?",saludo,0,frio,0
L01163,CHUCK_04,"Es normal tener esa inquietud, revisemos alternativas.",objecion,0,tibio,1
L01164,CHUCK_02,"El costo depende del paquete, te paso las opciones de precio.",consulta_precio,1,caliente,2
L01165,CHUCK_09,"Tenemos stock disponible, puedo procesar tu compra en este momento.",compra,1,tibio,1
L01166,CHUCK_06,Quedo atento para continuar cuando te venga bien.,seguimiento,0,frio,0
L01167,CHUCK_02,Este producto incluye soporte y configuracion inicial.,consulta_producto,0,frio,0
L01168,CHUCK_02,Te comparto los beneficios para tu caso de uso.,consulta_producto,0,tibio,1
L01169,CHUCK_05,"Excelente decision, te ayudo a completar tu compra ahora.",compra,1,caliente,2
L01170,CHUCK_07,"Perfecto, te comparto el link de pago para cerrar la compra.",compra,0,caliente,2
L01171,CHUCK_03,"Si quieres, te envio una tabla comparativa clara.",comparacion,1,tibio,1
L01172,CHUCK_04,"En relacion calidad-precio, esta opcion destaca por soporte y resultados.",comparacion,1,tibio,1
L01173,CHUCK_10,"El costo depende del paquete, te paso las opciones de precio.",consulta_precio,1,tibio,1
L01174,CHUCK_05,Quedo atento para continuar cuando te venga bien.,seguimiento,0,tibio,1
L01175,CHUCK_06,"El costo depende del paquete, te paso las opciones de precio.",consulta_precio,1,caliente,2
L01176,CHUCK_03,"Excelente decision, te ayudo a completar tu compra ahora.",compra,0,tibio,1
L01177,CHUCK_06,"El costo depende del paquete, te paso las opciones de precio.",consulta_precio,1,caliente,2
L01178,CHUCK_08,"Es normal tener esa inquietud, revisemos alternativas.",objecion,0,tibio,1
L01179,CHUCK_02,Este producto incluye soporte y configuracion inicial.,consulta_producto,0,tibio,1
L01180,CHUCK_03,"Gracias por tu tiempo, quedo atento a cualquier consulta.",despedida,0,frio,0
L01181,CHUCK_10,"Tenemos stock disponible, puedo procesar tu compra en este momento.",compra,1,caliente,2
L01182,CHUCK_07,"Tengo disponibilidad para demo, te paso horarios.",agendar_demo,0,caliente,2
L01183,CHUCK_08,"Si, te puedo detallar precios y promociones vigentes.",consulta_precio,1,tibio,1
L01184,CHUCK_08,Retomo la conversacion para ayudarte con la decision.,seguimiento,0,tibio,1
L01185,CHUCK_07,Podemos agendar una demo de 20 minutos esta semana.,agendar_demo,0,caliente,2
L01186,CHUCK_06,Te comparto los beneficios para tu caso de uso.,consulta_producto,0,frio,0
L01187,CHUCK_03,"El costo depende del paquete, te paso las opciones de precio.",consulta_precio,1,tibio,1
L01188,CHUCK_10,Te explico las caracteristicas principales del producto.,consulta_producto,1,tibio,1
L01189,CHUCK_08,Podemos resolver esa objecion con una opcion mas flexible.,objecion,0,tibio,1
L01190,CHUCK_07,Te ayudo con soporte tecnico paso a paso.,soporte,0,frio,0
L01191,CHUCK_05,"Excelente decision, te ayudo a completar tu compra ahora.",compra,1,caliente,2
L01192,CHUCK_04,"Tenemos stock disponible, puedo procesar tu compra en este momento.",compra,0,caliente,2
L01193,CHUCK_10,Quedo atento para continuar cuando te venga bien.,seguimiento,0,tibio,1
L01194,CHUCK_06,Puedo guiarte para solucionar el problema ahora mismo.,soporte,0,frio,0
L01195,CHUCK_05,"Excelente decision, te ayudo a completar tu compra ahora.",compra,0,caliente,2
L01196,CHUCK_07,"Claro, te comparto el precio actualizado del plan.",consulta_precio,1,tibio,1
L01197,CHUCK_04,"Si quieres, te envio una tabla comparativa clara.",comparacion,1,caliente,2
L01198,CHUCK_05,"El costo depende del paquete, te paso las opciones de precio.",consulta_precio,1,caliente,2
L01199,CHUCK_01,"Si te parece, coordinamos una demostracion personalizada.",agendar_demo,0,tibio,1
L01200,CHUCK_09,"Tenemos stock disponible, puedo procesar tu compra en este momento.",compra,1,caliente,2
L01201,CHUCK_10,"El costo depende del paquete, te paso las opciones de precio.",consulta_precio,1,tibio,1
L01202,CHUCK_05,Quedo atento para continuar cuando te venga bien.,seguimiento,0,frio,0
L01203,CHUCK_01,"El costo depende del paquete, te paso las opciones de precio.",consulta_precio,1,tibio,1
L01204,CHUCK_06,"Tenemos stock disponible, puedo procesar tu compra en este momento.",compra,0,tibio,1
L01205,CHUCK_03,"Es normal tener esa inquietud, revisemos alternativas.",objecion,0,frio,0
L01206,CHUCK_07,"Claro, te comparto el precio actualizado del plan.",consulta_precio,1,caliente,2
L01207,CHUCK_02,Podemos agendar una demo de 20 minutos esta semana.,agendar_demo,0,caliente,2
L01208,CHUCK_09,Te comparto los beneficios para tu caso de uso.,consulta_producto,0,tibio,1
L01209,CHUCK_04,"Entiendo tu duda, te aclaro ese punto para que decidas con confianza.",objecion,0,tibio,1
L01210,CHUCK_08,"Entiendo tu duda, te aclaro ese punto para que decidas con confianza.",objecion,0,tibio,1
L01211,CHUCK_04,Fue un gusto ayudarte. Estoy disponible cuando lo necesites.,despedida,0,frio,0
L01212,CHUCK_10,Te ayudo con soporte tecnico paso a paso.,soporte,1,frio,0
L01213,CHUCK_09,"Claro, te comparto el precio actualizado del plan.",consulta_precio,1,caliente,2
L01214,CHUCK_01,Retomo la conversacion para ayudarte con la decision.,seguimiento,0,tibio,1
L01215,CHUCK_05,Podemos agendar una demo de 20 minutos esta semana.,agendar_demo,0,tibio,1
L01216,CHUCK_03,"Tenemos stock disponible, puedo procesar tu compra en este momento.",compra,1,caliente,2
L01217,CHUCK_02,Este producto incluye soporte y configuracion inicial.,consulta_producto,0,tibio,1
L01218,CHUCK_02,"Tengo disponibilidad para demo, te paso horarios.",agendar_demo,0,tibio,1
L01219,CHUCK_03,Te comparo este plan frente a otras alternativas del mercado.,comparacion,1,tibio,1
L01220,CHUCK_07,Te explico las caracteristicas principales del producto.,consulta_producto,0,tibio,1
L01221,CHUCK_08,Podemos agendar una demo de 20 minutos esta semana.,agendar_demo,0,caliente,2
L01222,CHUCK_09,"Claro, te comparto el precio actualizado del plan.",consulta_precio,1,tibio,1
L01223,CHUCK_05,Este producto incluye soporte y configuracion inicial.,consulta_producto,1,frio,0
L01224,CHUCK_04,Este producto incluye soporte y configuracion inicial.,consulta_producto,1,tibio,1
L01225,CHUCK_03,Este producto incluye soporte y configuracion inicial.,consulta_producto,0,tibio,1
L01226,CHUCK_10,"En relacion calidad-precio, esta opcion destaca por soporte y resultados.",comparacion,1,caliente,2
L01227,CHUCK_05,"Si quieres, te envio una tabla comparativa clara.",comparacion,0,tibio,1
L01228,CHUCK_02,Podemos resolver esa objecion con una opcion mas flexible.,objecion,0,tibio,1
L01229,CHUCK_02,"Perfecto, te comparto el link de pago para cerrar la compra.",compra,0,caliente,2
L01230,CHUCK_06,Te explico las caracteristicas principales del producto.,consulta_producto,0,tibio,1
L01231,CHUCK_09,"Entiendo tu duda, te aclaro ese punto para que decidas con confianza.",objecion,0,tibio,1
L01232,CHUCK_04,"Tenemos stock disponible, puedo procesar tu compra en este momento.",compra,1,caliente,2
L01233,CHUCK_03,"Bienvenido, estoy para ayudarte con toda la informacion.",saludo,0,frio,0
L01234,CHUCK_01,"Tenemos stock disponible, puedo procesar tu compra en este momento.",compra,0,tibio,1
L01235,CHUCK_02,Te comparto los beneficios para tu caso de uso.,consulta_producto,0,tibio,1
L01236,CHUCK_03,Te explico las caracteristicas principales del producto.,consulta_producto,0,frio,0
L01237,CHUCK_09,"Tenemos stock disponible, puedo procesar tu compra en este momento.",compra,1,tibio,1
L01238,CHUCK_03,"Tenemos stock disponible, puedo procesar tu compra en este momento.",compra,1,caliente,2
L01239,CHUCK_04,Este producto incluye soporte y configuracion inicial.,consulta_producto,0,tibio,1
L01240,CHUCK_04,"Perfecto, te comparto el link de pago para cerrar la compra.",compra,0,tibio,1
L01241,CHUCK_09,"Si te parece, coordinamos una demostracion personalizada.",agendar_demo,0,caliente,2
L01242,CHUCK_09,Este producto incluye soporte y configuracion inicial.,consulta_producto,0,frio,0
L01243,CHUCK_10,Te explico las caracteristicas principales del producto.,consulta_producto,0,frio,0
L01244,CHUCK_03,Podemos resolver esa objecion con una opcion mas flexible.,objecion,0,tibio,1
L01245,CHUCK_08,"Si, te puedo detallar precios y promociones vigentes.",consulta_precio,1,tibio,1
L01246,CHUCK_02,"Si, te puedo detallar precios y promociones vigentes.",consulta_precio,1,tibio,1
L01247,CHUCK_09,Podemos agendar una demo de 20 minutos esta semana.,agendar_demo,0,caliente,2
L01248,CHUCK_06,"Hola, gracias por contactarnos. Como puedo ayudarte hoy?",saludo,0,frio,0
L01249,CHUCK_08,"Claro, te comparto el precio actualizado del plan.",consulta_precio,1,tibio,1
L01250,CHUCK_02,"Perfecto, te comparto el link de pago para cerrar la compra.",compra,0,tibio,1
L01251,CHUCK_05,"Entiendo tu duda, te aclaro ese punto para que decidas con confianza.",objecion,0,tibio,1
L01252,CHUCK_10,Te escribo para dar seguimiento a tu interes.,seguimiento,0,frio,0
L01253,CHUCK_02,"Perfecto, te comparto el link de pago para cerrar la compra.",compra,0,caliente,2
L01254,CHUCK_07,Te comparo este plan frente a otras alternativas del mercado.,comparacion,1,caliente,2
L01255,CHUCK_08,"Es normal tener esa inquietud, revisemos alternativas.",objecion,0,tibio,1
L01256,CHUCK_01,"Si, te puedo detallar precios y promociones vigentes.",consulta_precio,1,caliente,2
L01257,CHUCK_08,"Excelente decision, te ayudo a completar tu compra ahora.",compra,1,caliente,2
L01258,CHUCK_07,"Hola, gracias por contactarnos. Como puedo ayudarte hoy?",saludo,0,frio,0
L01259,CHUCK_05,"Perfecto, te comparto el link de pago para cerrar la compra.",compra,1,tibio,1
L01260,CHUCK_04,"Perfecto, te comparto el link de pago para cerrar la compra.",compra,0,tibio,1
L01261,CHUCK_06,"Perfecto, te comparto el link de pago para cerrar la compra.",compra,1,caliente,2
L01262,CHUCK_01,"Si, te puedo detallar precios y promociones vigentes.",consulta_precio,1,caliente,2
L01263,CHUCK_05,"Si, te puedo detallar precios y promociones vigentes.",consulta_precio,1,tibio,1
L01264,CHUCK_06,"Es normal tener esa inquietud, revisemos alternativas.",objecion,0,tibio,1
L01265,CHUCK_02,"Hola, un gusto saludarte. En que te asesoro?",saludo,0,frio,0
L01266,CHUCK_06,"Excelente decision, te ayudo a completar tu compra ahora.",compra,0,caliente,2
L01267,CHUCK_05,Quedo atento para continuar cuando te venga bien.,seguimiento,0,tibio,1
L01268,CHUCK_06,Este producto incluye soporte y configuracion inicial.,consulta_producto,0,frio,0
L01269,CHUCK_03,"Perfecto, te comparto el link de pago para cerrar la compra.",compra,0,caliente,2
L01270,CHUCK_02,"Gracias por tu tiempo, quedo atento a cualquier consulta.",despedida,0,frio,0
L01271,CHUCK_05,Te explico las caracteristicas principales del producto.,consulta_producto,0,tibio,1
L01272,CHUCK_04,"Bienvenido, estoy para ayudarte con toda la informacion.",saludo,0,frio,0
L01273,CHUCK_02,"Es normal tener esa inquietud, revisemos alternativas.",objecion,0,tibio,1
L01274,CHUCK_07,Te escribo para dar seguimiento a tu interes.,seguimiento,0,frio,0
L01275,CHUCK_10,"Entiendo tu duda, te aclaro ese punto para que decidas con confianza.",objecion,0,tibio,1
L01276,CHUCK_02,Te ayudo con soporte tecnico paso a paso.,soporte,0,frio,0
L01277,CHUCK_10,Podemos resolver esa objecion con una opcion mas flexible.,objecion,0,tibio,1
L01278,CHUCK_10,"Hola, un gusto saludarte. En que te asesoro?",saludo,0,frio,0
L01279,CHUCK_01,"Si, te puedo detallar precios y promociones vigentes.",consulta_precio,1,tibio,1
L01280,CHUCK_01,Puedo guiarte para solucionar el problema ahora mismo.,soporte,0,frio,0
L01281,CHUCK_03,Te explico las caracteristicas principales del producto.,consulta_producto,0,tibio,1
L01282,CHUCK_01,Te explico las caracteristicas principales del producto.,consulta_producto,0,frio,0
L01283,CHUCK_09,"Bienvenido, estoy para ayudarte con toda la informacion.",saludo,0,frio,0
L01284,CHUCK_10,"Excelente decision, te ayudo a completar tu compra ahora.",compra,0,caliente,2
L01285,CHUCK_05,"Si te parece, coordinamos una demostracion personalizada.",agendar_demo,0,tibio,1
L01286,CHUCK_06,Te escribo para dar seguimiento a tu interes.,seguimiento,0,tibio,1
L01287,CHUCK_09,"Tenemos stock disponible, puedo procesar tu compra en este momento.",compra,1,caliente,2
L01288,CHUCK_04,Este producto incluye soporte y configuracion inicial.,consulta_producto,0,tibio,1
L01289,CHUCK_04,"Excelente decision, te ayudo a completar tu compra ahora.",compra,0,caliente,2
L01290,CHUCK_06,"Tenemos stock disponible, puedo procesar tu compra en este momento.",compra,1,caliente,2
L01291,CHUCK_07,Te explico las caracteristicas principales del producto.,consulta_producto,0,tibio,1
L01292,CHUCK_10,"Claro, te comparto el precio actualizado del plan.",consulta_precio,1,tibio,1
L01293,CHUCK_02,Te escribo para dar seguimiento a tu interes.,seguimiento,0,tibio,1
L01294,CHUCK_08,"Gracias por tu tiempo, quedo atento a cualquier consulta.",despedida,0,frio,0
L01295,CHUCK_10,Te ayudo con soporte tecnico paso a paso.,soporte,0,frio,0
L01296,CHUCK_02,"Bienvenido, estoy para ayudarte con toda la informacion.",saludo,0,frio,0
L01297,CHUCK_04,Te explico las caracteristicas principales del producto.,consulta_producto,1,tibio,1
L01298,CHUCK_05,"Si quieres, te envio una tabla comparativa clara.",comparacion,0,tibio,1
L01299,CHUCK_08,Te explico las caracteristicas principales del producto.,consulta_producto,0,frio,0
L01300,CHUCK_01,Podemos resolver esa objecion con una opcion mas flexible.,objecion,0,tibio,1
L01301,CHUCK_03,Retomo la conversacion para ayudarte con la decision.,seguimiento,0,frio,0
L01302,CHUCK_06,"Hola, un gusto saludarte. En que te asesoro?",saludo,0,frio,0
L01303,CHUCK_07,"Es normal tener esa inquietud, revisemos alternativas.",objecion,0,tibio,1
L01304,CHUCK_08,"Si te parece, coordinamos una demostracion personalizada.",agendar_demo,0,caliente,2
L01305,CHUCK_08,"Entiendo tu duda, te aclaro ese punto para que decidas con confianza.",objecion,0,frio,0
L01306,CHUCK_05,Fue un gusto ayudarte. Estoy disponible cuando lo necesites.,despedida,0,frio,0
L01307,CHUCK_08,"Tenemos stock disponible, puedo procesar tu compra en este momento.",compra,1,caliente,2
L01308,CHUCK_04,Te explico las caracteristicas principales del producto.,consulta_producto,0,tibio,1
L01309,CHUCK_01,Te explico las caracteristicas principales del producto.,consulta_producto,0,frio,0
L01310,CHUCK_08,"Si quieres, te envio una tabla comparativa clara.",comparacion,1,tibio,1
L01311,CHUCK_03,Te ayudo con soporte tecnico paso a paso.,soporte,0,frio,0
L01312,CHUCK_04,Te comparto los beneficios para tu caso de uso.,consulta_producto,0,frio,0
L01313,CHUCK_09,Te comparto los beneficios para tu caso de uso.,consulta_producto,0,tibio,1
L01314,CHUCK_06,"Gracias por tu tiempo, quedo atento a cualquier consulta.",despedida,0,frio,0
L01315,CHUCK_02,"Claro, te comparto el precio actualizado del plan.",consulta_precio,1,caliente,2
L01316,CHUCK_02,"Es normal tener esa inquietud, revisemos alternativas.",objecion,0,tibio,1
L01317,CHUCK_01,"En relacion calidad-precio, esta opcion destaca por soporte y resultados.",comparacion,0,tibio,1
L01318,CHUCK_10,Podemos agendar una demo de 20 minutos esta semana.,agendar_demo,0,tibio,1
L01319,CHUCK_03,"Excelente decision, te ayudo a completar tu compra ahora.",compra,0,tibio,1
L01320,CHUCK_02,Retomo la conversacion para ayudarte con la decision.,seguimiento,1,tibio,1
L01321,CHUCK_10,"Claro, te comparto el precio actualizado del plan.",consulta_precio,1,caliente,2
L01322,CHUCK_07,"Tenemos stock disponible, puedo procesar tu compra en este momento.",compra,0,tibio,1
L01323,CHUCK_09,"En relacion calidad-precio, esta opcion destaca por soporte y resultados.",comparacion,1,caliente,2
L01324,CHUCK_07,"Es normal tener esa inquietud, revisemos alternativas.",objecion,0,tibio,1
L01325,CHUCK_05,"Excelente decision, te ayudo a completar tu compra ahora.",compra,1,caliente,2
L01326,CHUCK_03,Te ayudo con soporte tecnico paso a paso.,soporte,0,frio,0
L01327,CHUCK_09,"Gracias por tu tiempo, quedo atento a cualquier consulta.",despedida,0,frio,0
L01328,CHUCK_09,Te escribo para dar seguimiento a tu interes.,seguimiento,0,tibio,1
L01329,CHUCK_07,"El costo depende del paquete, te paso las opciones de precio.",consulta_precio,1,tibio,1
L01330,CHUCK_09,"Perfecto, te comparto el link de pago para cerrar la compra.",compra,0,caliente,2
L01331,CHUCK_08,"Excelente decision, te ayudo a completar tu compra ahora.",compra,1,caliente,2
L01332,CHUCK_08,Quedo atento para continuar cuando te venga bien.,seguimiento,0,tibio,1
L01333,CHUCK_01,"Claro, te comparto el precio actualizado del plan.",consulta_precio,1,tibio,1
L01334,CHUCK_04,"Si, te puedo detallar precios y promociones vigentes.",consulta_precio,1,caliente,2
L01335,CHUCK_05,Te comparto los beneficios para tu caso de uso.,consulta_producto,0,tibio,1
L01336,CHUCK_05,"Perfecto, hablamos pronto. Que tengas excelente dia.",despedida,0,frio,0
L01337,CHUCK_05,"Excelente decision, te ayudo a completar tu compra ahora.",compra,1,caliente,2
L01338,CHUCK_01,"Claro, te comparto el precio actualizado del plan.",consulta_precio,1,caliente,2
L01339,CHUCK_08,Retomo la conversacion para ayudarte con la decision.,seguimiento,0,tibio,1
L01340,CHUCK_08,Quedo atento para continuar cuando te venga bien.,seguimiento,0,tibio,1
L01341,CHUCK_06,Te comparo este plan frente a otras alternativas del mercado.,comparacion,1,tibio,1
L01342,CHUCK_04,"Tenemos stock disponible, puedo procesar tu compra en este momento.",compra,0,caliente,2
L01343,CHUCK_07,"Perfecto, te comparto el link de pago para cerrar la compra.",compra,0,tibio,1
L01344,CHUCK_08,"El costo depende del paquete, te paso las opciones de precio.",consulta_precio,1,tibio,1
L01345,CHUCK_09,"Claro, te comparto el precio actualizado del plan.",consulta_precio,1,caliente,2
L01346,CHUCK_03,"Hola, un gusto saludarte. En que te asesoro?",saludo,1,frio,0
L01347,CHUCK_10,"Hola, gracias por contactarnos. Como puedo ayudarte hoy?",saludo,0,frio,0
L01348,CHUCK_05,"Excelente decision, te ayudo a completar tu compra ahora.",compra,0,caliente,2
L01349,CHUCK_06,"Entiendo tu duda, te aclaro ese punto para que decidas con confianza.",objecion,0,tibio,1
L01350,CHUCK_01,Te comparto los beneficios para tu caso de uso.,consulta_producto,0,frio,0
L01351,CHUCK_10,"Si quieres, te envio una tabla comparativa clara.",comparacion,1,tibio,1
L01352,CHUCK_06,"Hola, gracias por contactarnos. Como puedo ayudarte hoy?",saludo,0,frio,0
L01353,CHUCK_03,Te comparto los beneficios para tu caso de uso.,consulta_producto,0,frio,0
L01354,CHUCK_08,"Tenemos stock disponible, puedo procesar tu compra en este momento.",compra,1,caliente,2
L01355,CHUCK_08,"Gracias por tu tiempo, quedo atento a cualquier consulta.",despedida,0,frio,0
L01356,CHUCK_05,Este producto incluye soporte y configuracion inicial.,consulta_producto,0,frio,0
L01357,CHUCK_03,Te explico las caracteristicas principales del producto.,consulta_producto,0,tibio,1
L01358,CHUCK_09,"En relacion calidad-precio, esta opcion destaca por soporte y resultados.",comparacion,0,tibio,1
L01359,CHUCK_04,Este producto incluye soporte y configuracion inicial.,consulta_producto,0,frio,0
L01360,CHUCK_03,Este producto incluye soporte y configuracion inicial.,consulta_producto,0,frio,0
L01361,CHUCK_09,"Excelente decision, te ayudo a completar tu compra ahora.",compra,0,caliente,2
L01362,CHUCK_01,"Si, te puedo detallar precios y promociones vigentes.",consulta_precio,1,tibio,1
L01363,CHUCK_08,"Perfecto, te comparto el link de pago para cerrar la compra.",compra,0,caliente,2
L01364,CHUCK_01,"Perfecto, te comparto el link de pago para cerrar la compra.",compra,0,tibio,1
L01365,CHUCK_04,"Si, te puedo detallar precios y promociones vigentes.",consulta_precio,1,caliente,2
L01366,CHUCK_02,Retomo la conversacion para ayudarte con la decision.,seguimiento,0,frio,0
L01367,CHUCK_03,Podemos resolver esa objecion con una opcion mas flexible.,objecion,1,tibio,1
L01368,CHUCK_05,"Bienvenido, estoy para ayudarte con toda la informacion.",saludo,1,frio,0
L01369,CHUCK_01,"Si, te puedo detallar precios y promociones vigentes.",consulta_precio,1,tibio,1
L01370,CHUCK_01,"Perfecto, te comparto el link de pago para cerrar la compra.",compra,1,caliente,2
L01371,CHUCK_06,Te comparto los beneficios para tu caso de uso.,consulta_producto,0,tibio,1
L01372,CHUCK_09,"En relacion calidad-precio, esta opcion destaca por soporte y resultados.",comparacion,0,tibio,1
L01373,CHUCK_10,Te comparto los beneficios para tu caso de uso.,consulta_producto,0,frio,0
L01374,CHUCK_10,Este producto incluye soporte y configuracion inicial.,consulta_producto,0,tibio,1
L01375,CHUCK_05,"El costo depende del paquete, te paso las opciones de precio.",consulta_precio,1,caliente,2
L01376,CHUCK_04,"Claro, te comparto el precio actualizado del plan.",consulta_precio,1,tibio,1
L01377,CHUCK_08,"Perfecto, te comparto el link de pago para cerrar la compra.",compra,1,caliente,2
L01378,CHUCK_05,"Perfecto, te comparto el link de pago para cerrar la compra.",compra,1,caliente,2
L01379,CHUCK_06,"El costo depende del paquete, te paso las opciones de precio.",consulta_precio,1,caliente,2
L01380,CHUCK_10,Te explico las caracteristicas principales del producto.,consulta_producto,0,tibio,1
L01381,CHUCK_03,"Si, te puedo detallar precios y promociones vigentes.",consulta_precio,1,tibio,1
L01382,CHUCK_07,"Claro, te comparto el precio actualizado del plan.",consulta_precio,1,tibio,1
L01383,CHUCK_06,Este producto incluye soporte y configuracion inicial.,consulta_producto,0,tibio,1
L01384,CHUCK_10,"Excelente decision, te ayudo a completar tu compra ahora.",compra,1,caliente,2
L01385,CHUCK_03,"Perfecto, te comparto el link de pago para cerrar la compra.",compra,0,caliente,2
L01386,CHUCK_08,"Bienvenido, estoy para ayudarte con toda la informacion.",saludo,0,frio,0
L01387,CHUCK_01,"Perfecto, te comparto el link de pago para cerrar la compra.",compra,1,caliente,2
L01388,CHUCK_01,"Bienvenido, estoy para ayudarte con toda la informacion.",saludo,0,frio,0
L01389,CHUCK_10,"El costo depende del paquete, te paso las opciones de precio.",consulta_precio,1,caliente,2
L01390,CHUCK_04,Te comparto los beneficios para tu caso de uso.,consulta_producto,0,frio,0
L01391,CHUCK_09,Te comparto los beneficios para tu caso de uso.,consulta_producto,0,frio,0
L01392,CHUCK_10,"Si te parece, coordinamos una demostracion personalizada.",agendar_demo,1,tibio,1
L01393,CHUCK_10,"Perfecto, te comparto el link de pago para cerrar la compra.",compra,1,caliente,2
L01394,CHUCK_08,"Es normal tener esa inquietud, revisemos alternativas.",objecion,0,tibio,1
L01395,CHUCK_01,Podemos agendar una demo de 20 minutos esta semana.,agendar_demo,0,tibio,1
L01396,CHUCK_04,Retomo la conversacion para ayudarte con la decision.,seguimiento,1,tibio,1
L01397,CHUCK_01,"Entiendo tu duda, te aclaro ese punto para que decidas con confianza.",objecion,0,tibio,1
L01398,CHUCK_10,Fue un gusto ayudarte. Estoy disponible cuando lo necesites.,despedida,0,frio,0
L01399,CHUCK_10,"Tengo disponibilidad para demo, te paso horarios.",agendar_demo,0,tibio,1
L01400,CHUCK_01,Podemos resolver esa objecion con una opcion mas flexible.,objecion,0,tibio,1
L01401,CHUCK_05,Este producto incluye soporte y configuracion inicial.,consulta_producto,1,frio,0
L01402,CHUCK_05,"Hola, un gusto saludarte. En que te asesoro?",saludo,0,frio,0
L01403,CHUCK_08,Este producto incluye soporte y configuracion inicial.,consulta_producto,0,tibio,1
L01404,CHUCK_05,Te explico las caracteristicas principales del producto.,consulta_producto,0,frio,0
L01405,CHUCK_05,"Perfecto, te comparto el link de pago para cerrar la compra.",compra,1,caliente,2
L01406,CHUCK_08,Vamos a revisar ese inconveniente para resolverlo rapido.,soporte,0,frio,0
L01407,CHUCK_05,"El costo depende del paquete, te paso las opciones de precio.",consulta_precio,1,tibio,1
L01408,CHUCK_07,Te comparo este plan frente a otras alternativas del mercado.,comparacion,1,tibio,1
L01409,CHUCK_08,"Perfecto, te comparto el link de pago para cerrar la compra.",compra,0,caliente,2
L01410,CHUCK_03,Podemos resolver esa objecion con una opcion mas flexible.,objecion,0,tibio,1
L01411,CHUCK_05,"Si quieres, te envio una tabla comparativa clara.",comparacion,1,tibio,1
L01412,CHUCK_08,"Claro, te comparto el precio actualizado del plan.",consulta_precio,1,tibio,1
L01413,CHUCK_05,"Si, te puedo detallar precios y promociones vigentes.",consulta_precio,1,tibio,1
L01414,CHUCK_03,Este producto incluye soporte y configuracion inicial.,consulta_producto,1,frio,0
L01415,CHUCK_07,Vamos a revisar ese inconveniente para resolverlo rapido.,soporte,0,frio,0
L01416,CHUCK_01,Te explico las caracteristicas principales del producto.,consulta_producto,0,tibio,1
L01417,CHUCK_02,Te comparto los beneficios para tu caso de uso.,consulta_producto,0,frio,0
L01418,CHUCK_05,"Tengo disponibilidad para demo, te paso horarios.",agendar_demo,0,tibio,1
L01419,CHUCK_05,"Excelente decision, te ayudo a completar tu compra ahora.",compra,1,caliente,2
L01420,CHUCK_05,Te explico las caracteristicas principales del producto.,consulta_producto,1,tibio,1
L01421,CHUCK_07,"Tenemos stock disponible, puedo procesar tu compra en este momento.",compra,1,caliente,2
L01422,CHUCK_02,"Tenemos stock disponible, puedo procesar tu compra en este momento.",compra,1,caliente,2
L01423,CHUCK_09,Este producto incluye soporte y configuracion inicial.,consulta_producto,0,frio,0
L01424,CHUCK_06,Vamos a revisar ese inconveniente para resolverlo rapido.,soporte,0,frio,0
L01425,CHUCK_09,"Si te parece, coordinamos una demostracion personalizada.",agendar_demo,0,caliente,2
L01426,CHUCK_09,"Claro, te comparto el precio actualizado del plan.",consulta_precio,1,tibio,1
L01427,CHUCK_07,Quedo atento para continuar cuando te venga bien.,seguimiento,0,tibio,1
L01428,CHUCK_01,Te escribo para dar seguimiento a tu interes.,seguimiento,0,tibio,1
L01429,CHUCK_02,"Si quieres, te envio una tabla comparativa clara.",comparacion,0,caliente,2
L01430,CHUCK_06,Fue un gusto ayudarte. Estoy disponible cuando lo necesites.,despedida,0,frio,0
L01431,CHUCK_06,"Tenemos stock disponible, puedo procesar tu compra en este momento.",compra,1,caliente,2
L01432,CHUCK_03,Este producto incluye soporte y configuracion inicial.,consulta_producto,0,frio,0
L01433,CHUCK_03,"Si quieres, te envio una tabla comparativa clara.",comparacion,0,tibio,1
L01434,CHUCK_06,"Excelente decision, te ayudo a completar tu compra ahora.",compra,1,caliente,2
L01435,CHUCK_07,"Si, te puedo detallar precios y promociones vigentes.",consulta_precio,1,tibio,1
L01436,CHUCK_09,Fue un gusto ayudarte. Estoy disponible cuando lo necesites.,despedida,0,frio,0
L01437,CHUCK_05,Este producto incluye soporte y configuracion inicial.,consulta_producto,0,tibio,1
L01438,CHUCK_02,"Si, te puedo detallar precios y promociones vigentes.",consulta_precio,1,tibio,1
L01439,CHUCK_08,"Si quieres, te envio una tabla comparativa clara.",comparacion,1,tibio,1
L01440,CHUCK_08,"El costo depende del paquete, te paso las opciones de precio.",consulta_precio,1,tibio,1
L01441,CHUCK_05,"Tenemos stock disponible, puedo procesar tu compra en este momento.",compra,1,caliente,2
L01442,CHUCK_02,Te escribo para dar seguimiento a tu interes.,seguimiento,0,frio,0
L01443,CHUCK_10,Podemos resolver esa objecion con una opcion mas flexible.,objecion,0,tibio,1
L01444,CHUCK_07,Podemos resolver esa objecion con una opcion mas flexible.,objecion,0,tibio,1
L01445,CHUCK_05,"Si te parece, coordinamos una demostracion personalizada.",agendar_demo,0,tibio,1
L01446,CHUCK_06,"Perfecto, te comparto el link de pago para cerrar la compra.",compra,1,caliente,2
L01447,CHUCK_03,"Perfecto, te comparto el link de pago para cerrar la compra.",compra,0,caliente,2
L01448,CHUCK_04,Te explico las caracteristicas principales del producto.,consulta_producto,0,frio,0
L01449,CHUCK_01,"Hola, un gusto saludarte. En que te asesoro?",saludo,0,frio,0
L01450,CHUCK_01,"Si te parece, coordinamos una demostracion personalizada.",agendar_demo,0,tibio,1
L01451,CHUCK_06,"Si quieres, te envio una tabla comparativa clara.",comparacion,0,tibio,1
L01452,CHUCK_10,"En relacion calidad-precio, esta opcion destaca por soporte y resultados.",comparacion,1,tibio,1
L01453,CHUCK_05,"Es normal tener esa inquietud, revisemos alternativas.",objecion,0,frio,0
L01454,CHUCK_01,"Perfecto, hablamos pronto. Que tengas excelente dia.",despedida,0,frio,0
L01455,CHUCK_01,"Perfecto, hablamos pronto. Que tengas excelente dia.",despedida,1,frio,0
L01456,CHUCK_07,"Tenemos stock disponible, puedo procesar tu compra en este momento.",compra,1,caliente,2
L01457,CHUCK_07,"Claro, te comparto el precio actualizado del plan.",consulta_precio,1,tibio,1
L01458,CHUCK_02,Este producto incluye soporte y configuracion inicial.,consulta_producto,0,frio,0
L01459,CHUCK_03,Te explico las caracteristicas principales del producto.,consulta_producto,0,frio,0
L01460,CHUCK_03,Te explico las caracteristicas principales del producto.,consulta_producto,1,tibio,1
L01461,CHUCK_04,Te explico las caracteristicas principales del producto.,consulta_producto,0,tibio,1
L01462,CHUCK_03,Vamos a revisar ese inconveniente para resolverlo rapido.,soporte,0,frio,0
L01463,CHUCK_04,"Si, te puedo detallar precios y promociones vigentes.",consulta_precio,1,tibio,1
L01464,CHUCK_10,Vamos a revisar ese inconveniente para resolverlo rapido.,soporte,0,frio,0
L01465,CHUCK_01,Te comparo este plan frente a otras alternativas del mercado.,comparacion,0,tibio,1
L01466,CHUCK_08,Podemos agendar una demo de 20 minutos esta semana.,agendar_demo,0,caliente,2
L01467,CHUCK_06,"Bienvenido, estoy para ayudarte con toda la informacion.",saludo,0,frio,0
L01468,CHUCK_09,"Si, te puedo detallar precios y promociones vigentes.",consulta_precio,1,caliente,2
L01469,CHUCK_08,Te explico las caracteristicas principales del producto.,consulta_producto,0,tibio,1
L01470,CHUCK_09,Este producto incluye soporte y configuracion inicial.,consulta_producto,0,tibio,1
L01471,CHUCK_07,Este producto incluye soporte y configuracion inicial.,consulta_producto,1,tibio,1
L01472,CHUCK_06,Podemos resolver esa objecion con una opcion mas flexible.,objecion,0,frio,0
L01473,CHUCK_10,"Hola, un gusto saludarte. En que te asesoro?",saludo,0,frio,0
L01474,CHUCK_08,"Claro, te comparto el precio actualizado del plan.",consulta_precio,1,tibio,1
L01475,CHUCK_03,Este producto incluye soporte y configuracion inicial.,consulta_producto,0,frio,0
L01476,CHUCK_07,"Si quieres, te envio una tabla comparativa clara.",comparacion,0,tibio,1
L01477,CHUCK_08,Te explico las caracteristicas principales del producto.,consulta_producto,0,tibio,1
L01478,CHUCK_04,Te explico las caracteristicas principales del producto.,consulta_producto,0,tibio,1
L01479,CHUCK_01,"Excelente decision, te ayudo a completar tu compra ahora.",compra,1,caliente,2
L01480,CHUCK_09,Retomo la conversacion para ayudarte con la decision.,seguimiento,0,tibio,1
L01481,CHUCK_06,"Es normal tener esa inquietud, revisemos alternativas.",objecion,0,tibio,1
L01482,CHUCK_02,"Si te parece, coordinamos una demostracion personalizada.",agendar_demo,0,caliente,2
L01483,CHUCK_04,"Claro, te comparto el precio actualizado del plan.",consulta_precio,1,tibio,1
L01484,CHUCK_01,"Excelente decision, te ayudo a completar tu compra ahora.",compra,1,tibio,1
L01485,CHUCK_09,"Claro, te comparto el precio actualizado del plan.",consulta_precio,1,caliente,2
L01486,CHUCK_01,Te comparto los beneficios para tu caso de uso.,consulta_producto,0,frio,0
L01487,CHUCK_05,"Perfecto, te comparto el link de pago para cerrar la compra.",compra,1,caliente,2
L01488,CHUCK_07,Este producto incluye soporte y configuracion inicial.,consulta_producto,0,tibio,1
L01489,CHUCK_07,"Si te parece, coordinamos una demostracion personalizada.",agendar_demo,0,tibio,1
L01490,CHUCK_02,Este producto incluye soporte y configuracion inicial.,consulta_producto,0,tibio,1
L01491,CHUCK_03,"Si, te puedo detallar precios y promociones vigentes.",consulta_precio,1,caliente,2
L01492,CHUCK_09,Puedo guiarte para solucionar el problema ahora mismo.,soporte,0,frio,0
L01493,CHUCK_05,Quedo atento para continuar cuando te venga bien.,seguimiento,0,tibio,1
L01494,CHUCK_10,"Hola, un gusto saludarte. En que te asesoro?",saludo,0,frio,0
L01495,CHUCK_05,Te comparto los beneficios para tu caso de uso.,consulta_producto,0,tibio,1
L01496,CHUCK_09,"Tenemos stock disponible, puedo procesar tu compra en este momento.",compra,0,caliente,2
L01497,CHUCK_10,"Excelente decision, te ayudo a completar tu compra ahora.",compra,0,caliente,2
L01498,CHUCK_04,"Hola, un gusto saludarte. En que te asesoro?",saludo,0,frio,0
L01499,CHUCK_10,Te comparto los beneficios para tu caso de uso.,consulta_producto,0,tibio,1
L01500,CHUCK_08,Te explico las caracteristicas principales del producto.,consulta_producto,0,tibio,1
L01501,CHUCK_10,"Claro, te comparto el precio actualizado del plan.",consulta_precio,1,tibio,1
L01502,CHUCK_04,"Es normal tener esa inquietud, revisemos alternativas.",objecion,0,tibio,1
L01503,CHUCK_03,Retomo la conversacion para ayudarte con la decision.,seguimiento,0,frio,0
L01504,CHUCK_03,Retomo la conversacion para ayudarte con la decision.,seguimiento,0,frio,0
L01505,CHUCK_08,"Claro, te comparto el precio actualizado del plan.",consulta_precio,1,tibio,1
L01506,CHUCK_10,"En relacion calidad-precio, esta opcion destaca por soporte y resultados.",comparacion,1,tibio,1
L01507,CHUCK_06,Podemos resolver esa objecion con una opcion mas flexible.,objecion,0,tibio,1
L01508,CHUCK_04,"Es normal tener esa inquietud, revisemos alternativas.",objecion,0,frio,0
L01509,CHUCK_04,Quedo atento para continuar cuando te venga bien.,seguimiento,0,tibio,1
L01510,CHUCK_02,Este producto incluye soporte y configuracion inicial.,consulta_producto,0,tibio,1
L01511,CHUCK_10,"Si, te puedo detallar precios y promociones vigentes.",consulta_precio,1,tibio,1
L01512,CHUCK_01,"Gracias por tu tiempo, quedo atento a cualquier consulta.",despedida,0,frio,0
L01513,CHUCK_01,Fue un gusto ayudarte. Estoy disponible cuando lo necesites.,despedida,0,frio,0
L01514,CHUCK_05,Podemos resolver esa objecion con una opcion mas flexible.,objecion,0,frio,0
L01515,CHUCK_10,"Hola, gracias por contactarnos. Como puedo ayudarte hoy?",saludo,0,frio,0
L01516,CHUCK_03,"Excelente decision, te ayudo a completar tu compra ahora.",compra,0,caliente,2
L01517,CHUCK_05,"Gracias por tu tiempo, quedo atento a cualquier consulta.",despedida,0,frio,0
L01518,CHUCK_01,"Excelente decision, te ayudo a completar tu compra ahora.",compra,0,tibio,1
L01519,CHUCK_03,"Perfecto, te comparto el link de pago para cerrar la compra.",compra,1,caliente,2
L01520,CHUCK_03,Podemos resolver esa objecion con una opcion mas flexible.,objecion,1,tibio,1
L01521,CHUCK_05,Te escribo para dar seguimiento a tu interes.,seguimiento,1,frio,0
L01522,CHUCK_04,"Gracias por tu tiempo, quedo atento a cualquier consulta.",despedida,0,frio,0
L01523,CHUCK_06,"Es normal tener esa inquietud, revisemos alternativas.",objecion,0,frio,0
L01524,CHUCK_06,"Gracias por tu tiempo, quedo atento a cualquier consulta.",despedida,0,frio,0
L01525,CHUCK_09,"Tengo disponibilidad para demo, te paso horarios.",agendar_demo,0,tibio,1
L01526,CHUCK_04,Quedo atento para continuar cuando te venga bien.,seguimiento,1,tibio,1
L01527,CHUCK_10,"Es normal tener esa inquietud, revisemos alternativas.",objecion,0,tibio,1
L01528,CHUCK_10,Te comparto los beneficios para tu caso de uso.,consulta_producto,0,frio,0
L01529,CHUCK_10,Te explico las caracteristicas principales del producto.,consulta_producto,0,frio,0
L01530,CHUCK_02,"Si, te puedo detallar precios y promociones vigentes.",consulta_precio,1,tibio,1
L01531,CHUCK_10,Te escribo para dar seguimiento a tu interes.,seguimiento,0,frio,0
L01532,CHUCK_01,Te explico las caracteristicas principales del producto.,consulta_producto,0,tibio,1
L01533,CHUCK_01,Este producto incluye soporte y configuracion inicial.,consulta_producto,0,frio,0
L01534,CHUCK_06,"Tengo disponibilidad para demo, te paso horarios.",agendar_demo,0,caliente,2
L01535,CHUCK_01,Podemos resolver esa objecion con una opcion mas flexible.,objecion,0,frio,0
L01536,CHUCK_10,"Perfecto, te comparto el link de pago para cerrar la compra.",compra,0,caliente,2
L01537,CHUCK_03,Te escribo para dar seguimiento a tu interes.,seguimiento,0,frio,0
L01538,CHUCK_05,"Claro, te comparto el precio actualizado del plan.",consulta_precio,1,tibio,1
L01539,CHUCK_09,Este producto incluye soporte y configuracion inicial.,consulta_producto,0,frio,0
L01540,CHUCK_01,Te escribo para dar seguimiento a tu interes.,seguimiento,0,tibio,1
L01541,CHUCK_02,"Claro, te comparto el precio actualizado del plan.",consulta_precio,1,tibio,1
L01542,CHUCK_02,Te comparto los beneficios para tu caso de uso.,consulta_producto,1,frio,0
L01543,CHUCK_03,Te explico las caracteristicas principales del producto.,consulta_producto,0,frio,0
L01544,CHUCK_08,Te comparo este plan frente a otras alternativas del mercado.,comparacion,0,caliente,2
L01545,CHUCK_03,Retomo la conversacion para ayudarte con la decision.,seguimiento,1,tibio,1
L01546,CHUCK_02,"Si quieres, te envio una tabla comparativa clara.",comparacion,0,tibio,1
L01547,CHUCK_05,"Tenemos stock disponible, puedo procesar tu compra en este momento.",compra,1,caliente,2
L01548,CHUCK_04,"Perfecto, te comparto el link de pago para cerrar la compra.",compra,1,caliente,2
L01549,CHUCK_09,"En relacion calidad-precio, esta opcion destaca por soporte y resultados.",comparacion,0,tibio,1
L01550,CHUCK_09,"Si te parece, coordinamos una demostracion personalizada.",agendar_demo,0,tibio,1
L01551,CHUCK_06,"Tenemos stock disponible, puedo procesar tu compra en este momento.",compra,0,caliente,2
L01552,CHUCK_03,Vamos a revisar ese inconveniente para resolverlo rapido.,soporte,1,frio,0
L01553,CHUCK_09,Retomo la conversacion para ayudarte con la decision.,seguimiento,1,tibio,1
L01554,CHUCK_04,"Es normal tener esa inquietud, revisemos alternativas.",objecion,0,tibio,1
L01555,CHUCK_05,Este producto incluye soporte y configuracion inicial.,consulta_producto,1,frio,0
L01556,CHUCK_03,"Hola, gracias por contactarnos. Como puedo ayudarte hoy?",saludo,1,frio,0
L01557,CHUCK_09,"El costo depende del paquete, te paso las opciones de precio.",consulta_precio,1,caliente,2
L01558,CHUCK_08,"Si, te puedo detallar precios y promociones vigentes.",consulta_precio,1,caliente,2
L01559,CHUCK_02,"Perfecto, te comparto el link de pago para cerrar la compra.",compra,0,caliente,2
L01560,CHUCK_09,Puedo guiarte para solucionar el problema ahora mismo.,soporte,0,frio,0
L01561,CHUCK_05,Este producto incluye soporte y configuracion inicial.,consulta_producto,0,frio,0
L01562,CHUCK_07,Te comparo este plan frente a otras alternativas del mercado.,comparacion,0,tibio,1
L01563,CHUCK_03,"Gracias por tu tiempo, quedo atento a cualquier consulta.",despedida,0,frio,0
L01564,CHUCK_07,"Claro, te comparto el precio actualizado del plan.",consulta_precio,1,caliente,2
L01565,CHUCK_05,"Hola, gracias por contactarnos. Como puedo ayudarte hoy?",saludo,0,frio,0
L01566,CHUCK_01,Puedo guiarte para solucionar el problema ahora mismo.,soporte,0,frio,0
L01567,CHUCK_10,Te ayudo con soporte tecnico paso a paso.,soporte,0,frio,0
L01568,CHUCK_09,"Perfecto, te comparto el link de pago para cerrar la compra.",compra,1,tibio,1
L01569,CHUCK_10,Podemos resolver esa objecion con una opcion mas flexible.,objecion,1,tibio,1
L01570,CHUCK_04,"Perfecto, te comparto el link de pago para cerrar la compra.",compra,0,caliente,2
L01571,CHUCK_01,Puedo guiarte para solucionar el problema ahora mismo.,soporte,0,frio,0
L01572,CHUCK_02,Podemos resolver esa objecion con una opcion mas flexible.,objecion,0,tibio,1
L01573,CHUCK_05,Te comparo este plan frente a otras alternativas del mercado.,comparacion,1,caliente,2
L01574,CHUCK_02,"Hola, un gusto saludarte. En que te asesoro?",saludo,0,frio,0
L01575,CHUCK_05,"Perfecto, hablamos pronto. Que tengas excelente dia.",despedida,0,frio,0
L01576,CHUCK_06,"Excelente decision, te ayudo a completar tu compra ahora.",compra,1,caliente,2
L01577,CHUCK_04,Te comparto los beneficios para tu caso de uso.,consulta_producto,0,tibio,1
L01578,CHUCK_08,"Hola, gracias por contactarnos. Como puedo ayudarte hoy?",saludo,0,frio,0
L01579,CHUCK_07,"Si te parece, coordinamos una demostracion personalizada.",agendar_demo,0,tibio,1
L01580,CHUCK_08,"Hola, un gusto saludarte. En que te asesoro?",saludo,0,frio,0
L01581,CHUCK_03,Retomo la conversacion para ayudarte con la decision.,seguimiento,1,tibio,1
L01582,CHUCK_02,Te comparo este plan frente a otras alternativas del mercado.,comparacion,1,tibio,1
L01583,CHUCK_02,Te comparto los beneficios para tu caso de uso.,consulta_producto,0,frio,0
L01584,CHUCK_03,Te explico las caracteristicas principales del producto.,consulta_producto,0,tibio,1
L01585,CHUCK_02,Vamos a revisar ese inconveniente para resolverlo rapido.,soporte,0,frio,0
L01586,CHUCK_04,"Si te parece, coordinamos una demostracion personalizada.",agendar_demo,0,caliente,2
L01587,CHUCK_07,Te ayudo con soporte tecnico paso a paso.,soporte,0,frio,0
L01588,CHUCK_01,Te comparto los beneficios para tu caso de uso.,consulta_producto,0,tibio,1
L01589,CHUCK_03,Retomo la conversacion para ayudarte con la decision.,seguimiento,0,tibio,1
L01590,CHUCK_07,Retomo la conversacion para ayudarte con la decision.,seguimiento,0,tibio,1
L01591,CHUCK_07,"Tenemos stock disponible, puedo procesar tu compra en este momento.",compra,0,caliente,2
L01592,CHUCK_07,Te comparto los beneficios para tu caso de uso.,consulta_producto,0,frio,0
L01593,CHUCK_08,"Tengo disponibilidad para demo, te paso horarios.",agendar_demo,0,caliente,2
L01594,CHUCK_05,Este producto incluye soporte y configuracion inicial.,consulta_producto,0,tibio,1
L01595,CHUCK_06,Te comparto los beneficios para tu caso de uso.,consulta_producto,0,frio,0
L01596,CHUCK_08,"Tenemos stock disponible, puedo procesar tu compra en este momento.",compra,0,caliente,2
L01597,CHUCK_01,Te escribo para dar seguimiento a tu interes.,seguimiento,0,tibio,1
L01598,CHUCK_04,Te ayudo con soporte tecnico paso a paso.,soporte,1,frio,0
L01599,CHUCK_07,Te explico las caracteristicas principales del producto.,consulta_producto,0,tibio,1
L01600,CHUCK_09,"Claro, te comparto el precio actualizado del plan.",consulta_precio,1,tibio,1
L01601,CHUCK_01,Quedo atento para continuar cuando te venga bien.,seguimiento,0,frio,0
L01602,CHUCK_02,"Es normal tener esa inquietud, revisemos alternativas.",objecion,0,tibio,1
L01603,CHUCK_08,Te comparto los beneficios para tu caso de uso.,consulta_producto,0,frio,0
L01604,CHUCK_06,Te explico las caracteristicas principales del producto.,consulta_producto,0,tibio,1
L01605,CHUCK_04,Te comparto los beneficios para tu caso de uso.,consulta_producto,0,tibio,1
L01606,CHUCK_05,Puedo guiarte para solucionar el problema ahora mismo.,soporte,0,frio,0
L01607,CHUCK_06,"Si, te puedo detallar precios y promociones vigentes.",consulta_precio,1,tibio,1
L01608,CHUCK_01,"Tengo disponibilidad para demo, te paso horarios.",agendar_demo,0,tibio,1
L01609,CHUCK_01,"El costo depende del paquete, te paso las opciones de precio.",consulta_precio,1,tibio,1
L01610,CHUCK_05,"El costo depende del paquete, te paso las opciones de precio.",consulta_precio,1,caliente,2
L01611,CHUCK_08,Este producto incluye soporte y configuracion inicial.,consulta_producto,0,frio,0
L01612,CHUCK_07,"Entiendo tu duda, te aclaro ese punto para que decidas con confianza.",objecion,0,tibio,1
L01613,CHUCK_09,Te escribo para dar seguimiento a tu interes.,seguimiento,0,tibio,1
L01614,CHUCK_08,"Claro, te comparto el precio actualizado del plan.",consulta_precio,1,caliente,2
L01615,CHUCK_03,"El costo depende del paquete, te paso las opciones de precio.",consulta_precio,1,caliente,2
L01616,CHUCK_05,"Excelente decision, te ayudo a completar tu compra ahora.",compra,1,caliente,2
L01617,CHUCK_06,"Si, te puedo detallar precios y promociones vigentes.",consulta_precio,1,tibio,1
L01618,CHUCK_03,Quedo atento para continuar cuando te venga bien.,seguimiento,0,tibio,1
L01619,CHUCK_02,"Excelente decision, te ayudo a completar tu compra ahora.",compra,1,caliente,2
L01620,CHUCK_07,"El costo depende del paquete, te paso las opciones de precio.",consulta_precio,1,tibio,1
L01621,CHUCK_06,Podemos agendar una demo de 20 minutos esta semana.,agendar_demo,0,tibio,1
L01622,CHUCK_02,Te comparo este plan frente a otras alternativas del mercado.,comparacion,1,tibio,1
L01623,CHUCK_03,Quedo atento para continuar cuando te venga bien.,seguimiento,0,tibio,1
L01624,CHUCK_04,Este producto incluye soporte y configuracion inicial.,consulta_producto,0,frio,0
L01625,CHUCK_06,"Excelente decision, te ayudo a completar tu compra ahora.",compra,1,caliente,2
L01626,CHUCK_09,Te explico las caracteristicas principales del producto.,consulta_producto,0,tibio,1
L01627,CHUCK_04,Te explico las caracteristicas principales del producto.,consulta_producto,1,frio,0
L01628,CHUCK_02,"Hola, un gusto saludarte. En que te asesoro?",saludo,0,frio,0
L01629,CHUCK_05,"Si, te puedo detallar precios y promociones vigentes.",consulta_precio,1,caliente,2
L01630,CHUCK_08,Este producto incluye soporte y configuracion inicial.,consulta_producto,0,frio,0
L01631,CHUCK_08,Vamos a revisar ese inconveniente para resolverlo rapido.,soporte,0,frio,0
L01632,CHUCK_01,"Excelente decision, te ayudo a completar tu compra ahora.",compra,0,caliente,2
L01633,CHUCK_10,"Si, te puedo detallar precios y promociones vigentes.",consulta_precio,1,caliente,2
L01634,CHUCK_02,"El costo depende del paquete, te paso las opciones de precio.",consulta_precio,1,tibio,1
L01635,CHUCK_06,"Si, te puedo detallar precios y promociones vigentes.",consulta_precio,1,tibio,1
L01636,CHUCK_05,"Es normal tener esa inquietud, revisemos alternativas.",objecion,0,tibio,1
L01637,CHUCK_03,Quedo atento para continuar cuando te venga bien.,seguimiento,0,frio,0
L01638,CHUCK_04,Te ayudo con soporte tecnico paso a paso.,soporte,0,frio,0
L01639,CHUCK_08,"Claro, te comparto el precio actualizado del plan.",consulta_precio,1,tibio,1
L01640,CHUCK_08,"Tengo disponibilidad para demo, te paso horarios.",agendar_demo,0,tibio,1
L01641,CHUCK_04,"Perfecto, te comparto el link de pago para cerrar la compra.",compra,1,tibio,1
L01642,CHUCK_03,"Tenemos stock disponible, puedo procesar tu compra en este momento.",compra,1,caliente,2
L01643,CHUCK_09,"Perfecto, te comparto el link de pago para cerrar la compra.",compra,0,caliente,2
L01644,CHUCK_07,"Excelente decision, te ayudo a completar tu compra ahora.",compra,0,caliente,2
L01645,CHUCK_05,"Tenemos stock disponible, puedo procesar tu compra en este momento.",compra,0,caliente,2
L01646,CHUCK_07,"Tengo disponibilidad para demo, te paso horarios.",agendar_demo,0,caliente,2
L01647,CHUCK_03,Quedo atento para continuar cuando te venga bien.,seguimiento,0,tibio,1
L01648,CHUCK_10,"Si, te puedo detallar precios y promociones vigentes.",consulta_precio,1,caliente,2
L01649,CHUCK_03,Te comparto los beneficios para tu caso de uso.,consulta_producto,0,tibio,1
L01650,CHUCK_08,"Claro, te comparto el precio actualizado del plan.",consulta_precio,1,tibio,1
L01651,CHUCK_08,Podemos resolver esa objecion con una opcion mas flexible.,objecion,0,tibio,1
L01652,CHUCK_02,"Tengo disponibilidad para demo, te paso horarios.",agendar_demo,0,tibio,1
L01653,CHUCK_04,Te escribo para dar seguimiento a tu interes.,seguimiento,0,tibio,1
L01654,CHUCK_09,"Perfecto, hablamos pronto. Que tengas excelente dia.",despedida,0,frio,0
L01655,CHUCK_01,"Excelente decision, te ayudo a completar tu compra ahora.",compra,1,caliente,2
L01656,CHUCK_08,Te explico las caracteristicas principales del producto.,consulta_producto,0,frio,0
L01657,CHUCK_06,"El costo depende del paquete, te paso las opciones de precio.",consulta_precio,1,tibio,1
L01658,CHUCK_04,"Bienvenido, estoy para ayudarte con toda la informacion.",saludo,0,frio,0
L01659,CHUCK_02,Este producto incluye soporte y configuracion inicial.,consulta_producto,0,frio,0
L01660,CHUCK_06,"Tengo disponibilidad para demo, te paso horarios.",agendar_demo,0,tibio,1
L01661,CHUCK_08,Podemos agendar una demo de 20 minutos esta semana.,agendar_demo,0,caliente,2
L01662,CHUCK_09,Vamos a revisar ese inconveniente para resolverlo rapido.,soporte,0,frio,0
L01663,CHUCK_01,"Perfecto, te comparto el link de pago para cerrar la compra.",compra,0,tibio,1
L01664,CHUCK_08,Quedo atento para continuar cuando te venga bien.,seguimiento,0,tibio,1
L01665,CHUCK_06,"Entiendo tu duda, te aclaro ese punto para que decidas con confianza.",objecion,0,tibio,1
L01666,CHUCK_01,Te comparo este plan frente a otras alternativas del mercado.,comparacion,1,tibio,1
L01667,CHUCK_08,"Excelente decision, te ayudo a completar tu compra ahora.",compra,1,tibio,1
L01668,CHUCK_01,"Excelente decision, te ayudo a completar tu compra ahora.",compra,0,caliente,2
L01669,CHUCK_10,Te comparo este plan frente a otras alternativas del mercado.,comparacion,1,tibio,1
L01670,CHUCK_01,"Tenemos stock disponible, puedo procesar tu compra en este momento.",compra,0,caliente,2
L01671,CHUCK_01,"Excelente decision, te ayudo a completar tu compra ahora.",compra,0,caliente,2
L01672,CHUCK_07,"Tengo disponibilidad para demo, te paso horarios.",agendar_demo,0,tibio,1
L01673,CHUCK_02,"Si, te puedo detallar precios y promociones vigentes.",consulta_precio,1,caliente,2
L01674,CHUCK_06,"Es normal tener esa inquietud, revisemos alternativas.",objecion,0,frio,0
L01675,CHUCK_04,Te comparto los beneficios para tu caso de uso.,consulta_producto,0,tibio,1
L01676,CHUCK_01,"Perfecto, hablamos pronto. Que tengas excelente dia.",despedida,0,frio,0
L01677,CHUCK_10,"Hola, un gusto saludarte. En que te asesoro?",saludo,0,frio,0
L01678,CHUCK_09,"Tenemos stock disponible, puedo procesar tu compra en este momento.",compra,0,caliente,2
L01679,CHUCK_08,"Excelente decision, te ayudo a completar tu compra ahora.",compra,0,caliente,2
L01680,CHUCK_04,"Tengo disponibilidad para demo, te paso horarios.",agendar_demo,0,tibio,1
L01681,CHUCK_10,"El costo depende del paquete, te paso las opciones de precio.",consulta_precio,1,caliente,2
L01682,CHUCK_01,Te escribo para dar seguimiento a tu interes.,seguimiento,0,tibio,1
L01683,CHUCK_05,"Gracias por tu tiempo, quedo atento a cualquier consulta.",despedida,0,frio,0
L01684,CHUCK_02,Retomo la conversacion para ayudarte con la decision.,seguimiento,0,tibio,1
L01685,CHUCK_02,Te comparto los beneficios para tu caso de uso.,consulta_producto,0,frio,0
L01686,CHUCK_03,"En relacion calidad-precio, esta opcion destaca por soporte y resultados.",comparacion,1,tibio,1
L01687,CHUCK_02,Este producto incluye soporte y configuracion inicial.,consulta_producto,0,tibio,1
L01688,CHUCK_02,"Perfecto, te comparto el link de pago para cerrar la compra.",compra,0,tibio,1
L01689,CHUCK_09,Podemos resolver esa objecion con una opcion mas flexible.,objecion,0,tibio,1
L01690,CHUCK_03,"Si, te puedo detallar precios y promociones vigentes.",consulta_precio,1,tibio,1
L01691,CHUCK_03,"Entiendo tu duda, te aclaro ese punto para que decidas con confianza.",objecion,0,tibio,1
L01692,CHUCK_02,"Si, te puedo detallar precios y promociones vigentes.",consulta_precio,1,caliente,2
L01693,CHUCK_06,"Bienvenido, estoy para ayudarte con toda la informacion.",saludo,0,frio,0
L01694,CHUCK_10,"El costo depende del paquete, te paso las opciones de precio.",consulta_precio,1,tibio,1
L01695,CHUCK_10,Este producto incluye soporte y configuracion inicial.,consulta_producto,0,tibio,1
L01696,CHUCK_06,Retomo la conversacion para ayudarte con la decision.,seguimiento,0,tibio,1
L01697,CHUCK_04,"Si quieres, te envio una tabla comparativa clara.",comparacion,1,tibio,1
L01698,CHUCK_03,"Si, te puedo detallar precios y promociones vigentes.",consulta_precio,1,caliente,2
L01699,CHUCK_05,"Hola, un gusto saludarte. En que te asesoro?",saludo,0,frio,0
L01700,CHUCK_08,"Hola, gracias por contactarnos. Como puedo ayudarte hoy?",saludo,0,frio,0
L01701,CHUCK_06,"Entiendo tu duda, te aclaro ese punto para que decidas con confianza.",objecion,1,tibio,1
L01702,CHUCK_09,"El costo depende del paquete, te paso las opciones de precio.",consulta_precio,1,tibio,1
L01703,CHUCK_05,"Tenemos stock disponible, puedo procesar tu compra en este momento.",compra,1,caliente,2
L01704,CHUCK_01,Quedo atento para continuar cuando te venga bien.,seguimiento,0,tibio,1
L01705,CHUCK_06,Quedo atento para continuar cuando te venga bien.,seguimiento,0,frio,0
L01706,CHUCK_07,Fue un gusto ayudarte. Estoy disponible cuando lo necesites.,despedida,0,frio,0
L01707,CHUCK_01,Este producto incluye soporte y configuracion inicial.,consulta_producto,0,tibio,1
L01708,CHUCK_07,"Si te parece, coordinamos una demostracion personalizada.",agendar_demo,0,tibio,1
L01709,CHUCK_09,"Tenemos stock disponible, puedo procesar tu compra en este momento.",compra,1,caliente,2
L01710,CHUCK_10,Fue un gusto ayudarte. Estoy disponible cuando lo necesites.,despedida,0,frio,0
L01711,CHUCK_02,"Excelente decision, te ayudo a completar tu compra ahora.",compra,1,tibio,1
L01712,CHUCK_06,Quedo atento para continuar cuando te venga bien.,seguimiento,0,tibio,1
L01713,CHUCK_01,Podemos resolver esa objecion con una opcion mas flexible.,objecion,0,tibio,1
L01714,CHUCK_07,"El costo depende del paquete, te paso las opciones de precio.",consulta_precio,1,tibio,1
L01715,CHUCK_06,"Si te parece, coordinamos una demostracion personalizada.",agendar_demo,0,caliente,2
L01716,CHUCK_06,"Hola, gracias por contactarnos. Como puedo ayudarte hoy?",saludo,0,frio,0
L01717,CHUCK_09,"Es normal tener esa inquietud, revisemos alternativas.",objecion,1,tibio,1
L01718,CHUCK_10,"Bienvenido, estoy para ayudarte con toda la informacion.",saludo,0,frio,0
L01719,CHUCK_07,"Tengo disponibilidad para demo, te paso horarios.",agendar_demo,0,tibio,1
L01720,CHUCK_01,"Si, te puedo detallar precios y promociones vigentes.",consulta_precio,1,tibio,1
L01721,CHUCK_02,"Gracias por tu tiempo, quedo atento a cualquier consulta.",despedida,0,frio,0
L01722,CHUCK_01,"Tenemos stock disponible, puedo procesar tu compra en este momento.",compra,1,caliente,2
L01723,CHUCK_04,"Perfecto, te comparto el link de pago para cerrar la compra.",compra,0,caliente,2
L01724,CHUCK_02,Te comparo este plan frente a otras alternativas del mercado.,comparacion,0,tibio,1
L01725,CHUCK_10,"Tengo disponibilidad para demo, te paso horarios.",agendar_demo,0,caliente,2
L01726,CHUCK_02,"El costo depende del paquete, te paso las opciones de precio.",consulta_precio,1,tibio,1
L01727,CHUCK_07,"El costo depende del paquete, te paso las opciones de precio.",consulta_precio,1,tibio,1
L01728,CHUCK_01,Podemos agendar una demo de 20 minutos esta semana.,agendar_demo,0,tibio,1
L01729,CHUCK_05,"Entiendo tu duda, te aclaro ese punto para que decidas con confianza.",objecion,0,frio,0
L01730,CHUCK_07,"Es normal tener esa inquietud, revisemos alternativas.",objecion,0,tibio,1
L01731,CHUCK_03,"Perfecto, hablamos pronto. Que tengas excelente dia.",despedida,0,frio,0
L01732,CHUCK_09,"Si quieres, te envio una tabla comparativa clara.",comparacion,1,tibio,1
L01733,CHUCK_04,"Bienvenido, estoy para ayudarte con toda la informacion.",saludo,0,frio,0
L01734,CHUCK_07,Este producto incluye soporte y configuracion inicial.,consulta_producto,0,frio,0
L01735,CHUCK_05,"Si, te puedo detallar precios y promociones vigentes.",consulta_precio,1,tibio,1
L01736,CHUCK_06,"El costo depende del paquete, te paso las opciones de precio.",consulta_precio,1,tibio,1
L01737,CHUCK_03,"Claro, te comparto el precio actualizado del plan.",consulta_precio,1,tibio,1
L01738,CHUCK_10,"Perfecto, te comparto el link de pago para cerrar la compra.",compra,0,caliente,2
L01739,CHUCK_03,"Entiendo tu duda, te aclaro ese punto para que decidas con confianza.",objecion,0,frio,0
L01740,CHUCK_06,"Excelente decision, te ayudo a completar tu compra ahora.",compra,1,caliente,2
L01741,CHUCK_08,"Perfecto, te comparto el link de pago para cerrar la compra.",compra,0,caliente,2
L01742,CHUCK_04,Retomo la conversacion para ayudarte con la decision.,seguimiento,0,tibio,1
L01743,CHUCK_04,"Si, te puedo detallar precios y promociones vigentes.",consulta_precio,1,tibio,1
L01744,CHUCK_08,"Excelente decision, te ayudo a completar tu compra ahora.",compra,1,caliente,2
L01745,CHUCK_02,"Excelente decision, te ayudo a completar tu compra ahora.",compra,1,tibio,1
L01746,CHUCK_01,Este producto incluye soporte y configuracion inicial.,consulta_producto,0,frio,0
L01747,CHUCK_07,Te ayudo con soporte tecnico paso a paso.,soporte,1,frio,0
L01748,CHUCK_10,"Tenemos stock disponible, puedo procesar tu compra en este momento.",compra,1,caliente,2
L01749,CHUCK_04,"Es normal tener esa inquietud, revisemos alternativas.",objecion,0,frio,0
L01750,CHUCK_06,"Entiendo tu duda, te aclaro ese punto para que decidas con confianza.",objecion,0,tibio,1
L01751,CHUCK_02,Fue un gusto ayudarte. Estoy disponible cuando lo necesites.,despedida,1,frio,0
L01752,CHUCK_08,"Es normal tener esa inquietud, revisemos alternativas.",objecion,0,frio,0
L01753,CHUCK_05,"Entiendo tu duda, te aclaro ese punto para que decidas con confianza.",objecion,0,frio,0
L01754,CHUCK_06,"Perfecto, te comparto el link de pago para cerrar la compra.",compra,1,caliente,2
L01755,CHUCK_04,"Claro, te comparto el precio actualizado del plan.",consulta_precio,1,tibio,1
L01756,CHUCK_03,"Perfecto, te comparto el link de pago para cerrar la compra.",compra,1,caliente,2
L01757,CHUCK_06,"Claro, te comparto el precio actualizado del plan.",consulta_precio,1,caliente,2
L01758,CHUCK_01,"Si, te puedo detallar precios y promociones vigentes.",consulta_precio,1,caliente,2
L01759,CHUCK_10,"El costo depende del paquete, te paso las opciones de precio.",consulta_precio,1,caliente,2
L01760,CHUCK_01,Este producto incluye soporte y configuracion inicial.,consulta_producto,0,tibio,1
L01761,CHUCK_08,"Excelente decision, te ayudo a completar tu compra ahora.",compra,0,caliente,2
L01762,CHUCK_04,Te explico las caracteristicas principales del producto.,consulta_producto,0,tibio,1
L01763,CHUCK_04,"Excelente decision, te ayudo a completar tu compra ahora.",compra,0,caliente,2
L01764,CHUCK_05,"Bienvenido, estoy para ayudarte con toda la informacion.",saludo,0,frio,0
L01765,CHUCK_10,Este producto incluye soporte y configuracion inicial.,consulta_producto,0,tibio,1
L01766,CHUCK_06,Te comparto los beneficios para tu caso de uso.,consulta_producto,0,frio,0
L01767,CHUCK_09,"El costo depende del paquete, te paso las opciones de precio.",consulta_precio,1,tibio,1
L01768,CHUCK_04,"Es normal tener esa inquietud, revisemos alternativas.",objecion,0,tibio,1
L01769,CHUCK_05,"El costo depende del paquete, te paso las opciones de precio.",consulta_precio,1,caliente,2
L01770,CHUCK_02,"Perfecto, te comparto el link de pago para cerrar la compra.",compra,0,caliente,2
L01771,CHUCK_04,"El costo depende del paquete, te paso las opciones de precio.",consulta_precio,1,caliente,2
L01772,CHUCK_03,"Es normal tener esa inquietud, revisemos alternativas.",objecion,0,tibio,1
L01773,CHUCK_02,"Claro, te comparto el precio actualizado del plan.",consulta_precio,1,caliente,2
L01774,CHUCK_04,Quedo atento para continuar cuando te venga bien.,seguimiento,1,frio,0
L01775,CHUCK_04,Te escribo para dar seguimiento a tu interes.,seguimiento,0,frio,0
L01776,CHUCK_07,Podemos resolver esa objecion con una opcion mas flexible.,objecion,0,frio,0
L01777,CHUCK_08,Te escribo para dar seguimiento a tu interes.,seguimiento,0,tibio,1
L01778,CHUCK_07,"Es normal tener esa inquietud, revisemos alternativas.",objecion,0,frio,0
L01779,CHUCK_08,Te comparto los beneficios para tu caso de uso.,consulta_producto,0,frio,0
L01780,CHUCK_10,"Perfecto, te comparto el link de pago para cerrar la compra.",compra,1,caliente,2
L01781,CHUCK_10,"Si, te puedo detallar precios y promociones vigentes.",consulta_precio,1,tibio,1
L01782,CHUCK_02,"Si, te puedo detallar precios y promociones vigentes.",consulta_precio,1,tibio,1
L01783,CHUCK_08,"Tenemos stock disponible, puedo procesar tu compra en este momento.",compra,0,caliente,2
L01784,CHUCK_01,"En relacion calidad-precio, esta opcion destaca por soporte y resultados.",comparacion,1,tibio,1
L01785,CHUCK_05,"En relacion calidad-precio, esta opcion destaca por soporte y resultados.",comparacion,0,tibio,1
L01786,CHUCK_06,Podemos resolver esa objecion con una opcion mas flexible.,objecion,0,tibio,1
L01787,CHUCK_02,"Si, te puedo detallar precios y promociones vigentes.",consulta_precio,1,caliente,2
L01788,CHUCK_07,"Si quieres, te envio una tabla comparativa clara.",comparacion,1,caliente,2
L01789,CHUCK_04,"Perfecto, te comparto el link de pago para cerrar la compra.",compra,0,caliente,2
L01790,CHUCK_02,Vamos a revisar ese inconveniente para resolverlo rapido.,soporte,0,frio,0
L01791,CHUCK_09,"Tengo disponibilidad para demo, te paso horarios.",agendar_demo,0,tibio,1
L01792,CHUCK_01,"En relacion calidad-precio, esta opcion destaca por soporte y resultados.",comparacion,1,caliente,2
L01793,CHUCK_03,"Entiendo tu duda, te aclaro ese punto para que decidas con confianza.",objecion,0,tibio,1
L01794,CHUCK_04,Podemos agendar una demo de 20 minutos esta semana.,agendar_demo,0,caliente,2
L01795,CHUCK_04,Retomo la conversacion para ayudarte con la decision.,seguimiento,0,tibio,1
L01796,CHUCK_06,"Perfecto, te comparto el link de pago para cerrar la compra.",compra,1,caliente,2
L01797,CHUCK_06,"Si quieres, te envio una tabla comparativa clara.",comparacion,1,tibio,1
L01798,CHUCK_02,Este producto incluye soporte y configuracion inicial.,consulta_producto,0,tibio,1
L01799,CHUCK_04,"Perfecto, te comparto el link de pago para cerrar la compra.",compra,1,caliente,2
L01800,CHUCK_02,"Hola, un gusto saludarte. En que te asesoro?",saludo,0,frio,0
L01801,CHUCK_03,Te explico las caracteristicas principales del producto.,consulta_producto,0,tibio,1
L01802,CHUCK_01,"Tenemos stock disponible, puedo procesar tu compra en este momento.",compra,0,caliente,2
L01803,CHUCK_07,"En relacion calidad-precio, esta opcion destaca por soporte y resultados.",comparacion,1,tibio,1
L01804,CHUCK_04,"Gracias por tu tiempo, quedo atento a cualquier consulta.",despedida,0,frio,0
L01805,CHUCK_03,"Es normal tener esa inquietud, revisemos alternativas.",objecion,0,tibio,1
L01806,CHUCK_05,Vamos a revisar ese inconveniente para resolverlo rapido.,soporte,0,frio,0
L01807,CHUCK_07,"Es normal tener esa inquietud, revisemos alternativas.",objecion,0,tibio,1
L01808,CHUCK_06,Te comparto los beneficios para tu caso de uso.,consulta_producto,0,tibio,1
L01809,CHUCK_02,"Entiendo tu duda, te aclaro ese punto para que decidas con confianza.",objecion,0,tibio,1
L01810,CHUCK_07,"Si, te puedo detallar precios y promociones vigentes.",consulta_precio,1,caliente,2
L01811,CHUCK_09,"Perfecto, hablamos pronto. Que tengas excelente dia.",despedida,0,frio,0
L01812,CHUCK_06,Este producto incluye soporte y configuracion inicial.,consulta_producto,0,frio,0
L01813,CHUCK_10,Vamos a revisar ese inconveniente para resolverlo rapido.,soporte,0,frio,0
L01814,CHUCK_02,"Si te parece, coordinamos una demostracion personalizada.",agendar_demo,0,tibio,1
L01815,CHUCK_07,Te explico las caracteristicas principales del producto.,consulta_producto,0,tibio,1
L01816,CHUCK_01,Te escribo para dar seguimiento a tu interes.,seguimiento,0,tibio,1
L01817,CHUCK_09,"Excelente decision, te ayudo a completar tu compra ahora.",compra,0,caliente,2
L01818,CHUCK_09,Te explico las caracteristicas principales del producto.,consulta_producto,0,tibio,1
L01819,CHUCK_06,Te escribo para dar seguimiento a tu interes.,seguimiento,0,frio,0
L01820,CHUCK_04,Te comparto los beneficios para tu caso de uso.,consulta_producto,0,tibio,1
L01821,CHUCK_02,"El costo depende del paquete, te paso las opciones de precio.",consulta_precio,1,tibio,1
L01822,CHUCK_10,Te comparo este plan frente a otras alternativas del mercado.,comparacion,0,tibio,1
L01823,CHUCK_01,"Gracias por tu tiempo, quedo atento a cualquier consulta.",despedida,0,frio,0
L01824,CHUCK_09,Te escribo para dar seguimiento a tu interes.,seguimiento,0,tibio,1
L01825,CHUCK_07,Te comparo este plan frente a otras alternativas del mercado.,comparacion,1,tibio,1
L01826,CHUCK_09,Este producto incluye soporte y configuracion inicial.,consulta_producto,0,tibio,1
L01827,CHUCK_03,"Perfecto, hablamos pronto. Que tengas excelente dia.",despedida,0,frio,0
L01828,CHUCK_08,"Claro, te comparto el precio actualizado del plan.",consulta_precio,1,tibio,1
L01829,CHUCK_08,Podemos agendar una demo de 20 minutos esta semana.,agendar_demo,0,caliente,2
L01830,CHUCK_04,"Si, te puedo detallar precios y promociones vigentes.",consulta_precio,1,tibio,1
L01831,CHUCK_01,"Tenemos stock disponible, puedo procesar tu compra en este momento.",compra,1,tibio,1
L01832,CHUCK_07,Quedo atento para continuar cuando te venga bien.,seguimiento,0,frio,0
L01833,CHUCK_06,"Si quieres, te envio una tabla comparativa clara.",comparacion,1,caliente,2
L01834,CHUCK_03,"Es normal tener esa inquietud, revisemos alternativas.",objecion,0,tibio,1
L01835,CHUCK_02,"Bienvenido, estoy para ayudarte con toda la informacion.",saludo,0,frio,0
L01836,CHUCK_04,"Perfecto, te comparto el link de pago para cerrar la compra.",compra,0,caliente,2
L01837,CHUCK_06,"Tenemos stock disponible, puedo procesar tu compra en este momento.",compra,1,caliente,2
L01838,CHUCK_10,"Perfecto, te comparto el link de pago para cerrar la compra.",compra,0,tibio,1
L01839,CHUCK_05,Podemos resolver esa objecion con una opcion mas flexible.,objecion,0,tibio,1
L01840,CHUCK_06,"Entiendo tu duda, te aclaro ese punto para que decidas con confianza.",objecion,0,tibio,1
L01841,CHUCK_03,"Hola, gracias por contactarnos. Como puedo ayudarte hoy?",saludo,0,frio,0
L01842,CHUCK_04,"El costo depende del paquete, te paso las opciones de precio.",consulta_precio,1,caliente,2
L01843,CHUCK_10,"Hola, gracias por contactarnos. Como puedo ayudarte hoy?",saludo,0,frio,0
L01844,CHUCK_08,Podemos agendar una demo de 20 minutos esta semana.,agendar_demo,0,tibio,1
L01845,CHUCK_05,"El costo depende del paquete, te paso las opciones de precio.",consulta_precio,1,caliente,2
L01846,CHUCK_02,Te escribo para dar seguimiento a tu interes.,seguimiento,0,frio,0
L01847,CHUCK_10,"Si, te puedo detallar precios y promociones vigentes.",consulta_precio,1,caliente,2
L01848,CHUCK_09,Te comparto los beneficios para tu caso de uso.,consulta_producto,0,tibio,1
L01849,CHUCK_03,"En relacion calidad-precio, esta opcion destaca por soporte y resultados.",comparacion,0,caliente,2
L01850,CHUCK_10,"Es normal tener esa inquietud, revisemos alternativas.",objecion,0,frio,0
L01851,CHUCK_10,Podemos resolver esa objecion con una opcion mas flexible.,objecion,0,frio,0
L01852,CHUCK_03,"En relacion calidad-precio, esta opcion destaca por soporte y resultados.",comparacion,1,tibio,1
L01853,CHUCK_08,Este producto incluye soporte y configuracion inicial.,consulta_producto,0,tibio,1
L01854,CHUCK_10,Este producto incluye soporte y configuracion inicial.,consulta_producto,0,tibio,1
L01855,CHUCK_07,"Perfecto, te comparto el link de pago para cerrar la compra.",compra,1,caliente,2
L01856,CHUCK_07,"Si te parece, coordinamos una demostracion personalizada.",agendar_demo,0,tibio,1
L01857,CHUCK_07,"Entiendo tu duda, te aclaro ese punto para que decidas con confianza.",objecion,0,tibio,1
L01858,CHUCK_07,Retomo la conversacion para ayudarte con la decision.,seguimiento,0,tibio,1
L01859,CHUCK_04,"Perfecto, te comparto el link de pago para cerrar la compra.",compra,1,caliente,2
L01860,CHUCK_04,Vamos a revisar ese inconveniente para resolverlo rapido.,soporte,0,frio,0
L01861,CHUCK_02,Podemos resolver esa objecion con una opcion mas flexible.,objecion,0,tibio,1
L01862,CHUCK_07,"Si, te puedo detallar precios y promociones vigentes.",consulta_precio,1,caliente,2
L01863,CHUCK_01,"Gracias por tu tiempo, quedo atento a cualquier consulta.",despedida,0,frio,0
L01864,CHUCK_02,"Tenemos stock disponible, puedo procesar tu compra en este momento.",compra,1,caliente,2
L01865,CHUCK_04,Este producto incluye soporte y configuracion inicial.,consulta_producto,0,tibio,1
L01866,CHUCK_08,Te comparto los beneficios para tu caso de uso.,consulta_producto,0,frio,0
L01867,CHUCK_01,"Si, te puedo detallar precios y promociones vigentes.",consulta_precio,1,tibio,1
L01868,CHUCK_09,Te comparo este plan frente a otras alternativas del mercado.,comparacion,1,tibio,1
L01869,CHUCK_01,"Perfecto, te comparto el link de pago para cerrar la compra.",compra,1,caliente,2
L01870,CHUCK_01,Podemos agendar una demo de 20 minutos esta semana.,agendar_demo,0,tibio,1
L01871,CHUCK_06,"Tenemos stock disponible, puedo procesar tu compra en este momento.",compra,0,caliente,2
L01872,CHUCK_03,Este producto incluye soporte y configuracion inicial.,consulta_producto,0,tibio,1
L01873,CHUCK_05,"Claro, te comparto el precio actualizado del plan.",consulta_precio,1,tibio,1
L01874,CHUCK_03,Te comparto los beneficios para tu caso de uso.,consulta_producto,0,tibio,1
L01875,CHUCK_03,"En relacion calidad-precio, esta opcion destaca por soporte y resultados.",comparacion,0,tibio,1
L01876,CHUCK_03,Fue un gusto ayudarte. Estoy disponible cuando lo necesites.,despedida,0,frio,0
L01877,CHUCK_05,Te comparo este plan frente a otras alternativas del mercado.,comparacion,1,tibio,1
L01878,CHUCK_03,"Tengo disponibilidad para demo, te paso horarios.",agendar_demo,1,caliente,2
L01879,CHUCK_05,"Tenemos stock disponible, puedo procesar tu compra en este momento.",compra,1,caliente,2
L01880,CHUCK_08,Podemos resolver esa objecion con una opcion mas flexible.,objecion,0,frio,0
L01881,CHUCK_06,"Tenemos stock disponible, puedo procesar tu compra en este momento.",compra,0,caliente,2
L01882,CHUCK_04,"Tenemos stock disponible, puedo procesar tu compra en este momento.",compra,1,caliente,2
L01883,CHUCK_10,Te comparo este plan frente a otras alternativas del mercado.,comparacion,1,tibio,1
L01884,CHUCK_10,"En relacion calidad-precio, esta opcion destaca por soporte y resultados.",comparacion,1,tibio,1
L01885,CHUCK_07,"Gracias por tu tiempo, quedo atento a cualquier consulta.",despedida,0,frio,0
L01886,CHUCK_01,"Entiendo tu duda, te aclaro ese punto para que decidas con confianza.",objecion,1,frio,0
L01887,CHUCK_08,Te explico las caracteristicas principales del producto.,consulta_producto,0,frio,0
L01888,CHUCK_07,Te comparo este plan frente a otras alternativas del mercado.,comparacion,1,tibio,1
L01889,CHUCK_02,"En relacion calidad-precio, esta opcion destaca por soporte y resultados.",comparacion,1,tibio,1
L01890,CHUCK_03,Fue un gusto ayudarte. Estoy disponible cuando lo necesites.,despedida,0,frio,0
L01891,CHUCK_01,"Claro, te comparto el precio actualizado del plan.",consulta_precio,1,tibio,1
L01892,CHUCK_04,"Perfecto, hablamos pronto. Que tengas excelente dia.",despedida,1,frio,0
L01893,CHUCK_04,"Hola, gracias por contactarnos. Como puedo ayudarte hoy?",saludo,0,frio,0
L01894,CHUCK_04,Te escribo para dar seguimiento a tu interes.,seguimiento,0,frio,0
L01895,CHUCK_02,"Hola, un gusto saludarte. En que te asesoro?",saludo,0,frio,0
L01896,CHUCK_05,"Gracias por tu tiempo, quedo atento a cualquier consulta.",despedida,0,frio,0
L01897,CHUCK_08,"Tenemos stock disponible, puedo procesar tu compra en este momento.",compra,1,caliente,2
L01898,CHUCK_04,"Claro, te comparto el precio actualizado del plan.",consulta_precio,1,tibio,1
L01899,CHUCK_09,"Tenemos stock disponible, puedo procesar tu compra en este momento.",compra,0,caliente,2
L01900,CHUCK_01,Vamos a revisar ese inconveniente para resolverlo rapido.,soporte,0,frio,0
L01901,CHUCK_05,"Tenemos stock disponible, puedo procesar tu compra en este momento.",compra,1,tibio,1
L01902,CHUCK_10,"En relacion calidad-precio, esta opcion destaca por soporte y resultados.",comparacion,1,tibio,1
L01903,CHUCK_07,Podemos resolver esa objecion con una opcion mas flexible.,objecion,0,tibio,1
L01904,CHUCK_04,Vamos a revisar ese inconveniente para resolverlo rapido.,soporte,0,frio,0
L01905,CHUCK_03,Te escribo para dar seguimiento a tu interes.,seguimiento,0,tibio,1
L01906,CHUCK_07,"Si te parece, coordinamos una demostracion personalizada.",agendar_demo,0,tibio,1
L01907,CHUCK_04,"Perfecto, te comparto el link de pago para cerrar la compra.",compra,1,caliente,2
L01908,CHUCK_02,Te explico las caracteristicas principales del producto.,consulta_producto,0,frio,0
L01909,CHUCK_04,"Si, te puedo detallar precios y promociones vigentes.",consulta_precio,1,caliente,2
L01910,CHUCK_09,Este producto incluye soporte y configuracion inicial.,consulta_producto,0,tibio,1
L01911,CHUCK_05,"Tenemos stock disponible, puedo procesar tu compra en este momento.",compra,0,tibio,1
L01912,CHUCK_10,Podemos resolver esa objecion con una opcion mas flexible.,objecion,0,frio,0
L01913,CHUCK_10,"Tengo disponibilidad para demo, te paso horarios.",agendar_demo,0,caliente,2
L01914,CHUCK_10,Este producto incluye soporte y configuracion inicial.,consulta_producto,1,tibio,1
L01915,CHUCK_02,"Excelente decision, te ayudo a completar tu compra ahora.",compra,0,caliente,2
L01916,CHUCK_09,Te escribo para dar seguimiento a tu interes.,seguimiento,0,tibio,1
L01917,CHUCK_06,Te explico las caracteristicas principales del producto.,consulta_producto,0,tibio,1
L01918,CHUCK_10,Te escribo para dar seguimiento a tu interes.,seguimiento,0,tibio,1
L01919,CHUCK_09,Podemos resolver esa objecion con una opcion mas flexible.,objecion,0,tibio,1
L01920,CHUCK_05,Este producto incluye soporte y configuracion inicial.,consulta_producto,0,tibio,1
L01921,CHUCK_01,"Tenemos stock disponible, puedo procesar tu compra en este momento.",compra,1,caliente,2
L01922,CHUCK_09,"Si, te puedo detallar precios y promociones vigentes.",consulta_precio,1,tibio,1
L01923,CHUCK_01,Te comparto los beneficios para tu caso de uso.,consulta_producto,0,frio,0
L01924,CHUCK_06,"Si, te puedo detallar precios y promociones vigentes.",consulta_precio,1,tibio,1
L01925,CHUCK_03,Retomo la conversacion para ayudarte con la decision.,seguimiento,0,tibio,1
L01926,CHUCK_05,Te explico las caracteristicas principales del producto.,consulta_producto,0,frio,0
L01927,CHUCK_10,"Tengo disponibilidad para demo, te paso horarios.",agendar_demo,0,tibio,1
L01928,CHUCK_09,Este producto incluye soporte y configuracion inicial.,consulta_producto,0,frio,0
L01929,CHUCK_06,"En relacion calidad-precio, esta opcion destaca por soporte y resultados.",comparacion,0,tibio,1
L01930,CHUCK_07,Vamos a revisar ese inconveniente para resolverlo rapido.,soporte,0,frio,0
L01931,CHUCK_05,Quedo atento para continuar cuando te venga bien.,seguimiento,0,tibio,1
L01932,CHUCK_03,"Hola, gracias por contactarnos. Como puedo ayudarte hoy?",saludo,0,frio,0
L01933,CHUCK_06,Te explico las caracteristicas principales del producto.,consulta_producto,0,tibio,1
L01934,CHUCK_02,"Perfecto, te comparto el link de pago para cerrar la compra.",compra,1,tibio,1
L01935,CHUCK_01,"Excelente decision, te ayudo a completar tu compra ahora.",compra,1,caliente,2
L01936,CHUCK_07,"Claro, te comparto el precio actualizado del plan.",consulta_precio,1,tibio,1
L01937,CHUCK_02,"Perfecto, te comparto el link de pago para cerrar la compra.",compra,1,caliente,2
L01938,CHUCK_03,"Si, te puedo detallar precios y promociones vigentes.",consulta_precio,1,tibio,1
L01939,CHUCK_06,Te comparo este plan frente a otras alternativas del mercado.,comparacion,1,tibio,1
L01940,CHUCK_07,Retomo la conversacion para ayudarte con la decision.,seguimiento,0,frio,0
L01941,CHUCK_03,"El costo depende del paquete, te paso las opciones de precio.",consulta_precio,1,caliente,2
L01942,CHUCK_09,"Excelente decision, te ayudo a completar tu compra ahora.",compra,0,caliente,2
L01943,CHUCK_06,Te comparo este plan frente a otras alternativas del mercado.,comparacion,1,tibio,1
L01944,CHUCK_05,"El costo depende del paquete, te paso las opciones de precio.",consulta_precio,1,caliente,2
L01945,CHUCK_07,"Hola, un gusto saludarte. En que te asesoro?",saludo,1,frio,0
L01946,CHUCK_05,"Perfecto, te comparto el link de pago para cerrar la compra.",compra,1,caliente,2
L01947,CHUCK_01,Quedo atento para continuar cuando te venga bien.,seguimiento,0,tibio,1
L01948,CHUCK_03,Te ayudo con soporte tecnico paso a paso.,soporte,0,frio,0
L01949,CHUCK_09,"El costo depende del paquete, te paso las opciones de precio.",consulta_precio,1,tibio,1
L01950,CHUCK_04,"Perfecto, te comparto el link de pago para cerrar la compra.",compra,0,caliente,2
L01951,CHUCK_07,"El costo depende del paquete, te paso las opciones de precio.",consulta_precio,1,caliente,2
L01952,CHUCK_10,"Si quieres, te envio una tabla comparativa clara.",comparacion,1,tibio,1
L01953,CHUCK_03,Te explico las caracteristicas principales del producto.,consulta_producto,0,tibio,1
L01954,CHUCK_03,"Entiendo tu duda, te aclaro ese punto para que decidas con confianza.",objecion,0,tibio,1
L01955,CHUCK_01,"Claro, te comparto el precio actualizado del plan.",consulta_precio,1,tibio,1
L01956,CHUCK_07,"Excelente decision, te ayudo a completar tu compra ahora.",compra,1,tibio,1
L01957,CHUCK_09,Te comparto los beneficios para tu caso de uso.,consulta_producto,0,frio,0
L01958,CHUCK_05,Vamos a revisar ese inconveniente para resolverlo rapido.,soporte,0,frio,0
L01959,CHUCK_10,Podemos agendar una demo de 20 minutos esta semana.,agendar_demo,0,tibio,1
L01960,CHUCK_04,"Excelente decision, te ayudo a completar tu compra ahora.",compra,0,caliente,2
L01961,CHUCK_03,Vamos a revisar ese inconveniente para resolverlo rapido.,soporte,0,frio,0
L01962,CHUCK_10,Te ayudo con soporte tecnico paso a paso.,soporte,0,frio,0
L01963,CHUCK_01,"Excelente decision, te ayudo a completar tu compra ahora.",compra,1,caliente,2
L01964,CHUCK_02,"Perfecto, te comparto el link de pago para cerrar la compra.",compra,1,tibio,1
L01965,CHUCK_05,"Si, te puedo detallar precios y promociones vigentes.",consulta_precio,1,tibio,1
L01966,CHUCK_03,"Hola, gracias por contactarnos. Como puedo ayudarte hoy?",saludo,0,frio,0
L01967,CHUCK_03,Quedo atento para continuar cuando te venga bien.,seguimiento,0,tibio,1
L01968,CHUCK_04,"Tenemos stock disponible, puedo procesar tu compra en este momento.",compra,0,caliente,2
L01969,CHUCK_02,Te escribo para dar seguimiento a tu interes.,seguimiento,0,tibio,1
L01970,CHUCK_02,"Perfecto, te comparto el link de pago para cerrar la compra.",compra,0,caliente,2
L01971,CHUCK_03,"Excelente decision, te ayudo a completar tu compra ahora.",compra,1,caliente,2
L01972,CHUCK_09,Te explico las caracteristicas principales del producto.,consulta_producto,0,tibio,1
L01973,CHUCK_02,Te explico las caracteristicas principales del producto.,consulta_producto,0,tibio,1
L01974,CHUCK_03,Puedo guiarte para solucionar el problema ahora mismo.,soporte,0,frio,0
L01975,CHUCK_08,"Es normal tener esa inquietud, revisemos alternativas.",objecion,0,tibio,1
L01976,CHUCK_09,"Gracias por tu tiempo, quedo atento a cualquier consulta.",despedida,0,frio,0
L01977,CHUCK_08,"Gracias por tu tiempo, quedo atento a cualquier consulta.",despedida,0,frio,0
L01978,CHUCK_10,"Si, te puedo detallar precios y promociones vigentes.",consulta_precio,1,caliente,2
L01979,CHUCK_02,"Entiendo tu duda, te aclaro ese punto para que decidas con confianza.",objecion,0,tibio,1
L01980,CHUCK_06,Este producto incluye soporte y configuracion inicial.,consulta_producto,0,frio,0
L01981,CHUCK_07,Te explico las caracteristicas principales del producto.,consulta_producto,0,frio,0
L01982,CHUCK_04,"Si te parece, coordinamos una demostracion personalizada.",agendar_demo,0,tibio,1
L01983,CHUCK_01,"Perfecto, hablamos pronto. Que tengas excelente dia.",despedida,1,frio,0
L01984,CHUCK_03,Te explico las caracteristicas principales del producto.,consulta_producto,0,tibio,1
L01985,CHUCK_05,Te comparo este plan frente a otras alternativas del mercado.,comparacion,1,tibio,1
L01986,CHUCK_10,Este producto incluye soporte y configuracion inicial.,consulta_producto,0,tibio,1
L01987,CHUCK_07,Podemos resolver esa objecion con una opcion mas flexible.,objecion,0,tibio,1
L01988,CHUCK_03,Te comparto los beneficios para tu caso de uso.,consulta_producto,0,tibio,1
L01989,CHUCK_08,"Si quieres, te envio una tabla comparativa clara.",comparacion,1,caliente,2
L01990,CHUCK_06,"En relacion calidad-precio, esta opcion destaca por soporte y resultados.",comparacion,1,tibio,1
L01991,CHUCK_08,Podemos agendar una demo de 20 minutos esta semana.,agendar_demo,0,caliente,2
L01992,CHUCK_01,"El costo depende del paquete, te paso las opciones de precio.",consulta_precio,1,tibio,1
L01993,CHUCK_01,"Gracias por tu tiempo, quedo atento a cualquier consulta.",despedida,0,frio,0
L01994,CHUCK_05,Te escribo para dar seguimiento a tu interes.,seguimiento,0,tibio,1
L01995,CHUCK_03,"Claro, te comparto el precio actualizado del plan.",consulta_precio,1,caliente,2
L01996,CHUCK_07,Este producto incluye soporte y configuracion inicial.,consulta_producto,1,tibio,1
L01997,CHUCK_09,Podemos resolver esa objecion con una opcion mas flexible.,objecion,0,tibio,1
L01998,CHUCK_02,Retomo la conversacion para ayudarte con la decision.,seguimiento,0,frio,0
L01999,CHUCK_05,Te explico las caracteristicas principales del producto.,consulta_producto,0,frio,0
L02000,CHUCK_08,"Excelente decision, te ayudo a completar tu compra ahora.",compra,0,tibio,1
L02001,CHUCK_03,"Perfecto, te comparto el link de pago para cerrar la compra.",compra,0,caliente,2
L02002,CHUCK_01,"Si, te puedo detallar precios y promociones vigentes.",consulta_precio,1,caliente,2
L02003,CHUCK_07,Vamos a revisar ese inconveniente para resolverlo rapido.,soporte,0,frio,0
L02004,CHUCK_04,"Excelente decision, te ayudo a completar tu compra ahora.",compra,1,tibio,1
L02005,CHUCK_04,"Perfecto, te comparto el link de pago para cerrar la compra.",compra,1,caliente,2
L02006,CHUCK_02,Te explico las caracteristicas principales del producto.,consulta_producto,0,frio,0
L02007,CHUCK_03,Este producto incluye soporte y configuracion inicial.,consulta_producto,0,tibio,1
L02008,CHUCK_02,"Perfecto, hablamos pronto. Que tengas excelente dia.",despedida,0,frio,0
L02009,CHUCK_10,"Excelente decision, te ayudo a completar tu compra ahora.",compra,0,tibio,1
L02010,CHUCK_09,"Claro, te comparto el precio actualizado del plan.",consulta_precio,1,caliente,2
L02011,CHUCK_05,Este producto incluye soporte y configuracion inicial.,consulta_producto,0,tibio,1
L02012,CHUCK_08,Te explico las caracteristicas principales del producto.,consulta_producto,0,tibio,1
L02013,CHUCK_05,Podemos resolver esa objecion con una opcion mas flexible.,objecion,1,tibio,1
L02014,CHUCK_09,"Excelente decision, te ayudo a completar tu compra ahora.",compra,1,tibio,1
L02015,CHUCK_08,"Tenemos stock disponible, puedo procesar tu compra en este momento.",compra,0,caliente,2
L02016,CHUCK_05,"Hola, gracias por contactarnos. Como puedo ayudarte hoy?",saludo,1,frio,0
L02017,CHUCK_08,"Hola, un gusto saludarte. En que te asesoro?",saludo,0,frio,0
L02018,CHUCK_07,"Perfecto, te comparto el link de pago para cerrar la compra.",compra,1,tibio,1
L02019,CHUCK_01,"Claro, te comparto el precio actualizado del plan.",consulta_precio,1,tibio,1
L02020,CHUCK_03,"Si, te puedo detallar precios y promociones vigentes.",consulta_precio,1,caliente,2
L02021,CHUCK_07,Te ayudo con soporte tecnico paso a paso.,soporte,0,frio,0
L02022,CHUCK_02,"Tenemos stock disponible, puedo procesar tu compra en este momento.",compra,1,caliente,2
L02023,CHUCK_09,"Gracias por tu tiempo, quedo atento a cualquier consulta.",despedida,0,frio,0
L02024,CHUCK_09,Te comparto los beneficios para tu caso de uso.,consulta_producto,0,frio,0
L02025,CHUCK_07,Te comparo este plan frente a otras alternativas del mercado.,comparacion,0,caliente,2
L02026,CHUCK_02,"Es normal tener esa inquietud, revisemos alternativas.",objecion,0,frio,0
L02027,CHUCK_08,Te explico las caracteristicas principales del producto.,consulta_producto,0,tibio,1
L02028,CHUCK_06,"Excelente decision, te ayudo a completar tu compra ahora.",compra,0,caliente,2
L02029,CHUCK_08,Podemos resolver esa objecion con una opcion mas flexible.,objecion,0,tibio,1
L02030,CHUCK_07,Quedo atento para continuar cuando te venga bien.,seguimiento,1,tibio,1
L02031,CHUCK_08,Te escribo para dar seguimiento a tu interes.,seguimiento,0,frio,0
L02032,CHUCK_09,Quedo atento para continuar cuando te venga bien.,seguimiento,0,tibio,1
L02033,CHUCK_07,"Si te parece, coordinamos una demostracion personalizada.",agendar_demo,0,caliente,2
L02034,CHUCK_07,Te escribo para dar seguimiento a tu interes.,seguimiento,0,tibio,1
L02035,CHUCK_07,"Tengo disponibilidad para demo, te paso horarios.",agendar_demo,0,caliente,2
L02036,CHUCK_07,"Excelente decision, te ayudo a completar tu compra ahora.",compra,0,caliente,2
L02037,CHUCK_02,Te comparto los beneficios para tu caso de uso.,consulta_producto,0,frio,0
L02038,CHUCK_05,Te ayudo con soporte tecnico paso a paso.,soporte,0,frio,0
L02039,CHUCK_02,Podemos resolver esa objecion con una opcion mas flexible.,objecion,0,tibio,1
L02040,CHUCK_08,Retomo la conversacion para ayudarte con la decision.,seguimiento,0,frio,0
L02041,CHUCK_06,Quedo atento para continuar cuando te venga bien.,seguimiento,0,tibio,1
L02042,CHUCK_10,"Entiendo tu duda, te aclaro ese punto para que decidas con confianza.",objecion,1,tibio,1
L02043,CHUCK_08,Este producto incluye soporte y configuracion inicial.,consulta_producto,0,tibio,1
L02044,CHUCK_04,"Si quieres, te envio una tabla comparativa clara.",comparacion,1,tibio,1
L02045,CHUCK_03,"Tenemos stock disponible, puedo procesar tu compra en este momento.",compra,0,caliente,2
L02046,CHUCK_05,Te explico las caracteristicas principales del producto.,consulta_producto,0,frio,0
L02047,CHUCK_06,Te ayudo con soporte tecnico paso a paso.,soporte,0,frio,0
L02048,CHUCK_04,"Perfecto, hablamos pronto. Que tengas excelente dia.",despedida,1,frio,0
L02049,CHUCK_01,Te explico las caracteristicas principales del producto.,consulta_producto,0,tibio,1
L02050,CHUCK_04,"Excelente decision, te ayudo a completar tu compra ahora.",compra,1,caliente,2
L02051,CHUCK_01,Fue un gusto ayudarte. Estoy disponible cuando lo necesites.,despedida,0,frio,0
L02052,CHUCK_04,"Perfecto, te comparto el link de pago para cerrar la compra.",compra,0,tibio,1
L02053,CHUCK_10,Podemos agendar una demo de 20 minutos esta semana.,agendar_demo,0,caliente,2
L02054,CHUCK_06,Te explico las caracteristicas principales del producto.,consulta_producto,0,frio,0
L02055,CHUCK_06,"En relacion calidad-precio, esta opcion destaca por soporte y resultados.",comparacion,1,caliente,2
L02056,CHUCK_06,Este producto incluye soporte y configuracion inicial.,consulta_producto,0,tibio,1
L02057,CHUCK_01,"Gracias por tu tiempo, quedo atento a cualquier consulta.",despedida,1,frio,0
L02058,CHUCK_04,Te explico las caracteristicas principales del producto.,consulta_producto,0,tibio,1
L02059,CHUCK_07,"Excelente decision, te ayudo a completar tu compra ahora.",compra,0,caliente,2
L02060,CHUCK_07,Podemos agendar una demo de 20 minutos esta semana.,agendar_demo,0,caliente,2
L02061,CHUCK_05,Te explico las caracteristicas principales del producto.,consulta_producto,0,tibio,1
L02062,CHUCK_10,Podemos agendar una demo de 20 minutos esta semana.,agendar_demo,0,tibio,1
L02063,CHUCK_09,"Tenemos stock disponible, puedo procesar tu compra en este momento.",compra,1,tibio,1
L02064,CHUCK_01,"Perfecto, hablamos pronto. Que tengas excelente dia.",despedida,1,frio,0
L02065,CHUCK_10,"Claro, te comparto el precio actualizado del plan.",consulta_precio,1,tibio,1
L02066,CHUCK_04,"Tengo disponibilidad para demo, te paso horarios.",agendar_demo,0,tibio,1
L02067,CHUCK_01,"Perfecto, te comparto el link de pago para cerrar la compra.",compra,0,caliente,2
L02068,CHUCK_03,Te comparto los beneficios para tu caso de uso.,consulta_producto,0,frio,0
L02069,CHUCK_10,Te explico las caracteristicas principales del producto.,consulta_producto,0,tibio,1
L02070,CHUCK_08,Te comparto los beneficios para tu caso de uso.,consulta_producto,0,frio,0
L02071,CHUCK_10,"Excelente decision, te ayudo a completar tu compra ahora.",compra,1,caliente,2
L02072,CHUCK_03,"Perfecto, hablamos pronto. Que tengas excelente dia.",despedida,0,frio,0
L02073,CHUCK_05,"Excelente decision, te ayudo a completar tu compra ahora.",compra,0,tibio,1
L02074,CHUCK_06,Te comparto los beneficios para tu caso de uso.,consulta_producto,0,tibio,1
L02075,CHUCK_10,Podemos agendar una demo de 20 minutos esta semana.,agendar_demo,0,tibio,1
L02076,CHUCK_07,Puedo guiarte para solucionar el problema ahora mismo.,soporte,0,frio,0
L02077,CHUCK_06,"Perfecto, te comparto el link de pago para cerrar la compra.",compra,1,caliente,2
L02078,CHUCK_04,Te explico las caracteristicas principales del producto.,consulta_producto,0,tibio,1
L02079,CHUCK_10,"Hola, un gusto saludarte. En que te asesoro?",saludo,0,frio,0
L02080,CHUCK_06,Te comparo este plan frente a otras alternativas del mercado.,comparacion,1,caliente,2
L02081,CHUCK_05,"Tenemos stock disponible, puedo procesar tu compra en este momento.",compra,1,caliente,2
L02082,CHUCK_02,Te ayudo con soporte tecnico paso a paso.,soporte,0,frio,0
L02083,CHUCK_08,"Excelente decision, te ayudo a completar tu compra ahora.",compra,1,caliente,2
L02084,CHUCK_03,"En relacion calidad-precio, esta opcion destaca por soporte y resultados.",comparacion,0,caliente,2
L02085,CHUCK_07,"Si te parece, coordinamos una demostracion personalizada.",agendar_demo,0,tibio,1
L02086,CHUCK_09,Te comparo este plan frente a otras alternativas del mercado.,comparacion,1,caliente,2
L02087,CHUCK_01,Te explico las caracteristicas principales del producto.,consulta_producto,0,frio,0
L02088,CHUCK_01,"Perfecto, hablamos pronto. Que tengas excelente dia.",despedida,1,frio,0
L02089,CHUCK_02,"El costo depende del paquete, te paso las opciones de precio.",consulta_precio,1,caliente,2
L02090,CHUCK_10,"Tenemos stock disponible, puedo procesar tu compra en este momento.",compra,0,caliente,2
L02091,CHUCK_04,"En relacion calidad-precio, esta opcion destaca por soporte y resultados.",comparacion,1,caliente,2
L02092,CHUCK_03,Podemos agendar una demo de 20 minutos esta semana.,agendar_demo,0,caliente,2
L02093,CHUCK_06,"Si, te puedo detallar precios y promociones vigentes.",consulta_precio,1,caliente,2
L02094,CHUCK_02,Te explico las caracteristicas principales del producto.,consulta_producto,0,tibio,1
L02095,CHUCK_02,Retomo la conversacion para ayudarte con la decision.,seguimiento,0,frio,0
L02096,CHUCK_03,"El costo depende del paquete, te paso las opciones de precio.",consulta_precio,1,tibio,1
L02097,CHUCK_07,"Entiendo tu duda, te aclaro ese punto para que decidas con confianza.",objecion,0,tibio,1
L02098,CHUCK_09,"Si quieres, te envio una tabla comparativa clara.",comparacion,1,tibio,1
L02099,CHUCK_02,Te ayudo con soporte tecnico paso a paso.,soporte,0,frio,0
L02100,CHUCK_09,Te explico las caracteristicas principales del producto.,consulta_producto,0,frio,0
L02101,CHUCK_02,"Excelente decision, te ayudo a completar tu compra ahora.",compra,0,caliente,2
L02102,CHUCK_02,Podemos resolver esa objecion con una opcion mas flexible.,objecion,0,tibio,1
L02103,CHUCK_02,"Es normal tener esa inquietud, revisemos alternativas.",objecion,0,tibio,1
L02104,CHUCK_04,"Es normal tener esa inquietud, revisemos alternativas.",objecion,0,tibio,1
L02105,CHUCK_09,"Hola, gracias por contactarnos. Como puedo ayudarte hoy?",saludo,0,frio,0
L02106,CHUCK_08,"En relacion calidad-precio, esta opcion destaca por soporte y resultados.",comparacion,1,tibio,1
L02107,CHUCK_02,Te comparto los beneficios para tu caso de uso.,consulta_producto,0,tibio,1
L02108,CHUCK_02,Vamos a revisar ese inconveniente para resolverlo rapido.,soporte,0,frio,0
L02109,CHUCK_09,Te comparto los beneficios para tu caso de uso.,consulta_producto,0,tibio,1
L02110,CHUCK_03,Este producto incluye soporte y configuracion inicial.,consulta_producto,0,tibio,1
L02111,CHUCK_10,Retomo la conversacion para ayudarte con la decision.,seguimiento,0,tibio,1
L02112,CHUCK_07,Este producto incluye soporte y configuracion inicial.,consulta_producto,0,tibio,1
L02113,CHUCK_06,"En relacion calidad-precio, esta opcion destaca por soporte y resultados.",comparacion,1,tibio,1
L02114,CHUCK_07,"Si, te puedo detallar precios y promociones vigentes.",consulta_precio,1,tibio,1
L02115,CHUCK_08,"El costo depende del paquete, te paso las opciones de precio.",consulta_precio,1,tibio,1
L02116,CHUCK_10,"Gracias por tu tiempo, quedo atento a cualquier consulta.",despedida,0,frio,0
L02117,CHUCK_07,"Si te parece, coordinamos una demostracion personalizada.",agendar_demo,1,tibio,1
L02118,CHUCK_09,Puedo guiarte para solucionar el problema ahora mismo.,soporte,0,frio,0
L02119,CHUCK_07,"Tenemos stock disponible, puedo procesar tu compra en este momento.",compra,0,caliente,2
L02120,CHUCK_10,"Claro, te comparto el precio actualizado del plan.",consulta_precio,1,caliente,2
L02121,CHUCK_04,"Si te parece, coordinamos una demostracion personalizada.",agendar_demo,0,tibio,1
L02122,CHUCK_08,Te comparto los beneficios para tu caso de uso.,consulta_producto,0,frio,0
L02123,CHUCK_09,Este producto incluye soporte y configuracion inicial.,consulta_producto,0,frio,0
L02124,CHUCK_04,Este producto incluye soporte y configuracion inicial.,consulta_producto,0,frio,0
L02125,CHUCK_09,Podemos resolver esa objecion con una opcion mas flexible.,objecion,0,tibio,1
L02126,CHUCK_07,"Claro, te comparto el precio actualizado del plan.",consulta_precio,1,tibio,1
L02127,CHUCK_03,"Hola, un gusto saludarte. En que te asesoro?",saludo,0,frio,0
L02128,CHUCK_09,Retomo la conversacion para ayudarte con la decision.,seguimiento,1,tibio,1
L02129,CHUCK_07,"Es normal tener esa inquietud, revisemos alternativas.",objecion,0,tibio,1
L02130,CHUCK_04,"Excelente decision, te ayudo a completar tu compra ahora.",compra,1,tibio,1
L02131,CHUCK_04,"Perfecto, hablamos pronto. Que tengas excelente dia.",despedida,0,frio,0
L02132,CHUCK_07,"Tenemos stock disponible, puedo procesar tu compra en este momento.",compra,0,caliente,2
L02133,CHUCK_08,Podemos resolver esa objecion con una opcion mas flexible.,objecion,0,tibio,1
L02134,CHUCK_04,Quedo atento para continuar cuando te venga bien.,seguimiento,0,tibio,1
L02135,CHUCK_06,"Entiendo tu duda, te aclaro ese punto para que decidas con confianza.",objecion,0,tibio,1
L02136,CHUCK_05,Vamos a revisar ese inconveniente para resolverlo rapido.,soporte,0,frio,0
L02137,CHUCK_07,Podemos resolver esa objecion con una opcion mas flexible.,objecion,1,tibio,1
L02138,CHUCK_05,Te ayudo con soporte tecnico paso a paso.,soporte,0,frio,0
L02139,CHUCK_03,Este producto incluye soporte y configuracion inicial.,consulta_producto,0,frio,0
L02140,CHUCK_07,Te explico las caracteristicas principales del producto.,consulta_producto,0,tibio,1
L02141,CHUCK_09,"Tenemos stock disponible, puedo procesar tu compra en este momento.",compra,0,caliente,2
L02142,CHUCK_08,Este producto incluye soporte y configuracion inicial.,consulta_producto,0,tibio,1
L02143,CHUCK_05,"Perfecto, te comparto el link de pago para cerrar la compra.",compra,1,tibio,1
L02144,CHUCK_03,Retomo la conversacion para ayudarte con la decision.,seguimiento,1,frio,0
L02145,CHUCK_03,"El costo depende del paquete, te paso las opciones de precio.",consulta_precio,1,caliente,2
L02146,CHUCK_09,Retomo la conversacion para ayudarte con la decision.,seguimiento,0,tibio,1
L02147,CHUCK_02,Te comparto los beneficios para tu caso de uso.,consulta_producto,0,frio,0
L02148,CHUCK_04,Este producto incluye soporte y configuracion inicial.,consulta_producto,0,tibio,1
L02149,CHUCK_05,"Es normal tener esa inquietud, revisemos alternativas.",objecion,0,tibio,1
L02150,CHUCK_10,Te escribo para dar seguimiento a tu interes.,seguimiento,0,frio,0
L02151,CHUCK_10,Quedo atento para continuar cuando te venga bien.,seguimiento,0,tibio,1
L02152,CHUCK_07,Podemos resolver esa objecion con una opcion mas flexible.,objecion,0,frio,0
L02153,CHUCK_06,"En relacion calidad-precio, esta opcion destaca por soporte y resultados.",comparacion,0,caliente,2
L02154,CHUCK_02,"Si quieres, te envio una tabla comparativa clara.",comparacion,1,tibio,1
L02155,CHUCK_07,"Claro, te comparto el precio actualizado del plan.",consulta_precio,1,tibio,1
L02156,CHUCK_09,Podemos agendar una demo de 20 minutos esta semana.,agendar_demo,0,tibio,1
L02157,CHUCK_03,"Si, te puedo detallar precios y promociones vigentes.",consulta_precio,1,caliente,2
L02158,CHUCK_10,"Gracias por tu tiempo, quedo atento a cualquier consulta.",despedida,0,frio,0
L02159,CHUCK_09,"El costo depende del paquete, te paso las opciones de precio.",consulta_precio,1,tibio,1
L02160,CHUCK_02,Te comparto los beneficios para tu caso de uso.,consulta_producto,0,frio,0
L02161,CHUCK_10,"El costo depende del paquete, te paso las opciones de precio.",consulta_precio,1,tibio,1
L02162,CHUCK_09,Te explico las caracteristicas principales del producto.,consulta_producto,0,tibio,1
L02163,CHUCK_03,"Es normal tener esa inquietud, revisemos alternativas.",objecion,1,tibio,1
L02164,CHUCK_08,Podemos agendar una demo de 20 minutos esta semana.,agendar_demo,0,tibio,1
L02165,CHUCK_02,Podemos agendar una demo de 20 minutos esta semana.,agendar_demo,1,caliente,2
L02166,CHUCK_09,Retomo la conversacion para ayudarte con la decision.,seguimiento,0,frio,0
L02167,CHUCK_07,Te comparto los beneficios para tu caso de uso.,consulta_producto,0,tibio,1
L02168,CHUCK_02,"Es normal tener esa inquietud, revisemos alternativas.",objecion,0,tibio,1
L02169,CHUCK_05,Te escribo para dar seguimiento a tu interes.,seguimiento,0,tibio,1
L02170,CHUCK_07,Retomo la conversacion para ayudarte con la decision.,seguimiento,1,tibio,1
L02171,CHUCK_09,Este producto incluye soporte y configuracion inicial.,consulta_producto,1,tibio,1
L02172,CHUCK_08,"El costo depende del paquete, te paso las opciones de precio.",consulta_precio,1,tibio,1
L02173,CHUCK_10,"Claro, te comparto el precio actualizado del plan.",consulta_precio,1,tibio,1
L02174,CHUCK_06,Puedo guiarte para solucionar el problema ahora mismo.,soporte,0,frio,0
L02175,CHUCK_02,"Gracias por tu tiempo, quedo atento a cualquier consulta.",despedida,0,frio,0
L02176,CHUCK_06,"Es normal tener esa inquietud, revisemos alternativas.",objecion,0,tibio,1
L02177,CHUCK_05,"Excelente decision, te ayudo a completar tu compra ahora.",compra,0,caliente,2
L02178,CHUCK_09,"Si, te puedo detallar precios y promociones vigentes.",consulta_precio,1,caliente,2
L02179,CHUCK_06,"Excelente decision, te ayudo a completar tu compra ahora.",compra,1,caliente,2
L02180,CHUCK_04,"Si te parece, coordinamos una demostracion personalizada.",agendar_demo,0,caliente,2
L02181,CHUCK_10,Retomo la conversacion para ayudarte con la decision.,seguimiento,0,tibio,1
L02182,CHUCK_04,Podemos resolver esa objecion con una opcion mas flexible.,objecion,1,frio,0
L02183,CHUCK_05,"Tenemos stock disponible, puedo procesar tu compra en este momento.",compra,0,caliente,2
L02184,CHUCK_03,"Excelente decision, te ayudo a completar tu compra ahora.",compra,1,caliente,2
L02185,CHUCK_09,"Tengo disponibilidad para demo, te paso horarios.",agendar_demo,0,tibio,1
L02186,CHUCK_01,"Gracias por tu tiempo, quedo atento a cualquier consulta.",despedida,0,frio,0
L02187,CHUCK_07,"Perfecto, te comparto el link de pago para cerrar la compra.",compra,0,caliente,2
L02188,CHUCK_05,"Perfecto, te comparto el link de pago para cerrar la compra.",compra,1,caliente,2
L02189,CHUCK_09,"Claro, te comparto el precio actualizado del plan.",consulta_precio,1,tibio,1
L02190,CHUCK_07,"Tenemos stock disponible, puedo procesar tu compra en este momento.",compra,1,caliente,2
L02191,CHUCK_10,Retomo la conversacion para ayudarte con la decision.,seguimiento,1,frio,0
L02192,CHUCK_08,Retomo la conversacion para ayudarte con la decision.,seguimiento,0,frio,0
L02193,CHUCK_08,"El costo depende del paquete, te paso las opciones de precio.",consulta_precio,1,caliente,2
L02194,CHUCK_01,"En relacion calidad-precio, esta opcion destaca por soporte y resultados.",comparacion,1,tibio,1
L02195,CHUCK_07,Quedo atento para continuar cuando te venga bien.,seguimiento,1,tibio,1
L02196,CHUCK_09,Te comparo este plan frente a otras alternativas del mercado.,comparacion,1,tibio,1
L02197,CHUCK_05,Vamos a revisar ese inconveniente para resolverlo rapido.,soporte,1,frio,0
L02198,CHUCK_06,"Bienvenido, estoy para ayudarte con toda la informacion.",saludo,1,frio,0
L02199,CHUCK_07,Puedo guiarte para solucionar el problema ahora mismo.,soporte,0,frio,0
L02200,CHUCK_07,Fue un gusto ayudarte. Estoy disponible cuando lo necesites.,despedida,0,frio,0
L02201,CHUCK_06,"Es normal tener esa inquietud, revisemos alternativas.",objecion,0,tibio,1
L02202,CHUCK_02,Podemos resolver esa objecion con una opcion mas flexible.,objecion,0,frio,0
L02203,CHUCK_02,"Si te parece, coordinamos una demostracion personalizada.",agendar_demo,0,tibio,1
L02204,CHUCK_05,Te comparo este plan frente a otras alternativas del mercado.,comparacion,0,tibio,1
L02205,CHUCK_04,"Es normal tener esa inquietud, revisemos alternativas.",objecion,0,tibio,1
L02206,CHUCK_03,"Hola, gracias por contactarnos. Como puedo ayudarte hoy?",saludo,0,frio,0
L02207,CHUCK_07,Te escribo para dar seguimiento a tu interes.,seguimiento,0,tibio,1
L02208,CHUCK_05,"Hola, gracias por contactarnos. Como puedo ayudarte hoy?",saludo,0,frio,0
L02209,CHUCK_07,"Claro, te comparto el precio actualizado del plan.",consulta_precio,1,tibio,1
L02210,CHUCK_06,"Entiendo tu duda, te aclaro ese punto para que decidas con confianza.",objecion,0,tibio,1
L02211,CHUCK_09,Puedo guiarte para solucionar el problema ahora mismo.,soporte,0,frio,0
L02212,CHUCK_08,"Tenemos stock disponible, puedo procesar tu compra en este momento.",compra,0,tibio,1
L02213,CHUCK_04,Te explico las caracteristicas principales del producto.,consulta_producto,1,frio,0
L02214,CHUCK_02,"Bienvenido, estoy para ayudarte con toda la informacion.",saludo,0,frio,0
L02215,CHUCK_08,"Perfecto, te comparto el link de pago para cerrar la compra.",compra,1,caliente,2
L02216,CHUCK_05,Te explico las caracteristicas principales del producto.,consulta_producto,0,tibio,1
L02217,CHUCK_03,Te comparto los beneficios para tu caso de uso.,consulta_producto,0,tibio,1
L02218,CHUCK_07,"Es normal tener esa inquietud, revisemos alternativas.",objecion,0,frio,0
L02219,CHUCK_03,"Bienvenido, estoy para ayudarte con toda la informacion.",saludo,1,frio,0
L02220,CHUCK_09,"Si quieres, te envio una tabla comparativa clara.",comparacion,1,tibio,1
L02221,CHUCK_01,"Claro, te comparto el precio actualizado del plan.",consulta_precio,1,tibio,1
L02222,CHUCK_02,"Si, te puedo detallar precios y promociones vigentes.",consulta_precio,1,caliente,2
L02223,CHUCK_10,"Es normal tener esa inquietud, revisemos alternativas.",objecion,0,tibio,1
L02224,CHUCK_03,Podemos agendar una demo de 20 minutos esta semana.,agendar_demo,0,tibio,1
L02225,CHUCK_03,"Bienvenido, estoy para ayudarte con toda la informacion.",saludo,0,frio,0
L02226,CHUCK_10,Te comparo este plan frente a otras alternativas del mercado.,comparacion,1,tibio,1
L02227,CHUCK_06,"Excelente decision, te ayudo a completar tu compra ahora.",compra,1,tibio,1
L02228,CHUCK_05,Quedo atento para continuar cuando te venga bien.,seguimiento,0,tibio,1
L02229,CHUCK_07,"Claro, te comparto el precio actualizado del plan.",consulta_precio,1,tibio,1
L02230,CHUCK_01,Podemos resolver esa objecion con una opcion mas flexible.,objecion,0,frio,0
L02231,CHUCK_03,Te comparo este plan frente a otras alternativas del mercado.,comparacion,0,tibio,1
L02232,CHUCK_05,Te comparto los beneficios para tu caso de uso.,consulta_producto,0,frio,0
L02233,CHUCK_02,Podemos resolver esa objecion con una opcion mas flexible.,objecion,0,tibio,1
L02234,CHUCK_01,Vamos a revisar ese inconveniente para resolverlo rapido.,soporte,0,frio,0
L02235,CHUCK_08,"Perfecto, hablamos pronto. Que tengas excelente dia.",despedida,1,frio,0
L02236,CHUCK_03,"Hola, gracias por contactarnos. Como puedo ayudarte hoy?",saludo,0,frio,0
L02237,CHUCK_09,"Entiendo tu duda, te aclaro ese punto para que decidas con confianza.",objecion,0,tibio,1
L02238,CHUCK_01,"Tengo disponibilidad para demo, te paso horarios.",agendar_demo,0,tibio,1
L02239,CHUCK_02,Te explico las caracteristicas principales del producto.,consulta_producto,0,frio,0
L02240,CHUCK_02,Te ayudo con soporte tecnico paso a paso.,soporte,1,frio,0
L02241,CHUCK_05,"Si quieres, te envio una tabla comparativa clara.",comparacion,1,caliente,2
L02242,CHUCK_02,"Tenemos stock disponible, puedo procesar tu compra en este momento.",compra,0,caliente,2
L02243,CHUCK_01,Este producto incluye soporte y configuracion inicial.,consulta_producto,0,tibio,1
L02244,CHUCK_08,Te escribo para dar seguimiento a tu interes.,seguimiento,0,tibio,1
L02245,CHUCK_04,Podemos resolver esa objecion con una opcion mas flexible.,objecion,0,tibio,1
L02246,CHUCK_05,Podemos resolver esa objecion con una opcion mas flexible.,objecion,0,tibio,1
L02247,CHUCK_05,Quedo atento para continuar cuando te venga bien.,seguimiento,0,tibio,1
L02248,CHUCK_09,"Entiendo tu duda, te aclaro ese punto para que decidas con confianza.",objecion,0,tibio,1
L02249,CHUCK_05,Retomo la conversacion para ayudarte con la decision.,seguimiento,0,tibio,1
L02250,CHUCK_02,Podemos agendar una demo de 20 minutos esta semana.,agendar_demo,0,caliente,2
L02251,CHUCK_03,Te explico las caracteristicas principales del producto.,consulta_producto,0,tibio,1
L02252,CHUCK_02,Retomo la conversacion para ayudarte con la decision.,seguimiento,0,tibio,1
L02253,CHUCK_03,Quedo atento para continuar cuando te venga bien.,seguimiento,0,frio,0
L02254,CHUCK_07,"Si quieres, te envio una tabla comparativa clara.",comparacion,0,tibio,1
L02255,CHUCK_04,Te comparo este plan frente a otras alternativas del mercado.,comparacion,0,tibio,1
L02256,CHUCK_07,"Entiendo tu duda, te aclaro ese punto para que decidas con confianza.",objecion,0,frio,0
L02257,CHUCK_10,"Tenemos stock disponible, puedo procesar tu compra en este momento.",compra,1,caliente,2
L02258,CHUCK_01,Este producto incluye soporte y configuracion inicial.,consulta_producto,0,tibio,1
L02259,CHUCK_10,"Excelente decision, te ayudo a completar tu compra ahora.",compra,1,caliente,2
L02260,CHUCK_01,Te escribo para dar seguimiento a tu interes.,seguimiento,0,frio,0
L02261,CHUCK_08,Te explico las caracteristicas principales del producto.,consulta_producto,0,frio,0
L02262,CHUCK_08,"Perfecto, te comparto el link de pago para cerrar la compra.",compra,1,caliente,2
L02263,CHUCK_05,Retomo la conversacion para ayudarte con la decision.,seguimiento,0,frio,0
L02264,CHUCK_09,"En relacion calidad-precio, esta opcion destaca por soporte y resultados.",comparacion,1,tibio,1
L02265,CHUCK_03,"Excelente decision, te ayudo a completar tu compra ahora.",compra,1,caliente,2
L02266,CHUCK_02,"Bienvenido, estoy para ayudarte con toda la informacion.",saludo,1,frio,0
L02267,CHUCK_01,"El costo depende del paquete, te paso las opciones de precio.",consulta_precio,1,tibio,1
L02268,CHUCK_02,"Tenemos stock disponible, puedo procesar tu compra en este momento.",compra,0,caliente,2
L02269,CHUCK_06,"Perfecto, te comparto el link de pago para cerrar la compra.",compra,1,caliente,2
L02270,CHUCK_08,Te explico las caracteristicas principales del producto.,consulta_producto,0,frio,0
L02271,CHUCK_05,Podemos resolver esa objecion con una opcion mas flexible.,objecion,0,tibio,1
L02272,CHUCK_01,"Excelente decision, te ayudo a completar tu compra ahora.",compra,1,caliente,2
L02273,CHUCK_10,"Si, te puedo detallar precios y promociones vigentes.",consulta_precio,1,tibio,1
L02274,CHUCK_05,"En relacion calidad-precio, esta opcion destaca por soporte y resultados.",comparacion,1,tibio,1
L02275,CHUCK_10,"Gracias por tu tiempo, quedo atento a cualquier consulta.",despedida,0,frio,0
L02276,CHUCK_05,Te comparto los beneficios para tu caso de uso.,consulta_producto,0,frio,0
L02277,CHUCK_06,"El costo depende del paquete, te paso las opciones de precio.",consulta_precio,1,tibio,1
L02278,CHUCK_04,Te escribo para dar seguimiento a tu interes.,seguimiento,1,tibio,1
L02279,CHUCK_09,"Perfecto, te comparto el link de pago para cerrar la compra.",compra,0,caliente,2
L02280,CHUCK_10,"Tenemos stock disponible, puedo procesar tu compra en este momento.",compra,1,caliente,2
L02281,CHUCK_08,"Tengo disponibilidad para demo, te paso horarios.",agendar_demo,0,tibio,1
L02282,CHUCK_08,Fue un gusto ayudarte. Estoy disponible cuando lo necesites.,despedida,0,frio,0
L02283,CHUCK_07,"Excelente decision, te ayudo a completar tu compra ahora.",compra,0,caliente,2
L02284,CHUCK_05,Te escribo para dar seguimiento a tu interes.,seguimiento,0,tibio,1
L02285,CHUCK_09,"Si, te puedo detallar precios y promociones vigentes.",consulta_precio,1,caliente,2
L02286,CHUCK_05,"Perfecto, te comparto el link de pago para cerrar la compra.",compra,1,tibio,1
L02287,CHUCK_01,"Excelente decision, te ayudo a completar tu compra ahora.",compra,1,caliente,2
L02288,CHUCK_03,"Excelente decision, te ayudo a completar tu compra ahora.",compra,1,tibio,1
L02289,CHUCK_06,Te explico las caracteristicas principales del producto.,consulta_producto,0,frio,0
L02290,CHUCK_02,Te comparto los beneficios para tu caso de uso.,consulta_producto,0,tibio,1
L02291,CHUCK_03,"Gracias por tu tiempo, quedo atento a cualquier consulta.",despedida,0,frio,0
L02292,CHUCK_05,"Bienvenido, estoy para ayudarte con toda la informacion.",saludo,0,frio,0
L02293,CHUCK_08,"Excelente decision, te ayudo a completar tu compra ahora.",compra,0,caliente,2
L02294,CHUCK_10,"Excelente decision, te ayudo a completar tu compra ahora.",compra,0,caliente,2
L02295,CHUCK_06,"Tenemos stock disponible, puedo procesar tu compra en este momento.",compra,1,caliente,2
L02296,CHUCK_02,Quedo atento para continuar cuando te venga bien.,seguimiento,0,frio,0
L02297,CHUCK_10,"Perfecto, te comparto el link de pago para cerrar la compra.",compra,1,caliente,2
L02298,CHUCK_09,Podemos agendar una demo de 20 minutos esta semana.,agendar_demo,0,tibio,1
L02299,CHUCK_01,"Claro, te comparto el precio actualizado del plan.",consulta_precio,1,caliente,2
L02300,CHUCK_10,"Bienvenido, estoy para ayudarte con toda la informacion.",saludo,0,frio,0
L02301,CHUCK_09,Este producto incluye soporte y configuracion inicial.,consulta_producto,0,tibio,1
L02302,CHUCK_04,Podemos resolver esa objecion con una opcion mas flexible.,objecion,0,frio,0
L02303,CHUCK_08,"El costo depende del paquete, te paso las opciones de precio.",consulta_precio,1,tibio,1
L02304,CHUCK_06,"Si quieres, te envio una tabla comparativa clara.",comparacion,1,tibio,1
L02305,CHUCK_02,"Si, te puedo detallar precios y promociones vigentes.",consulta_precio,1,caliente,2
L02306,CHUCK_08,"Excelente decision, te ayudo a completar tu compra ahora.",compra,1,caliente,2
L02307,CHUCK_10,Te comparto los beneficios para tu caso de uso.,consulta_producto,0,frio,0
L02308,CHUCK_06,Puedo guiarte para solucionar el problema ahora mismo.,soporte,0,frio,0
L02309,CHUCK_05,Te explico las caracteristicas principales del producto.,consulta_producto,0,tibio,1
L02310,CHUCK_03,Te ayudo con soporte tecnico paso a paso.,soporte,0,frio,0
L02311,CHUCK_06,Retomo la conversacion para ayudarte con la decision.,seguimiento,1,frio,0
L02312,CHUCK_02,"Si te parece, coordinamos una demostracion personalizada.",agendar_demo,0,caliente,2
L02313,CHUCK_05,"Hola, gracias por contactarnos. Como puedo ayudarte hoy?",saludo,0,frio,0
L02314,CHUCK_02,Te escribo para dar seguimiento a tu interes.,seguimiento,0,tibio,1
L02315,CHUCK_05,Podemos resolver esa objecion con una opcion mas flexible.,objecion,1,tibio,1
L02316,CHUCK_03,Podemos resolver esa objecion con una opcion mas flexible.,objecion,0,frio,0
L02317,CHUCK_05,"Bienvenido, estoy para ayudarte con toda la informacion.",saludo,0,frio,0
L02318,CHUCK_09,Te explico las caracteristicas principales del producto.,consulta_producto,0,tibio,1
L02319,CHUCK_02,Te comparo este plan frente a otras alternativas del mercado.,comparacion,1,tibio,1
L02320,CHUCK_04,Puedo guiarte para solucionar el problema ahora mismo.,soporte,0,frio,0
L02321,CHUCK_01,Te comparto los beneficios para tu caso de uso.,consulta_producto,0,tibio,1
L02322,CHUCK_01,Este producto incluye soporte y configuracion inicial.,consulta_producto,0,frio,0
L02323,CHUCK_10,Te comparto los beneficios para tu caso de uso.,consulta_producto,0,frio,0
L02324,CHUCK_06,"Excelente decision, te ayudo a completar tu compra ahora.",compra,1,caliente,2
L02325,CHUCK_08,"Es normal tener esa inquietud, revisemos alternativas.",objecion,0,tibio,1
L02326,CHUCK_06,Podemos resolver esa objecion con una opcion mas flexible.,objecion,0,tibio,1
L02327,CHUCK_06,Te explico las caracteristicas principales del producto.,consulta_producto,0,frio,0
L02328,CHUCK_04,"Gracias por tu tiempo, quedo atento a cualquier consulta.",despedida,0,frio,0
L02329,CHUCK_10,"Perfecto, te comparto el link de pago para cerrar la compra.",compra,1,caliente,2
L02330,CHUCK_01,Te comparo este plan frente a otras alternativas del mercado.,comparacion,1,tibio,1
L02331,CHUCK_04,Te explico las caracteristicas principales del producto.,consulta_producto,0,tibio,1
L02332,CHUCK_01,"Es normal tener esa inquietud, revisemos alternativas.",objecion,0,frio,0
L02333,CHUCK_04,"Perfecto, te comparto el link de pago para cerrar la compra.",compra,0,caliente,2
L02334,CHUCK_10,"Excelente decision, te ayudo a completar tu compra ahora.",compra,1,caliente,2
L02335,CHUCK_01,Puedo guiarte para solucionar el problema ahora mismo.,soporte,0,frio,0
L02336,CHUCK_04,Podemos agendar una demo de 20 minutos esta semana.,agendar_demo,0,tibio,1
L02337,CHUCK_10,"Perfecto, te comparto el link de pago para cerrar la compra.",compra,0,caliente,2
L02338,CHUCK_06,Te comparto los beneficios para tu caso de uso.,consulta_producto,1,frio,0
L02339,CHUCK_06,Este producto incluye soporte y configuracion inicial.,consulta_producto,0,frio,0
L02340,CHUCK_08,"Hola, un gusto saludarte. En que te asesoro?",saludo,0,frio,0
L02341,CHUCK_06,Quedo atento para continuar cuando te venga bien.,seguimiento,0,tibio,1
L02342,CHUCK_09,Quedo atento para continuar cuando te venga bien.,seguimiento,0,frio,0
L02343,CHUCK_03,"Tengo disponibilidad para demo, te paso horarios.",agendar_demo,0,caliente,2
L02344,CHUCK_10,Este producto incluye soporte y configuracion inicial.,consulta_producto,0,frio,0
L02345,CHUCK_06,"Si te parece, coordinamos una demostracion personalizada.",agendar_demo,0,tibio,1
L02346,CHUCK_09,Retomo la conversacion para ayudarte con la decision.,seguimiento,0,frio,0
L02347,CHUCK_08,"Claro, te comparto el precio actualizado del plan.",consulta_precio,1,tibio,1
L02348,CHUCK_01,"Excelente decision, te ayudo a completar tu compra ahora.",compra,1,tibio,1
L02349,CHUCK_07,"El costo depende del paquete, te paso las opciones de precio.",consulta_precio,1,caliente,2
L02350,CHUCK_03,"Tenemos stock disponible, puedo procesar tu compra en este momento.",compra,1,caliente,2
L02351,CHUCK_07,"Si, te puedo detallar precios y promociones vigentes.",consulta_precio,1,caliente,2
L02352,CHUCK_03,"Si, te puedo detallar precios y promociones vigentes.",consulta_precio,1,caliente,2
L02353,CHUCK_06,Te comparto los beneficios para tu caso de uso.,consulta_producto,0,frio,0
L02354,CHUCK_04,"Perfecto, te comparto el link de pago para cerrar la compra.",compra,0,caliente,2
L02355,CHUCK_08,"Perfecto, te comparto el link de pago para cerrar la compra.",compra,1,caliente,2
L02356,CHUCK_07,Retomo la conversacion para ayudarte con la decision.,seguimiento,0,frio,0
L02357,CHUCK_06,"Entiendo tu duda, te aclaro ese punto para que decidas con confianza.",objecion,0,tibio,1
L02358,CHUCK_05,Quedo atento para continuar cuando te venga bien.,seguimiento,1,tibio,1
L02359,CHUCK_09,Te comparto los beneficios para tu caso de uso.,consulta_producto,0,tibio,1
L02360,CHUCK_01,"Excelente decision, te ayudo a completar tu compra ahora.",compra,1,caliente,2
L02361,CHUCK_03,"Claro, te comparto el precio actualizado del plan.",consulta_precio,1,caliente,2
L02362,CHUCK_08,Retomo la conversacion para ayudarte con la decision.,seguimiento,0,frio,0
L02363,CHUCK_09,"Entiendo tu duda, te aclaro ese punto para que decidas con confianza.",objecion,0,frio,0
L02364,CHUCK_10,"Perfecto, te comparto el link de pago para cerrar la compra.",compra,0,caliente,2
L02365,CHUCK_06,"Tengo disponibilidad para demo, te paso horarios.",agendar_demo,0,tibio,1
L02366,CHUCK_03,Te comparo este plan frente a otras alternativas del mercado.,comparacion,0,tibio,1
L02367,CHUCK_07,"Tenemos stock disponible, puedo procesar tu compra en este momento.",compra,1,tibio,1
L02368,CHUCK_02,"Bienvenido, estoy para ayudarte con toda la informacion.",saludo,0,frio,0
L02369,CHUCK_06,"Claro, te comparto el precio actualizado del plan.",consulta_precio,1,caliente,2
L02370,CHUCK_02,"Tengo disponibilidad para demo, te paso horarios.",agendar_demo,0,tibio,1
L02371,CHUCK_09,Te comparo este plan frente a otras alternativas del mercado.,comparacion,1,caliente,2
L02372,CHUCK_06,"En relacion calidad-precio, esta opcion destaca por soporte y resultados.",comparacion,0,caliente,2
L02373,CHUCK_06,Te comparto los beneficios para tu caso de uso.,consulta_producto,0,tibio,1
L02374,CHUCK_07,"Si, te puedo detallar precios y promociones vigentes.",consulta_precio,1,tibio,1
L02375,CHUCK_10,"Perfecto, te comparto el link de pago para cerrar la compra.",compra,0,caliente,2
L02376,CHUCK_09,"Es normal tener esa inquietud, revisemos alternativas.",objecion,0,tibio,1
L02377,CHUCK_05,Te comparto los beneficios para tu caso de uso.,consulta_producto,1,tibio,1
L02378,CHUCK_05,Te ayudo con soporte tecnico paso a paso.,soporte,0,frio,0
L02379,CHUCK_10,Te comparo este plan frente a otras alternativas del mercado.,comparacion,1,tibio,1
L02380,CHUCK_09,"Tenemos stock disponible, puedo procesar tu compra en este momento.",compra,1,caliente,2
L02381,CHUCK_09,"Si quieres, te envio una tabla comparativa clara.",comparacion,1,caliente,2
L02382,CHUCK_01,Quedo atento para continuar cuando te venga bien.,seguimiento,1,tibio,1
L02383,CHUCK_02,"Hola, gracias por contactarnos. Como puedo ayudarte hoy?",saludo,0,frio,0
L02384,CHUCK_07,Te explico las caracteristicas principales del producto.,consulta_producto,0,frio,0
L02385,CHUCK_03,"El costo depende del paquete, te paso las opciones de precio.",consulta_precio,1,caliente,2
L02386,CHUCK_07,"Tengo disponibilidad para demo, te paso horarios.",agendar_demo,0,tibio,1
L02387,CHUCK_06,Este producto incluye soporte y configuracion inicial.,consulta_producto,0,frio,0
L02388,CHUCK_03,"Claro, te comparto el precio actualizado del plan.",consulta_precio,1,caliente,2
L02389,CHUCK_09,"Tenemos stock disponible, puedo procesar tu compra en este momento.",compra,1,caliente,2
L02390,CHUCK_05,"Hola, gracias por contactarnos. Como puedo ayudarte hoy?",saludo,0,frio,0
L02391,CHUCK_07,"Tenemos stock disponible, puedo procesar tu compra en este momento.",compra,0,tibio,1
L02392,CHUCK_03,"Entiendo tu duda, te aclaro ese punto para que decidas con confianza.",objecion,0,tibio,1
L02393,CHUCK_07,Te comparto los beneficios para tu caso de uso.,consulta_producto,1,tibio,1
L02394,CHUCK_05,Te explico las caracteristicas principales del producto.,consulta_producto,0,frio,0
L02395,CHUCK_07,Podemos resolver esa objecion con una opcion mas flexible.,objecion,0,tibio,1
L02396,CHUCK_05,"Perfecto, te comparto el link de pago para cerrar la compra.",compra,1,caliente,2
L02397,CHUCK_03,Te ayudo con soporte tecnico paso a paso.,soporte,0,frio,0
L02398,CHUCK_04,"Excelente decision, te ayudo a completar tu compra ahora.",compra,0,caliente,2
L02399,CHUCK_10,"Bienvenido, estoy para ayudarte con toda la informacion.",saludo,0,frio,0
L02400,CHUCK_06,Vamos a revisar ese inconveniente para resolverlo rapido.,soporte,0,frio,0
L02401,CHUCK_07,"Es normal tener esa inquietud, revisemos alternativas.",objecion,0,tibio,1
L02402,CHUCK_08,"Excelente decision, te ayudo a completar tu compra ahora.",compra,1,caliente,2
L02403,CHUCK_05,Vamos a revisar ese inconveniente para resolverlo rapido.,soporte,0,frio,0
L02404,CHUCK_02,"Excelente decision, te ayudo a completar tu compra ahora.",compra,1,caliente,2
L02405,CHUCK_07,Podemos agendar una demo de 20 minutos esta semana.,agendar_demo,0,tibio,1
L02406,CHUCK_09,Te comparto los beneficios para tu caso de uso.,consulta_producto,0,tibio,1
L02407,CHUCK_02,Te explico las caracteristicas principales del producto.,consulta_producto,0,frio,0
L02408,CHUCK_01,"Si, te puedo detallar precios y promociones vigentes.",consulta_precio,1,caliente,2
L02409,CHUCK_06,"Es normal tener esa inquietud, revisemos alternativas.",objecion,0,tibio,1
L02410,CHUCK_07,"Excelente decision, te ayudo a completar tu compra ahora.",compra,0,caliente,2
L02411,CHUCK_02,"Si quieres, te envio una tabla comparativa clara.",comparacion,0,tibio,1
L02412,CHUCK_06,"Si te parece, coordinamos una demostracion personalizada.",agendar_demo,1,caliente,2
L02413,CHUCK_07,"Claro, te comparto el precio actualizado del plan.",consulta_precio,1,tibio,1
L02414,CHUCK_10,Te comparto los beneficios para tu caso de uso.,consulta_producto,0,tibio,1
L02415,CHUCK_08,Fue un gusto ayudarte. Estoy disponible cuando lo necesites.,despedida,0,frio,0
L02416,CHUCK_03,Puedo guiarte para solucionar el problema ahora mismo.,soporte,0,frio,0
L02417,CHUCK_09,Podemos resolver esa objecion con una opcion mas flexible.,objecion,1,tibio,1
L02418,CHUCK_01,Este producto incluye soporte y configuracion inicial.,consulta_producto,0,tibio,1
L02419,CHUCK_05,Podemos resolver esa objecion con una opcion mas flexible.,objecion,0,tibio,1
L02420,CHUCK_07,"Si quieres, te envio una tabla comparativa clara.",comparacion,1,caliente,2
L02421,CHUCK_06,"Si, te puedo detallar precios y promociones vigentes.",consulta_precio,1,tibio,1
L02422,CHUCK_02,Te comparo este plan frente a otras alternativas del mercado.,comparacion,1,caliente,2
L02423,CHUCK_06,"Entiendo tu duda, te aclaro ese punto para que decidas con confianza.",objecion,0,frio,0
L02424,CHUCK_03,"Perfecto, hablamos pronto. Que tengas excelente dia.",despedida,0,frio,0
L02425,CHUCK_05,"Si, te puedo detallar precios y promociones vigentes.",consulta_precio,1,caliente,2
L02426,CHUCK_03,"Si te parece, coordinamos una demostracion personalizada.",agendar_demo,0,caliente,2
L02427,CHUCK_07,Te comparto los beneficios para tu caso de uso.,consulta_producto,0,frio,0
L02428,CHUCK_04,"Excelente decision, te ayudo a completar tu compra ahora.",compra,0,caliente,2
L02429,CHUCK_01,Te ayudo con soporte tecnico paso a paso.,soporte,0,frio,0
L02430,CHUCK_10,"Si quieres, te envio una tabla comparativa clara.",comparacion,1,tibio,1
L02431,CHUCK_05,Quedo atento para continuar cuando te venga bien.,seguimiento,0,tibio,1
L02432,CHUCK_09,"El costo depende del paquete, te paso las opciones de precio.",consulta_precio,1,tibio,1
L02433,CHUCK_10,"Bienvenido, estoy para ayudarte con toda la informacion.",saludo,0,frio,0
L02434,CHUCK_08,"Si, te puedo detallar precios y promociones vigentes.",consulta_precio,1,caliente,2
L02435,CHUCK_09,Este producto incluye soporte y configuracion inicial.,consulta_producto,0,frio,0
L02436,CHUCK_09,"Hola, un gusto saludarte. En que te asesoro?",saludo,0,frio,0
L02437,CHUCK_08,"Entiendo tu duda, te aclaro ese punto para que decidas con confianza.",objecion,0,tibio,1
L02438,CHUCK_05,"El costo depende del paquete, te paso las opciones de precio.",consulta_precio,1,caliente,2
L02439,CHUCK_07,"Excelente decision, te ayudo a completar tu compra ahora.",compra,1,caliente,2
L02440,CHUCK_06,Este producto incluye soporte y configuracion inicial.,consulta_producto,0,frio,0
L02441,CHUCK_04,"Excelente decision, te ayudo a completar tu compra ahora.",compra,0,tibio,1
L02442,CHUCK_07,"Si quieres, te envio una tabla comparativa clara.",comparacion,0,tibio,1
L02443,CHUCK_05,"Perfecto, hablamos pronto. Que tengas excelente dia.",despedida,0,frio,0
L02444,CHUCK_09,"Claro, te comparto el precio actualizado del plan.",consulta_precio,1,caliente,2
L02445,CHUCK_05,"Tenemos stock disponible, puedo procesar tu compra en este momento.",compra,0,caliente,2
L02446,CHUCK_10,"Si quieres, te envio una tabla comparativa clara.",comparacion,1,caliente,2
L02447,CHUCK_04,"Si, te puedo detallar precios y promociones vigentes.",consulta_precio,1,tibio,1
L02448,CHUCK_03,"Entiendo tu duda, te aclaro ese punto para que decidas con confianza.",objecion,0,tibio,1
L02449,CHUCK_08,"Gracias por tu tiempo, quedo atento a cualquier consulta.",despedida,0,frio,0
L02450,CHUCK_06,"Bienvenido, estoy para ayudarte con toda la informacion.",saludo,0,frio,0
L02451,CHUCK_07,Este producto incluye soporte y configuracion inicial.,consulta_producto,0,frio,0
L02452,CHUCK_09,"Tenemos stock disponible, puedo procesar tu compra en este momento.",compra,0,tibio,1
L02453,CHUCK_03,"Excelente decision, te ayudo a completar tu compra ahora.",compra,0,tibio,1
L02454,CHUCK_09,Quedo atento para continuar cuando te venga bien.,seguimiento,1,frio,0
L02455,CHUCK_03,Retomo la conversacion para ayudarte con la decision.,seguimiento,0,tibio,1
L02456,CHUCK_09,Te explico las caracteristicas principales del producto.,consulta_producto,0,tibio,1
L02457,CHUCK_07,Puedo guiarte para solucionar el problema ahora mismo.,soporte,1,frio,0
L02458,CHUCK_08,"En relacion calidad-precio, esta opcion destaca por soporte y resultados.",comparacion,1,tibio,1
L02459,CHUCK_05,"Entiendo tu duda, te aclaro ese punto para que decidas con confianza.",objecion,0,tibio,1
L02460,CHUCK_04,Podemos agendar una demo de 20 minutos esta semana.,agendar_demo,0,caliente,2
L02461,CHUCK_03,Te comparo este plan frente a otras alternativas del mercado.,comparacion,0,caliente,2
L02462,CHUCK_03,Fue un gusto ayudarte. Estoy disponible cuando lo necesites.,despedida,0,frio,0
L02463,CHUCK_01,Este producto incluye soporte y configuracion inicial.,consulta_producto,0,frio,0
L02464,CHUCK_06,"Perfecto, te comparto el link de pago para cerrar la compra.",compra,0,caliente,2
L02465,CHUCK_07,"Tengo disponibilidad para demo, te paso horarios.",agendar_demo,0,tibio,1
L02466,CHUCK_01,Te comparo este plan frente a otras alternativas del mercado.,comparacion,1,tibio,1
L02467,CHUCK_02,"El costo depende del paquete, te paso las opciones de precio.",consulta_precio,1,tibio,1
L02468,CHUCK_08,"Es normal tener esa inquietud, revisemos alternativas.",objecion,0,frio,0
L02469,CHUCK_01,"Es normal tener esa inquietud, revisemos alternativas.",objecion,0,frio,0
L02470,CHUCK_09,"Tenemos stock disponible, puedo procesar tu compra en este momento.",compra,1,caliente,2
L02471,CHUCK_01,Podemos agendar una demo de 20 minutos esta semana.,agendar_demo,0,tibio,1
L02472,CHUCK_09,"Perfecto, te comparto el link de pago para cerrar la compra.",compra,0,caliente,2
L02473,CHUCK_07,Este producto incluye soporte y configuracion inicial.,consulta_producto,0,tibio,1
L02474,CHUCK_04,"En relacion calidad-precio, esta opcion destaca por soporte y resultados.",comparacion,1,tibio,1
L02475,CHUCK_01,Vamos a revisar ese inconveniente para resolverlo rapido.,soporte,0,frio,0
L02476,CHUCK_09,"Es normal tener esa inquietud, revisemos alternativas.",objecion,0,tibio,1
L02477,CHUCK_03,Podemos resolver esa objecion con una opcion mas flexible.,objecion,0,frio,0
L02478,CHUCK_09,"Perfecto, te comparto el link de pago para cerrar la compra.",compra,1,caliente,2
L02479,CHUCK_02,"Si te parece, coordinamos una demostracion personalizada.",agendar_demo,1,caliente,2
L02480,CHUCK_01,"Es normal tener esa inquietud, revisemos alternativas.",objecion,0,tibio,1
L02481,CHUCK_09,"Es normal tener esa inquietud, revisemos alternativas.",objecion,0,frio,0
L02482,CHUCK_05,Puedo guiarte para solucionar el problema ahora mismo.,soporte,0,frio,0
L02483,CHUCK_05,"Perfecto, te comparto el link de pago para cerrar la compra.",compra,0,caliente,2
L02484,CHUCK_09,Te comparto los beneficios para tu caso de uso.,consulta_producto,0,tibio,1
L02485,CHUCK_03,Vamos a revisar ese inconveniente para resolverlo rapido.,soporte,0,frio,0
L02486,CHUCK_07,"Entiendo tu duda, te aclaro ese punto para que decidas con confianza.",objecion,0,tibio,1
L02487,CHUCK_08,"Tenemos stock disponible, puedo procesar tu compra en este momento.",compra,1,caliente,2
L02488,CHUCK_06,"Perfecto, te comparto el link de pago para cerrar la compra.",compra,1,caliente,2
L02489,CHUCK_06,"El costo depende del paquete, te paso las opciones de precio.",consulta_precio,1,caliente,2
L02490,CHUCK_07,Te comparo este plan frente a otras alternativas del mercado.,comparacion,1,tibio,1
L02491,CHUCK_09,"Si quieres, te envio una tabla comparativa clara.",comparacion,0,tibio,1
L02492,CHUCK_04,Puedo guiarte para solucionar el problema ahora mismo.,soporte,0,frio,0
L02493,CHUCK_09,Te ayudo con soporte tecnico paso a paso.,soporte,1,frio,0
L02494,CHUCK_09,Este producto incluye soporte y configuracion inicial.,consulta_producto,0,tibio,1
L02495,CHUCK_06,"Es normal tener esa inquietud, revisemos alternativas.",objecion,0,frio,0
L02496,CHUCK_06,"Claro, te comparto el precio actualizado del plan.",consulta_precio,1,tibio,1
L02497,CHUCK_10,"Bienvenido, estoy para ayudarte con toda la informacion.",saludo,0,frio,0
L02498,CHUCK_08,Te comparto los beneficios para tu caso de uso.,consulta_producto,1,tibio,1
L02499,CHUCK_06,"Tenemos stock disponible, puedo procesar tu compra en este momento.",compra,0,caliente,2
L02500,CHUCK_06,"Si, te puedo detallar precios y promociones vigentes.",consulta_precio,1,tibio,1
L02501,CHUCK_10,Vamos a revisar ese inconveniente para resolverlo rapido.,soporte,0,frio,0
L02502,CHUCK_05,"Tengo disponibilidad para demo, te paso horarios.",agendar_demo,0,caliente,2
L02503,CHUCK_05,"Si quieres, te envio una tabla comparativa clara.",comparacion,1,tibio,1
L02504,CHUCK_10,Te escribo para dar seguimiento a tu interes.,seguimiento,0,tibio,1
L02505,CHUCK_03,"Entiendo tu duda, te aclaro ese punto para que decidas con confianza.",objecion,0,frio,0
L02506,CHUCK_02,Te explico las caracteristicas principales del producto.,consulta_producto,0,tibio,1
L02507,CHUCK_08,Este producto incluye soporte y configuracion inicial.,consulta_producto,0,frio,0
L02508,CHUCK_06,"Si te parece, coordinamos una demostracion personalizada.",agendar_demo,0,tibio,1
L02509,CHUCK_03,Te explico las caracteristicas principales del producto.,consulta_producto,0,frio,0
L02510,CHUCK_02,"Perfecto, te comparto el link de pago para cerrar la compra.",compra,1,caliente,2
L02511,CHUCK_01,"Perfecto, te comparto el link de pago para cerrar la compra.",compra,0,caliente,2
L02512,CHUCK_02,Vamos a revisar ese inconveniente para resolverlo rapido.,soporte,0,frio,0
L02513,CHUCK_08,"El costo depende del paquete, te paso las opciones de precio.",consulta_precio,1,tibio,1
L02514,CHUCK_01,Este producto incluye soporte y configuracion inicial.,consulta_producto,0,tibio,1
L02515,CHUCK_03,"Hola, gracias por contactarnos. Como puedo ayudarte hoy?",saludo,0,frio,0
L02516,CHUCK_07,"Si, te puedo detallar precios y promociones vigentes.",consulta_precio,1,tibio,1
L02517,CHUCK_04,"Si, te puedo detallar precios y promociones vigentes.",consulta_precio,1,tibio,1
L02518,CHUCK_04,Te explico las caracteristicas principales del producto.,consulta_producto,0,tibio,1
L02519,CHUCK_03,"Tengo disponibilidad para demo, te paso horarios.",agendar_demo,0,tibio,1
L02520,CHUCK_05,"Tengo disponibilidad para demo, te paso horarios.",agendar_demo,0,tibio,1
L02521,CHUCK_07,"Si te parece, coordinamos una demostracion personalizada.",agendar_demo,0,tibio,1
L02522,CHUCK_08,Te explico las caracteristicas principales del producto.,consulta_producto,0,frio,0
L02523,CHUCK_05,Te explico las caracteristicas principales del producto.,consulta_producto,0,tibio,1
L02524,CHUCK_04,"Si quieres, te envio una tabla comparativa clara.",comparacion,1,tibio,1
L02525,CHUCK_03,Fue un gusto ayudarte. Estoy disponible cuando lo necesites.,despedida,0,frio,0
L02526,CHUCK_06,"Perfecto, te comparto el link de pago para cerrar la compra.",compra,1,caliente,2
L02527,CHUCK_10,"Perfecto, te comparto el link de pago para cerrar la compra.",compra,0,caliente,2
L02528,CHUCK_04,"Excelente decision, te ayudo a completar tu compra ahora.",compra,1,caliente,2
L02529,CHUCK_06,"Gracias por tu tiempo, quedo atento a cualquier consulta.",despedida,0,frio,0
L02530,CHUCK_07,Retomo la conversacion para ayudarte con la decision.,seguimiento,0,frio,0
L02531,CHUCK_05,"Perfecto, te comparto el link de pago para cerrar la compra.",compra,0,caliente,2
L02532,CHUCK_09,Te comparto los beneficios para tu caso de uso.,consulta_producto,1,frio,0
L02533,CHUCK_08,"Si, te puedo detallar precios y promociones vigentes.",consulta_precio,1,caliente,2
L02534,CHUCK_06,"Tenemos stock disponible, puedo procesar tu compra en este momento.",compra,0,caliente,2
L02535,CHUCK_03,"Si te parece, coordinamos una demostracion personalizada.",agendar_demo,0,tibio,1
L02536,CHUCK_02,Fue un gusto ayudarte. Estoy disponible cuando lo necesites.,despedida,0,frio,0
L02537,CHUCK_03,Este producto incluye soporte y configuracion inicial.,consulta_producto,0,frio,0
L02538,CHUCK_10,Te ayudo con soporte tecnico paso a paso.,soporte,0,frio,0
L02539,CHUCK_04,"Entiendo tu duda, te aclaro ese punto para que decidas con confianza.",objecion,0,tibio,1
L02540,CHUCK_03,"Si quieres, te envio una tabla comparativa clara.",comparacion,0,tibio,1
L02541,CHUCK_04,"Tengo disponibilidad para demo, te paso horarios.",agendar_demo,0,tibio,1
L02542,CHUCK_06,"Excelente decision, te ayudo a completar tu compra ahora.",compra,0,caliente,2
L02543,CHUCK_02,"Gracias por tu tiempo, quedo atento a cualquier consulta.",despedida,0,frio,0
L02544,CHUCK_10,Fue un gusto ayudarte. Estoy disponible cuando lo necesites.,despedida,0,frio,0
L02545,CHUCK_07,"Perfecto, te comparto el link de pago para cerrar la compra.",compra,1,caliente,2
L02546,CHUCK_05,Te escribo para dar seguimiento a tu interes.,seguimiento,0,tibio,1
L02547,CHUCK_10,Te escribo para dar seguimiento a tu interes.,seguimiento,0,tibio,1
L02548,CHUCK_04,Te ayudo con soporte tecnico paso a paso.,soporte,0,frio,0
L02549,CHUCK_03,Te explico las caracteristicas principales del producto.,consulta_producto,0,tibio,1
L02550,CHUCK_08,Este producto incluye soporte y configuracion inicial.,consulta_producto,0,frio,0
L02551,CHUCK_08,"Si quieres, te envio una tabla comparativa clara.",comparacion,0,tibio,1
L02552,CHUCK_03,Quedo atento para continuar cuando te venga bien.,seguimiento,1,frio,0
L02553,CHUCK_05,"Claro, te comparto el precio actualizado del plan.",consulta_precio,1,caliente,2
L02554,CHUCK_02,Retomo la conversacion para ayudarte con la decision.,seguimiento,0,tibio,1
L02555,CHUCK_03,"Es normal tener esa inquietud, revisemos alternativas.",objecion,0,tibio,1
L02556,CHUCK_02,"Si te parece, coordinamos una demostracion personalizada.",agendar_demo,0,caliente,2
L02557,CHUCK_08,"Perfecto, te comparto el link de pago para cerrar la compra.",compra,0,caliente,2
L02558,CHUCK_04,Este producto incluye soporte y configuracion inicial.,consulta_producto,0,frio,0
L02559,CHUCK_03,"Tengo disponibilidad para demo, te paso horarios.",agendar_demo,0,tibio,1
L02560,CHUCK_08,"Perfecto, te comparto el link de pago para cerrar la compra.",compra,0,caliente,2
L02561,CHUCK_09,"Si, te puedo detallar precios y promociones vigentes.",consulta_precio,1,caliente,2
L02562,CHUCK_01,Retomo la conversacion para ayudarte con la decision.,seguimiento,0,tibio,1
L02563,CHUCK_06,Quedo atento para continuar cuando te venga bien.,seguimiento,0,tibio,1
L02564,CHUCK_02,Quedo atento para continuar cuando te venga bien.,seguimiento,0,frio,0
L02565,CHUCK_05,Te escribo para dar seguimiento a tu interes.,seguimiento,0,tibio,1
L02566,CHUCK_04,Te comparto los beneficios para tu caso de uso.,consulta_producto,0,tibio,1
L02567,CHUCK_08,"Hola, un gusto saludarte. En que te asesoro?",saludo,0,frio,0
L02568,CHUCK_06,Podemos agendar una demo de 20 minutos esta semana.,agendar_demo,0,tibio,1
L02569,CHUCK_02,"Excelente decision, te ayudo a completar tu compra ahora.",compra,1,tibio,1
L02570,CHUCK_07,"Entiendo tu duda, te aclaro ese punto para que decidas con confianza.",objecion,0,tibio,1
L02571,CHUCK_04,"Perfecto, te comparto el link de pago para cerrar la compra.",compra,0,caliente,2
L02572,CHUCK_05,Puedo guiarte para solucionar el problema ahora mismo.,soporte,0,frio,0
L02573,CHUCK_08,"El costo depende del paquete, te paso las opciones de precio.",consulta_precio,1,tibio,1
L02574,CHUCK_08,Te explico las caracteristicas principales del producto.,consulta_producto,0,frio,0
L02575,CHUCK_01,"Excelente decision, te ayudo a completar tu compra ahora.",compra,1,caliente,2
L02576,CHUCK_06,"Excelente decision, te ayudo a completar tu compra ahora.",compra,0,tibio,1
L02577,CHUCK_02,"Hola, un gusto saludarte. En que te asesoro?",saludo,0,frio,0
L02578,CHUCK_09,"Claro, te comparto el precio actualizado del plan.",consulta_precio,1,caliente,2
L02579,CHUCK_05,Podemos resolver esa objecion con una opcion mas flexible.,objecion,0,tibio,1
L02580,CHUCK_04,Te escribo para dar seguimiento a tu interes.,seguimiento,0,tibio,1
L02581,CHUCK_09,"Tengo disponibilidad para demo, te paso horarios.",agendar_demo,0,tibio,1
L02582,CHUCK_04,"Si te parece, coordinamos una demostracion personalizada.",agendar_demo,0,tibio,1
L02583,CHUCK_06,"Gracias por tu tiempo, quedo atento a cualquier consulta.",despedida,0,frio,0
L02584,CHUCK_04,"Si te parece, coordinamos una demostracion personalizada.",agendar_demo,0,caliente,2
L02585,CHUCK_06,"Es normal tener esa inquietud, revisemos alternativas.",objecion,1,tibio,1
L02586,CHUCK_07,Te comparto los beneficios para tu caso de uso.,consulta_producto,0,tibio,1
L02587,CHUCK_03,"Entiendo tu duda, te aclaro ese punto para que decidas con confianza.",objecion,0,tibio,1
L02588,CHUCK_04,Te explico las caracteristicas principales del producto.,consulta_producto,0,frio,0
L02589,CHUCK_01,Quedo atento para continuar cuando te venga bien.,seguimiento,0,tibio,1
L02590,CHUCK_10,"Tenemos stock disponible, puedo procesar tu compra en este momento.",compra,1,caliente,2
L02591,CHUCK_02,"Perfecto, te comparto el link de pago para cerrar la compra.",compra,1,caliente,2
L02592,CHUCK_02,"Tenemos stock disponible, puedo procesar tu compra en este momento.",compra,0,caliente,2
L02593,CHUCK_01,Retomo la conversacion para ayudarte con la decision.,seguimiento,0,tibio,1
L02594,CHUCK_09,Te explico las caracteristicas principales del producto.,consulta_producto,0,tibio,1
L02595,CHUCK_04,Te comparo este plan frente a otras alternativas del mercado.,comparacion,1,caliente,2
L02596,CHUCK_04,"Si, te puedo detallar precios y promociones vigentes.",consulta_precio,1,caliente,2
L02597,CHUCK_03,"Excelente decision, te ayudo a completar tu compra ahora.",compra,0,caliente,2
L02598,CHUCK_05,"Entiendo tu duda, te aclaro ese punto para que decidas con confianza.",objecion,0,tibio,1
L02599,CHUCK_10,Te comparto los beneficios para tu caso de uso.,consulta_producto,1,tibio,1
L02600,CHUCK_07,"El costo depende del paquete, te paso las opciones de precio.",consulta_precio,1,tibio,1
L02601,CHUCK_05,Podemos resolver esa objecion con una opcion mas flexible.,objecion,0,tibio,1
L02602,CHUCK_07,"Entiendo tu duda, te aclaro ese punto para que decidas con confianza.",objecion,0,tibio,1
L02603,CHUCK_04,"Es normal tener esa inquietud, revisemos alternativas.",objecion,0,frio,0
L02604,CHUCK_02,Puedo guiarte para solucionar el problema ahora mismo.,soporte,1,frio,0
L02605,CHUCK_02,"Tengo disponibilidad para demo, te paso horarios.",agendar_demo,0,tibio,1
L02606,CHUCK_06,"El costo depende del paquete, te paso las opciones de precio.",consulta_precio,1,tibio,1
L02607,CHUCK_07,Puedo guiarte para solucionar el problema ahora mismo.,soporte,1,frio,0
L02608,CHUCK_04,Podemos agendar una demo de 20 minutos esta semana.,agendar_demo,0,caliente,2
L02609,CHUCK_10,Podemos agendar una demo de 20 minutos esta semana.,agendar_demo,0,tibio,1
L02610,CHUCK_03,"Hola, gracias por contactarnos. Como puedo ayudarte hoy?",saludo,0,frio,0
L02611,CHUCK_04,"Hola, un gusto saludarte. En que te asesoro?",saludo,0,frio,0
L02612,CHUCK_08,Quedo atento para continuar cuando te venga bien.,seguimiento,0,frio,0
L02613,CHUCK_05,"Si, te puedo detallar precios y promociones vigentes.",consulta_precio,1,tibio,1
L02614,CHUCK_10,Este producto incluye soporte y configuracion inicial.,consulta_producto,0,frio,0
L02615,CHUCK_09,"Hola, un gusto saludarte. En que te asesoro?",saludo,0,frio,0
L02616,CHUCK_08,Te explico las caracteristicas principales del producto.,consulta_producto,0,tibio,1
L02617,CHUCK_09,"En relacion calidad-precio, esta opcion destaca por soporte y resultados.",comparacion,1,tibio,1
L02618,CHUCK_07,Te comparto los beneficios para tu caso de uso.,consulta_producto,0,frio,0
L02619,CHUCK_06,Retomo la conversacion para ayudarte con la decision.,seguimiento,0,tibio,1
L02620,CHUCK_04,"Tenemos stock disponible, puedo procesar tu compra en este momento.",compra,0,caliente,2
L02621,CHUCK_10,"Perfecto, te comparto el link de pago para cerrar la compra.",compra,1,tibio,1
L02622,CHUCK_08,Te escribo para dar seguimiento a tu interes.,seguimiento,0,frio,0
L02623,CHUCK_08,Fue un gusto ayudarte. Estoy disponible cuando lo necesites.,despedida,0,frio,0
L02624,CHUCK_07,"Si, te puedo detallar precios y promociones vigentes.",consulta_precio,1,caliente,2
L02625,CHUCK_10,"Perfecto, te comparto el link de pago para cerrar la compra.",compra,1,caliente,2
L02626,CHUCK_02,"Tenemos stock disponible, puedo procesar tu compra en este momento.",compra,1,caliente,2
L02627,CHUCK_08,"Excelente decision, te ayudo a completar tu compra ahora.",compra,0,caliente,2
L02628,CHUCK_08,"Entiendo tu duda, te aclaro ese punto para que decidas con confianza.",objecion,1,tibio,1
L02629,CHUCK_06,"Claro, te comparto el precio actualizado del plan.",consulta_precio,1,tibio,1
L02630,CHUCK_02,Te comparto los beneficios para tu caso de uso.,consulta_producto,0,tibio,1
L02631,CHUCK_09,"Si, te puedo detallar precios y promociones vigentes.",consulta_precio,1,tibio,1
L02632,CHUCK_02,"Tengo disponibilidad para demo, te paso horarios.",agendar_demo,0,caliente,2
L02633,CHUCK_10,Te comparto los beneficios para tu caso de uso.,consulta_producto,0,frio,0
L02634,CHUCK_03,Te comparo este plan frente a otras alternativas del mercado.,comparacion,1,tibio,1
L02635,CHUCK_02,Este producto incluye soporte y configuracion inicial.,consulta_producto,0,tibio,1
L02636,CHUCK_07,"Excelente decision, te ayudo a completar tu compra ahora.",compra,1,tibio,1
L02637,CHUCK_04,Retomo la conversacion para ayudarte con la decision.,seguimiento,0,tibio,1
L02638,CHUCK_03,"Tenemos stock disponible, puedo procesar tu compra en este momento.",compra,1,caliente,2
L02639,CHUCK_10,"Tenemos stock disponible, puedo procesar tu compra en este momento.",compra,0,tibio,1
L02640,CHUCK_09,"En relacion calidad-precio, esta opcion destaca por soporte y resultados.",comparacion,1,tibio,1
L02641,CHUCK_03,"En relacion calidad-precio, esta opcion destaca por soporte y resultados.",comparacion,0,tibio,1
L02642,CHUCK_05,"Entiendo tu duda, te aclaro ese punto para que decidas con confianza.",objecion,0,tibio,1
L02643,CHUCK_06,Podemos resolver esa objecion con una opcion mas flexible.,objecion,0,frio,0
L02644,CHUCK_04,Te comparo este plan frente a otras alternativas del mercado.,comparacion,1,caliente,2
L02645,CHUCK_04,Te escribo para dar seguimiento a tu interes.,seguimiento,0,tibio,1
L02646,CHUCK_01,Te comparo este plan frente a otras alternativas del mercado.,comparacion,0,tibio,1
L02647,CHUCK_02,"Perfecto, hablamos pronto. Que tengas excelente dia.",despedida,0,frio,0
L02648,CHUCK_04,"Tengo disponibilidad para demo, te paso horarios.",agendar_demo,1,caliente,2
L02649,CHUCK_09,"Si te parece, coordinamos una demostracion personalizada.",agendar_demo,1,tibio,1
L02650,CHUCK_03,"Perfecto, te comparto el link de pago para cerrar la compra.",compra,0,caliente,2
L02651,CHUCK_07,Quedo atento para continuar cuando te venga bien.,seguimiento,0,tibio,1
L02652,CHUCK_05,Podemos resolver esa objecion con una opcion mas flexible.,objecion,0,tibio,1
L02653,CHUCK_03,"Perfecto, te comparto el link de pago para cerrar la compra.",compra,0,caliente,2
L02654,CHUCK_06,Podemos resolver esa objecion con una opcion mas flexible.,objecion,0,tibio,1
L02655,CHUCK_09,"Perfecto, te comparto el link de pago para cerrar la compra.",compra,1,caliente,2
L02656,CHUCK_03,Retomo la conversacion para ayudarte con la decision.,seguimiento,0,frio,0
L02657,CHUCK_04,Te explico las caracteristicas principales del producto.,consulta_producto,0,frio,0
L02658,CHUCK_01,"Es normal tener esa inquietud, revisemos alternativas.",objecion,1,tibio,1
L02659,CHUCK_08,Este producto incluye soporte y configuracion inicial.,consulta_producto,0,tibio,1
L02660,CHUCK_03,Este producto incluye soporte y configuracion inicial.,consulta_producto,0,frio,0
L02661,CHUCK_05,"Perfecto, te comparto el link de pago para cerrar la compra.",compra,0,caliente,2
L02662,CHUCK_03,"Si te parece, coordinamos una demostracion personalizada.",agendar_demo,0,caliente,2
L02663,CHUCK_04,"Si, te puedo detallar precios y promociones vigentes.",consulta_precio,1,tibio,1
L02664,CHUCK_01,Te comparto los beneficios para tu caso de uso.,consulta_producto,0,frio,0
L02665,CHUCK_03,"Si, te puedo detallar precios y promociones vigentes.",consulta_precio,1,caliente,2
L02666,CHUCK_04,"Tengo disponibilidad para demo, te paso horarios.",agendar_demo,0,caliente,2
L02667,CHUCK_03,"Tenemos stock disponible, puedo procesar tu compra en este momento.",compra,1,caliente,2
L02668,CHUCK_03,Te explico las caracteristicas principales del producto.,consulta_producto,1,tibio,1
L02669,CHUCK_03,"Claro, te comparto el precio actualizado del plan.",consulta_precio,1,tibio,1
L02670,CHUCK_04,"Hola, un gusto saludarte. En que te asesoro?",saludo,0,frio,0
L02671,CHUCK_07,Fue un gusto ayudarte. Estoy disponible cuando lo necesites.,despedida,0,frio,0
L02672,CHUCK_06,"Si quieres, te envio una tabla comparativa clara.",comparacion,1,tibio,1
L02673,CHUCK_06,"El costo depende del paquete, te paso las opciones de precio.",consulta_precio,1,tibio,1
L02674,CHUCK_02,"Si, te puedo detallar precios y promociones vigentes.",consulta_precio,1,tibio,1
L02675,CHUCK_09,Puedo guiarte para solucionar el problema ahora mismo.,soporte,0,frio,0
L02676,CHUCK_06,"Hola, gracias por contactarnos. Como puedo ayudarte hoy?",saludo,1,frio,0
L02677,CHUCK_04,Este producto incluye soporte y configuracion inicial.,consulta_producto,0,frio,0
L02678,CHUCK_06,"Claro, te comparto el precio actualizado del plan.",consulta_precio,1,tibio,1
L02679,CHUCK_02,"Gracias por tu tiempo, quedo atento a cualquier consulta.",despedida,0,frio,0
L02680,CHUCK_05,"Excelente decision, te ayudo a completar tu compra ahora.",compra,1,caliente,2
L02681,CHUCK_01,"Perfecto, te comparto el link de pago para cerrar la compra.",compra,0,caliente,2
L02682,CHUCK_07,"Si te parece, coordinamos una demostracion personalizada.",agendar_demo,0,tibio,1
L02683,CHUCK_07,Retomo la conversacion para ayudarte con la decision.,seguimiento,0,tibio,1
L02684,CHUCK_07,Quedo atento para continuar cuando te venga bien.,seguimiento,0,tibio,1
L02685,CHUCK_04,"Tenemos stock disponible, puedo procesar tu compra en este momento.",compra,0,caliente,2
L02686,CHUCK_06,Fue un gusto ayudarte. Estoy disponible cuando lo necesites.,despedida,0,frio,0
L02687,CHUCK_05,Te ayudo con soporte tecnico paso a paso.,soporte,0,frio,0
L02688,CHUCK_06,"Si, te puedo detallar precios y promociones vigentes.",consulta_precio,1,tibio,1
L02689,CHUCK_07,Este producto incluye soporte y configuracion inicial.,consulta_producto,1,tibio,1
L02690,CHUCK_09,"Hola, un gusto saludarte. En que te asesoro?",saludo,0,frio,0
L02691,CHUCK_07,Este producto incluye soporte y configuracion inicial.,consulta_producto,0,frio,0
L02692,CHUCK_01,Podemos resolver esa objecion con una opcion mas flexible.,objecion,0,tibio,1
L02693,CHUCK_03,Este producto incluye soporte y configuracion inicial.,consulta_producto,0,tibio,1
L02694,CHUCK_02,"Perfecto, te comparto el link de pago para cerrar la compra.",compra,0,tibio,1
L02695,CHUCK_01,"Tengo disponibilidad para demo, te paso horarios.",agendar_demo,0,caliente,2
L02696,CHUCK_03,"Perfecto, hablamos pronto. Que tengas excelente dia.",despedida,0,frio,0
L02697,CHUCK_08,"Si te parece, coordinamos una demostracion personalizada.",agendar_demo,0,tibio,1
L02698,CHUCK_04,Retomo la conversacion para ayudarte con la decision.,seguimiento,0,tibio,1
L02699,CHUCK_04,"El costo depende del paquete, te paso las opciones de precio.",consulta_precio,1,tibio,1
L02700,CHUCK_02,Puedo guiarte para solucionar el problema ahora mismo.,soporte,0,frio,0
L02701,CHUCK_04,"Bienvenido, estoy para ayudarte con toda la informacion.",saludo,0,frio,0
L02702,CHUCK_08,"Excelente decision, te ayudo a completar tu compra ahora.",compra,1,caliente,2
L02703,CHUCK_09,"Claro, te comparto el precio actualizado del plan.",consulta_precio,1,caliente,2
L02704,CHUCK_01,"Hola, un gusto saludarte. En que te asesoro?",saludo,0,frio,0
L02705,CHUCK_07,"Tengo disponibilidad para demo, te paso horarios.",agendar_demo,0,tibio,1
L02706,CHUCK_07,"Si, te puedo detallar precios y promociones vigentes.",consulta_precio,1,tibio,1
L02707,CHUCK_01,Este producto incluye soporte y configuracion inicial.,consulta_producto,0,tibio,1
L02708,CHUCK_05,Te escribo para dar seguimiento a tu interes.,seguimiento,0,frio,0
L02709,CHUCK_10,"Excelente decision, te ayudo a completar tu compra ahora.",compra,0,caliente,2
L02710,CHUCK_09,Podemos resolver esa objecion con una opcion mas flexible.,objecion,0,tibio,1
L02711,CHUCK_03,"Excelente decision, te ayudo a completar tu compra ahora.",compra,1,caliente,2
L02712,CHUCK_09,"Perfecto, te comparto el link de pago para cerrar la compra.",compra,1,caliente,2
L02713,CHUCK_03,"Perfecto, te comparto el link de pago para cerrar la compra.",compra,0,caliente,2
L02714,CHUCK_10,Retomo la conversacion para ayudarte con la decision.,seguimiento,0,tibio,1
L02715,CHUCK_07,Retomo la conversacion para ayudarte con la decision.,seguimiento,0,tibio,1
L02716,CHUCK_01,Te explico las caracteristicas principales del producto.,consulta_producto,0,frio,0
L02717,CHUCK_09,"Hola, un gusto saludarte. En que te asesoro?",saludo,0,frio,0
L02718,CHUCK_04,"Tenemos stock disponible, puedo procesar tu compra en este momento.",compra,0,caliente,2
L02719,CHUCK_08,Vamos a revisar ese inconveniente para resolverlo rapido.,soporte,0,frio,0
L02720,CHUCK_09,"Entiendo tu duda, te aclaro ese punto para que decidas con confianza.",objecion,0,frio,0
L02721,CHUCK_07,"Tenemos stock disponible, puedo procesar tu compra en este momento.",compra,0,caliente,2
L02722,CHUCK_05,Te escribo para dar seguimiento a tu interes.,seguimiento,0,tibio,1
L02723,CHUCK_05,Puedo guiarte para solucionar el problema ahora mismo.,soporte,0,frio,0
L02724,CHUCK_02,"Perfecto, hablamos pronto. Que tengas excelente dia.",despedida,0,frio,0
L02725,CHUCK_01,"En relacion calidad-precio, esta opcion destaca por soporte y resultados.",comparacion,1,tibio,1
L02726,CHUCK_02,Podemos resolver esa objecion con una opcion mas flexible.,objecion,0,tibio,1
L02727,CHUCK_05,"Perfecto, te comparto el link de pago para cerrar la compra.",compra,1,caliente,2
L02728,CHUCK_03,Te comparo este plan frente a otras alternativas del mercado.,comparacion,0,tibio,1
L02729,CHUCK_05,"Excelente decision, te ayudo a completar tu compra ahora.",compra,0,caliente,2
L02730,CHUCK_08,"Claro, te comparto el precio actualizado del plan.",consulta_precio,1,tibio,1
L02731,CHUCK_07,Retomo la conversacion para ayudarte con la decision.,seguimiento,0,frio,0
L02732,CHUCK_02,"Hola, un gusto saludarte. En que te asesoro?",saludo,0,frio,0
L02733,CHUCK_03,Te comparo este plan frente a otras alternativas del mercado.,comparacion,1,caliente,2
L02734,CHUCK_08,"Es normal tener esa inquietud, revisemos alternativas.",objecion,0,tibio,1
L02735,CHUCK_07,"Bienvenido, estoy para ayudarte con toda la informacion.",saludo,0,frio,0
L02736,CHUCK_08,"Si te parece, coordinamos una demostracion personalizada.",agendar_demo,0,tibio,1
L02737,CHUCK_01,Te explico las caracteristicas principales del producto.,consulta_producto,0,frio,0
L02738,CHUCK_07,"Gracias por tu tiempo, quedo atento a cualquier consulta.",despedida,0,frio,0
L02739,CHUCK_04,"Tengo disponibilidad para demo, te paso horarios.",agendar_demo,0,tibio,1
L02740,CHUCK_05,"Perfecto, te comparto el link de pago para cerrar la compra.",compra,1,caliente,2
L02741,CHUCK_06,"Tenemos stock disponible, puedo procesar tu compra en este momento.",compra,1,tibio,1
L02742,CHUCK_06,"Tenemos stock disponible, puedo procesar tu compra en este momento.",compra,0,tibio,1
L02743,CHUCK_05,"Es normal tener esa inquietud, revisemos alternativas.",objecion,0,tibio,1
L02744,CHUCK_04,Te escribo para dar seguimiento a tu interes.,seguimiento,0,frio,0
L02745,CHUCK_01,"Si, te puedo detallar precios y promociones vigentes.",consulta_precio,1,caliente,2
L02746,CHUCK_10,"Hola, gracias por contactarnos. Como puedo ayudarte hoy?",saludo,0,frio,0
L02747,CHUCK_09,"Si, te puedo detallar precios y promociones vigentes.",consulta_precio,1,tibio,1
L02748,CHUCK_01,Puedo guiarte para solucionar el problema ahora mismo.,soporte,0,frio,0
L02749,CHUCK_01,"Es normal tener esa inquietud, revisemos alternativas.",objecion,0,tibio,1
L02750,CHUCK_05,"Si, te puedo detallar precios y promociones vigentes.",consulta_precio,1,tibio,1
L02751,CHUCK_05,"En relacion calidad-precio, esta opcion destaca por soporte y resultados.",comparacion,1,tibio,1
L02752,CHUCK_02,Quedo atento para continuar cuando te venga bien.,seguimiento,0,tibio,1
L02753,CHUCK_02,"Perfecto, te comparto el link de pago para cerrar la compra.",compra,1,caliente,2
L02754,CHUCK_10,Podemos resolver esa objecion con una opcion mas flexible.,objecion,1,frio,0
L02755,CHUCK_02,"Tengo disponibilidad para demo, te paso horarios.",agendar_demo,0,tibio,1
L02756,CHUCK_09,Este producto incluye soporte y configuracion inicial.,consulta_producto,0,tibio,1
L02757,CHUCK_08,Te escribo para dar seguimiento a tu interes.,seguimiento,0,tibio,1
L02758,CHUCK_07,"Tenemos stock disponible, puedo procesar tu compra en este momento.",compra,1,caliente,2
L02759,CHUCK_02,Te escribo para dar seguimiento a tu interes.,seguimiento,0,tibio,1
L02760,CHUCK_01,"Perfecto, hablamos pronto. Que tengas excelente dia.",despedida,0,frio,0
L02761,CHUCK_02,Podemos resolver esa objecion con una opcion mas flexible.,objecion,0,tibio,1
L02762,CHUCK_10,Te explico las caracteristicas principales del producto.,consulta_producto,0,tibio,1
L02763,CHUCK_03,Podemos resolver esa objecion con una opcion mas flexible.,objecion,0,tibio,1
L02764,CHUCK_09,"Tenemos stock disponible, puedo procesar tu compra en este momento.",compra,1,caliente,2
L02765,CHUCK_07,"El costo depende del paquete, te paso las opciones de precio.",consulta_precio,1,tibio,1
L02766,CHUCK_08,"El costo depende del paquete, te paso las opciones de precio.",consulta_precio,1,tibio,1
L02767,CHUCK_07,Retomo la conversacion para ayudarte con la decision.,seguimiento,0,tibio,1
L02768,CHUCK_02,"Perfecto, te comparto el link de pago para cerrar la compra.",compra,0,tibio,1
L02769,CHUCK_07,"El costo depende del paquete, te paso las opciones de precio.",consulta_precio,1,tibio,1
L02770,CHUCK_09,"Si, te puedo detallar precios y promociones vigentes.",consulta_precio,1,caliente,2
L02771,CHUCK_01,Te explico las caracteristicas principales del producto.,consulta_producto,0,tibio,1
L02772,CHUCK_07,"Si, te puedo detallar precios y promociones vigentes.",consulta_precio,1,tibio,1
L02773,CHUCK_06,"Excelente decision, te ayudo a completar tu compra ahora.",compra,1,tibio,1
L02774,CHUCK_05,"Perfecto, te comparto el link de pago para cerrar la compra.",compra,1,caliente,2
L02775,CHUCK_05,"Perfecto, te comparto el link de pago para cerrar la compra.",compra,1,caliente,2
L02776,CHUCK_06,"Tengo disponibilidad para demo, te paso horarios.",agendar_demo,0,tibio,1
L02777,CHUCK_08,"Perfecto, te comparto el link de pago para cerrar la compra.",compra,1,caliente,2
L02778,CHUCK_05,Te comparto los beneficios para tu caso de uso.,consulta_producto,0,frio,0
L02779,CHUCK_06,"Hola, gracias por contactarnos. Como puedo ayudarte hoy?",saludo,1,frio,0
L02780,CHUCK_02,"Excelente decision, te ayudo a completar tu compra ahora.",compra,0,caliente,2
L02781,CHUCK_05,Te explico las caracteristicas principales del producto.,consulta_producto,0,frio,0
L02782,CHUCK_01,Te explico las caracteristicas principales del producto.,consulta_producto,0,frio,0
L02783,CHUCK_08,"Tenemos stock disponible, puedo procesar tu compra en este momento.",compra,1,caliente,2
L02784,CHUCK_03,Te explico las caracteristicas principales del producto.,consulta_producto,0,frio,0
L02785,CHUCK_01,"Perfecto, te comparto el link de pago para cerrar la compra.",compra,1,tibio,1
L02786,CHUCK_02,Quedo atento para continuar cuando te venga bien.,seguimiento,0,tibio,1
L02787,CHUCK_05,"Hola, un gusto saludarte. En que te asesoro?",saludo,1,frio,0
L02788,CHUCK_07,"Perfecto, te comparto el link de pago para cerrar la compra.",compra,0,caliente,2
L02789,CHUCK_06,"Claro, te comparto el precio actualizado del plan.",consulta_precio,1,caliente,2
L02790,CHUCK_08,"Tenemos stock disponible, puedo procesar tu compra en este momento.",compra,1,caliente,2
L02791,CHUCK_03,Te explico las caracteristicas principales del producto.,consulta_producto,0,tibio,1
L02792,CHUCK_05,"Bienvenido, estoy para ayudarte con toda la informacion.",saludo,0,frio,0
L02793,CHUCK_10,"Perfecto, te comparto el link de pago para cerrar la compra.",compra,1,caliente,2
L02794,CHUCK_07,"Tenemos stock disponible, puedo procesar tu compra en este momento.",compra,0,caliente,2
L02795,CHUCK_04,"Excelente decision, te ayudo a completar tu compra ahora.",compra,1,caliente,2
L02796,CHUCK_01,Te escribo para dar seguimiento a tu interes.,seguimiento,0,frio,0
L02797,CHUCK_10,"El costo depende del paquete, te paso las opciones de precio.",consulta_precio,1,caliente,2
L02798,CHUCK_02,Podemos agendar una demo de 20 minutos esta semana.,agendar_demo,0,tibio,1
L02799,CHUCK_06,"Si, te puedo detallar precios y promociones vigentes.",consulta_precio,1,tibio,1
L02800,CHUCK_07,"Gracias por tu tiempo, quedo atento a cualquier consulta.",despedida,0,frio,0
L02801,CHUCK_03,Fue un gusto ayudarte. Estoy disponible cuando lo necesites.,despedida,0,frio,0
L02802,CHUCK_05,"Tengo disponibilidad para demo, te paso horarios.",agendar_demo,0,caliente,2
L02803,CHUCK_09,"Tengo disponibilidad para demo, te paso horarios.",agendar_demo,0,caliente,2
L02804,CHUCK_02,"Hola, gracias por contactarnos. Como puedo ayudarte hoy?",saludo,0,frio,0
L02805,CHUCK_06,"Si, te puedo detallar precios y promociones vigentes.",consulta_precio,1,tibio,1
L02806,CHUCK_09,"Hola, gracias por contactarnos. Como puedo ayudarte hoy?",saludo,0,frio,0
L02807,CHUCK_04,"Entiendo tu duda, te aclaro ese punto para que decidas con confianza.",objecion,0,tibio,1
L02808,CHUCK_07,Quedo atento para continuar cuando te venga bien.,seguimiento,0,tibio,1
L02809,CHUCK_02,Te ayudo con soporte tecnico paso a paso.,soporte,0,frio,0
L02810,CHUCK_04,"Claro, te comparto el precio actualizado del plan.",consulta_precio,1,tibio,1
L02811,CHUCK_01,"Es normal tener esa inquietud, revisemos alternativas.",objecion,0,frio,0
L02812,CHUCK_04,"Perfecto, hablamos pronto. Que tengas excelente dia.",despedida,0,frio,0
L02813,CHUCK_03,"El costo depende del paquete, te paso las opciones de precio.",consulta_precio,1,tibio,1
L02814,CHUCK_09,"Hola, un gusto saludarte. En que te asesoro?",saludo,0,frio,0
L02815,CHUCK_03,"Entiendo tu duda, te aclaro ese punto para que decidas con confianza.",objecion,0,frio,0
L02816,CHUCK_05,"Tenemos stock disponible, puedo procesar tu compra en este momento.",compra,1,tibio,1
L02817,CHUCK_04,"Excelente decision, te ayudo a completar tu compra ahora.",compra,1,caliente,2
L02818,CHUCK_08,Este producto incluye soporte y configuracion inicial.,consulta_producto,0,frio,0
L02819,CHUCK_10,"Tenemos stock disponible, puedo procesar tu compra en este momento.",compra,0,caliente,2
L02820,CHUCK_09,Este producto incluye soporte y configuracion inicial.,consulta_producto,0,tibio,1
L02821,CHUCK_04,Quedo atento para continuar cuando te venga bien.,seguimiento,0,frio,0
L02822,CHUCK_01,Podemos resolver esa objecion con una opcion mas flexible.,objecion,0,tibio,1
L02823,CHUCK_05,"Perfecto, te comparto el link de pago para cerrar la compra.",compra,1,caliente,2
L02824,CHUCK_02,"Claro, te comparto el precio actualizado del plan.",consulta_precio,1,caliente,2
L02825,CHUCK_08,Podemos agendar una demo de 20 minutos esta semana.,agendar_demo,0,caliente,2
L02826,CHUCK_04,"Bienvenido, estoy para ayudarte con toda la informacion.",saludo,0,frio,0
L02827,CHUCK_01,Fue un gusto ayudarte. Estoy disponible cuando lo necesites.,despedida,0,frio,0
L02828,CHUCK_10,"Perfecto, hablamos pronto. Que tengas excelente dia.",despedida,0,frio,0
L02829,CHUCK_06,"Si te parece, coordinamos una demostracion personalizada.",agendar_demo,0,tibio,1
L02830,CHUCK_05,"Excelente decision, te ayudo a completar tu compra ahora.",compra,1,caliente,2
L02831,CHUCK_04,"El costo depende del paquete, te paso las opciones de precio.",consulta_precio,1,tibio,1
L02832,CHUCK_06,"Si quieres, te envio una tabla comparativa clara.",comparacion,1,caliente,2
L02833,CHUCK_08,"Claro, te comparto el precio actualizado del plan.",consulta_precio,1,tibio,1
L02834,CHUCK_03,Te explico las caracteristicas principales del producto.,consulta_producto,0,frio,0
L02835,CHUCK_06,Este producto incluye soporte y configuracion inicial.,consulta_producto,0,frio,0
L02836,CHUCK_07,Te comparo este plan frente a otras alternativas del mercado.,comparacion,1,tibio,1
L02837,CHUCK_04,Vamos a revisar ese inconveniente para resolverlo rapido.,soporte,0,frio,0
L02838,CHUCK_02,Retomo la conversacion para ayudarte con la decision.,seguimiento,0,tibio,1
L02839,CHUCK_02,"Si quieres, te envio una tabla comparativa clara.",comparacion,1,caliente,2
L02840,CHUCK_05,"Perfecto, te comparto el link de pago para cerrar la compra.",compra,0,caliente,2
L02841,CHUCK_03,Te comparto los beneficios para tu caso de uso.,consulta_producto,0,tibio,1
L02842,CHUCK_02,Te ayudo con soporte tecnico paso a paso.,soporte,0,frio,0
L02843,CHUCK_09,Este producto incluye soporte y configuracion inicial.,consulta_producto,0,tibio,1
L02844,CHUCK_04,"Si, te puedo detallar precios y promociones vigentes.",consulta_precio,1,tibio,1
L02845,CHUCK_01,Te comparo este plan frente a otras alternativas del mercado.,comparacion,1,tibio,1
L02846,CHUCK_09,Te escribo para dar seguimiento a tu interes.,seguimiento,0,tibio,1
L02847,CHUCK_05,Fue un gusto ayudarte. Estoy disponible cuando lo necesites.,despedida,0,frio,0
L02848,CHUCK_08,Retomo la conversacion para ayudarte con la decision.,seguimiento,0,tibio,1
L02849,CHUCK_03,"Gracias por tu tiempo, quedo atento a cualquier consulta.",despedida,0,frio,0
L02850,CHUCK_03,"Hola, un gusto saludarte. En que te asesoro?",saludo,0,frio,0
L02851,CHUCK_07,Podemos resolver esa objecion con una opcion mas flexible.,objecion,0,frio,0
L02852,CHUCK_03,Te explico las caracteristicas principales del producto.,consulta_producto,0,tibio,1
L02853,CHUCK_07,"Excelente decision, te ayudo a completar tu compra ahora.",compra,0,tibio,1
L02854,CHUCK_02,"Tenemos stock disponible, puedo procesar tu compra en este momento.",compra,1,tibio,1
L02855,CHUCK_06,Te comparto los beneficios para tu caso de uso.,consulta_producto,0,frio,0
L02856,CHUCK_08,Te escribo para dar seguimiento a tu interes.,seguimiento,0,tibio,1
L02857,CHUCK_04,Te escribo para dar seguimiento a tu interes.,seguimiento,0,tibio,1
L02858,CHUCK_05,Te ayudo con soporte tecnico paso a paso.,soporte,1,frio,0
L02859,CHUCK_08,"Si, te puedo detallar precios y promociones vigentes.",consulta_precio,1,caliente,2
L02860,CHUCK_08,"Si quieres, te envio una tabla comparativa clara.",comparacion,0,tibio,1
L02861,CHUCK_09,"Es normal tener esa inquietud, revisemos alternativas.",objecion,1,tibio,1
L02862,CHUCK_06,"Si te parece, coordinamos una demostracion personalizada.",agendar_demo,0,caliente,2
L02863,CHUCK_09,Vamos a revisar ese inconveniente para resolverlo rapido.,soporte,0,frio,0
L02864,CHUCK_09,"Tengo disponibilidad para demo, te paso horarios.",agendar_demo,0,tibio,1
L02865,CHUCK_05,"Bienvenido, estoy para ayudarte con toda la informacion.",saludo,0,frio,0
L02866,CHUCK_02,Te comparo este plan frente a otras alternativas del mercado.,comparacion,0,tibio,1
L02867,CHUCK_02,Retomo la conversacion para ayudarte con la decision.,seguimiento,0,tibio,1
L02868,CHUCK_10,"Excelente decision, te ayudo a completar tu compra ahora.",compra,0,caliente,2
L02869,CHUCK_10,Te explico las caracteristicas principales del producto.,consulta_producto,0,tibio,1
L02870,CHUCK_05,Te comparto los beneficios para tu caso de uso.,consulta_producto,0,frio,0
L02871,CHUCK_10,Podemos resolver esa objecion con una opcion mas flexible.,objecion,0,frio,0
L02872,CHUCK_05,"Es normal tener esa inquietud, revisemos alternativas.",objecion,0,tibio,1
L02873,CHUCK_02,"Claro, te comparto el precio actualizado del plan.",consulta_precio,1,tibio,1
L02874,CHUCK_04,"Perfecto, hablamos pronto. Que tengas excelente dia.",despedida,0,frio,0
L02875,CHUCK_09,Podemos resolver esa objecion con una opcion mas flexible.,objecion,0,tibio,1
L02876,CHUCK_02,Te explico las caracteristicas principales del producto.,consulta_producto,1,tibio,1
L02877,CHUCK_10,"Hola, gracias por contactarnos. Como puedo ayudarte hoy?",saludo,0,frio,0
L02878,CHUCK_02,Podemos agendar una demo de 20 minutos esta semana.,agendar_demo,0,tibio,1
L02879,CHUCK_10,"Hola, gracias por contactarnos. Como puedo ayudarte hoy?",saludo,0,frio,0
L02880,CHUCK_07,"Tenemos stock disponible, puedo procesar tu compra en este momento.",compra,0,tibio,1
L02881,CHUCK_03,Te comparto los beneficios para tu caso de uso.,consulta_producto,0,frio,0
L02882,CHUCK_04,Podemos agendar una demo de 20 minutos esta semana.,agendar_demo,1,tibio,1
L02883,CHUCK_08,Podemos agendar una demo de 20 minutos esta semana.,agendar_demo,0,tibio,1
L02884,CHUCK_09,"Perfecto, te comparto el link de pago para cerrar la compra.",compra,0,caliente,2
L02885,CHUCK_04,"Perfecto, te comparto el link de pago para cerrar la compra.",compra,1,caliente,2
L02886,CHUCK_10,"Claro, te comparto el precio actualizado del plan.",consulta_precio,1,caliente,2
L02887,CHUCK_09,Te comparto los beneficios para tu caso de uso.,consulta_producto,0,frio,0
L02888,CHUCK_04,Te comparto los beneficios para tu caso de uso.,consulta_producto,0,frio,0
L02889,CHUCK_05,Podemos agendar una demo de 20 minutos esta semana.,agendar_demo,0,tibio,1
L02890,CHUCK_08,Te explico las caracteristicas principales del producto.,consulta_producto,0,tibio,1
L02891,CHUCK_06,Te comparto los beneficios para tu caso de uso.,consulta_producto,0,tibio,1
L02892,CHUCK_06,"Perfecto, te comparto el link de pago para cerrar la compra.",compra,1,tibio,1
L02893,CHUCK_09,"Si quieres, te envio una tabla comparativa clara.",comparacion,1,caliente,2
L02894,CHUCK_02,"El costo depende del paquete, te paso las opciones de precio.",consulta_precio,1,caliente,2
L02895,CHUCK_09,"Perfecto, hablamos pronto. Que tengas excelente dia.",despedida,0,frio,0
L02896,CHUCK_04,"Claro, te comparto el precio actualizado del plan.",consulta_precio,1,tibio,1
L02897,CHUCK_01,"Claro, te comparto el precio actualizado del plan.",consulta_precio,1,tibio,1
L02898,CHUCK_02,"Perfecto, hablamos pronto. Que tengas excelente dia.",despedida,1,frio,0
L02899,CHUCK_10,"Excelente decision, te ayudo a completar tu compra ahora.",compra,0,caliente,2
L02900,CHUCK_03,"Es normal tener esa inquietud, revisemos alternativas.",objecion,0,tibio,1
L02901,CHUCK_10,"Si quieres, te envio una tabla comparativa clara.",comparacion,1,tibio,1
L02902,CHUCK_07,"El costo depende del paquete, te paso las opciones de precio.",consulta_precio,1,caliente,2
L02903,CHUCK_03,"Si, te puedo detallar precios y promociones vigentes.",consulta_precio,1,caliente,2
L02904,CHUCK_04,Te ayudo con soporte tecnico paso a paso.,soporte,0,frio,0
L02905,CHUCK_10,"Tengo disponibilidad para demo, te paso horarios.",agendar_demo,0,tibio,1
L02906,CHUCK_03,Te comparo este plan frente a otras alternativas del mercado.,comparacion,1,tibio,1
L02907,CHUCK_06,Podemos agendar una demo de 20 minutos esta semana.,agendar_demo,1,caliente,2
L02908,CHUCK_01,Este producto incluye soporte y configuracion inicial.,consulta_producto,0,frio,0
L02909,CHUCK_05,"Claro, te comparto el precio actualizado del plan.",consulta_precio,1,caliente,2
L02910,CHUCK_09,"Si quieres, te envio una tabla comparativa clara.",comparacion,1,tibio,1
L02911,CHUCK_01,Este producto incluye soporte y configuracion inicial.,consulta_producto,0,tibio,1
L02912,CHUCK_01,"Excelente decision, te ayudo a completar tu compra ahora.",compra,1,caliente,2
L02913,CHUCK_02,"Claro, te comparto el precio actualizado del plan.",consulta_precio,1,tibio,1
L02914,CHUCK_05,"Si quieres, te envio una tabla comparativa clara.",comparacion,1,tibio,1
L02915,CHUCK_10,Te explico las caracteristicas principales del producto.,consulta_producto,0,frio,0
L02916,CHUCK_01,"Excelente decision, te ayudo a completar tu compra ahora.",compra,0,caliente,2
L02917,CHUCK_07,"Claro, te comparto el precio actualizado del plan.",consulta_precio,1,caliente,2
L02918,CHUCK_01,"En relacion calidad-precio, esta opcion destaca por soporte y resultados.",comparacion,1,caliente,2
L02919,CHUCK_04,Quedo atento para continuar cuando te venga bien.,seguimiento,0,frio,0
L02920,CHUCK_04,"Perfecto, hablamos pronto. Que tengas excelente dia.",despedida,0,frio,0
L02921,CHUCK_04,"En relacion calidad-precio, esta opcion destaca por soporte y resultados.",comparacion,0,caliente,2
L02922,CHUCK_02,"En relacion calidad-precio, esta opcion destaca por soporte y resultados.",comparacion,0,caliente,2
L02923,CHUCK_02,Podemos resolver esa objecion con una opcion mas flexible.,objecion,0,tibio,1
L02924,CHUCK_05,Este producto incluye soporte y configuracion inicial.,consulta_producto,0,tibio,1
L02925,CHUCK_05,Te comparto los beneficios para tu caso de uso.,consulta_producto,0,frio,0
L02926,CHUCK_03,Quedo atento para continuar cuando te venga bien.,seguimiento,0,tibio,1
L02927,CHUCK_07,Te comparto los beneficios para tu caso de uso.,consulta_producto,0,tibio,1
L02928,CHUCK_09,"En relacion calidad-precio, esta opcion destaca por soporte y resultados.",comparacion,1,tibio,1
L02929,CHUCK_03,"Excelente decision, te ayudo a completar tu compra ahora.",compra,1,caliente,2
L02930,CHUCK_04,"El costo depende del paquete, te paso las opciones de precio.",consulta_precio,1,tibio,1
L02931,CHUCK_05,Podemos agendar una demo de 20 minutos esta semana.,agendar_demo,0,caliente,2
L02932,CHUCK_08,Este producto incluye soporte y configuracion inicial.,consulta_producto,1,frio,0
L02933,CHUCK_06,"Entiendo tu duda, te aclaro ese punto para que decidas con confianza.",objecion,0,tibio,1
L02934,CHUCK_03,Podemos agendar una demo de 20 minutos esta semana.,agendar_demo,0,caliente,2
L02935,CHUCK_03,Puedo guiarte para solucionar el problema ahora mismo.,soporte,0,frio,0
L02936,CHUCK_06,Te comparto los beneficios para tu caso de uso.,consulta_producto,0,tibio,1
L02937,CHUCK_08,Podemos resolver esa objecion con una opcion mas flexible.,objecion,0,frio,0
L02938,CHUCK_01,"Entiendo tu duda, te aclaro ese punto para que decidas con confianza.",objecion,0,frio,0
L02939,CHUCK_02,Este producto incluye soporte y configuracion inicial.,consulta_producto,0,frio,0
L02940,CHUCK_08,"Excelente decision, te ayudo a completar tu compra ahora.",compra,1,caliente,2
L02941,CHUCK_08,"Tenemos stock disponible, puedo procesar tu compra en este momento.",compra,0,caliente,2
L02942,CHUCK_08,Te comparto los beneficios para tu caso de uso.,consulta_producto,0,tibio,1
L02943,CHUCK_03,"Si quieres, te envio una tabla comparativa clara.",comparacion,1,tibio,1
L02944,CHUCK_03,Te comparo este plan frente a otras alternativas del mercado.,comparacion,1,caliente,2
L02945,CHUCK_02,"Excelente decision, te ayudo a completar tu compra ahora.",compra,0,tibio,1
L02946,CHUCK_09,"En relacion calidad-precio, esta opcion destaca por soporte y resultados.",comparacion,1,tibio,1
L02947,CHUCK_07,"Perfecto, te comparto el link de pago para cerrar la compra.",compra,0,caliente,2
L02948,CHUCK_02,Podemos agendar una demo de 20 minutos esta semana.,agendar_demo,1,caliente,2
L02949,CHUCK_04,Podemos agendar una demo de 20 minutos esta semana.,agendar_demo,0,caliente,2
L02950,CHUCK_03,"Claro, te comparto el precio actualizado del plan.",consulta_precio,1,tibio,1
L02951,CHUCK_03,"Hola, gracias por contactarnos. Como puedo ayudarte hoy?",saludo,0,frio,0
L02952,CHUCK_10,Podemos resolver esa objecion con una opcion mas flexible.,objecion,0,tibio,1
L02953,CHUCK_03,"Es normal tener esa inquietud, revisemos alternativas.",objecion,0,tibio,1
L02954,CHUCK_09,"Excelente decision, te ayudo a completar tu compra ahora.",compra,0,caliente,2
L02955,CHUCK_05,"Gracias por tu tiempo, quedo atento a cualquier consulta.",despedida,0,frio,0
L02956,CHUCK_09,Este producto incluye soporte y configuracion inicial.,consulta_producto,0,tibio,1
L02957,CHUCK_01,"Excelente decision, te ayudo a completar tu compra ahora.",compra,1,caliente,2
L02958,CHUCK_06,"Entiendo tu duda, te aclaro ese punto para que decidas con confianza.",objecion,0,frio,0
L02959,CHUCK_06,Fue un gusto ayudarte. Estoy disponible cuando lo necesites.,despedida,0,frio,0
L02960,CHUCK_06,"Perfecto, te comparto el link de pago para cerrar la compra.",compra,0,caliente,2
L02961,CHUCK_07,"Claro, te comparto el precio actualizado del plan.",consulta_precio,1,tibio,1
L02962,CHUCK_01,Te explico las caracteristicas principales del producto.,consulta_producto,0,frio,0
L02963,CHUCK_02,Te comparto los beneficios para tu caso de uso.,consulta_producto,0,frio,0
L02964,CHUCK_10,"Excelente decision, te ayudo a completar tu compra ahora.",compra,1,caliente,2
L02965,CHUCK_10,Te explico las caracteristicas principales del producto.,consulta_producto,0,tibio,1
L02966,CHUCK_01,Podemos agendar una demo de 20 minutos esta semana.,agendar_demo,0,tibio,1
L02967,CHUCK_09,"Claro, te comparto el precio actualizado del plan.",consulta_precio,1,caliente,2
L02968,CHUCK_04,Este producto incluye soporte y configuracion inicial.,consulta_producto,0,frio,0
L02969,CHUCK_01,"Hola, gracias por contactarnos. Como puedo ayudarte hoy?",saludo,0,frio,0
L02970,CHUCK_10,"Tenemos stock disponible, puedo procesar tu compra en este momento.",compra,1,tibio,1
L02971,CHUCK_07,Podemos resolver esa objecion con una opcion mas flexible.,objecion,1,frio,0
L02972,CHUCK_04,Este producto incluye soporte y configuracion inicial.,consulta_producto,0,frio,0
L02973,CHUCK_03,Te explico las caracteristicas principales del producto.,consulta_producto,0,tibio,1
L02974,CHUCK_08,Te ayudo con soporte tecnico paso a paso.,soporte,0,frio,0
L02975,CHUCK_05,Vamos a revisar ese inconveniente para resolverlo rapido.,soporte,0,frio,0
L02976,CHUCK_01,"Tenemos stock disponible, puedo procesar tu compra en este momento.",compra,1,caliente,2
L02977,CHUCK_08,"Es normal tener esa inquietud, revisemos alternativas.",objecion,0,tibio,1
L02978,CHUCK_09,"Perfecto, te comparto el link de pago para cerrar la compra.",compra,0,tibio,1
L02979,CHUCK_06,"Es normal tener esa inquietud, revisemos alternativas.",objecion,0,tibio,1
L02980,CHUCK_02,"Claro, te comparto el precio actualizado del plan.",consulta_precio,1,tibio,1
L02981,CHUCK_07,Este producto incluye soporte y configuracion inicial.,consulta_producto,0,frio,0
L02982,CHUCK_07,Retomo la conversacion para ayudarte con la decision.,seguimiento,0,tibio,1
L02983,CHUCK_03,"Tenemos stock disponible, puedo procesar tu compra en este momento.",compra,0,caliente,2
L02984,CHUCK_08,"Si te parece, coordinamos una demostracion personalizada.",agendar_demo,0,caliente,2
L02985,CHUCK_01,Te explico las caracteristicas principales del producto.,consulta_producto,1,tibio,1
L02986,CHUCK_07,"Hola, gracias por contactarnos. Como puedo ayudarte hoy?",saludo,0,frio,0
L02987,CHUCK_03,"Perfecto, te comparto el link de pago para cerrar la compra.",compra,0,caliente,2
L02988,CHUCK_07,Te comparo este plan frente a otras alternativas del mercado.,comparacion,0,caliente,2
L02989,CHUCK_04,Vamos a revisar ese inconveniente para resolverlo rapido.,soporte,1,frio,0
L02990,CHUCK_06,"En relacion calidad-precio, esta opcion destaca por soporte y resultados.",comparacion,0,tibio,1
L02991,CHUCK_04,"El costo depende del paquete, te paso las opciones de precio.",consulta_precio,1,tibio,1
L02992,CHUCK_09,Te comparto los beneficios para tu caso de uso.,consulta_producto,0,tibio,1
L02993,CHUCK_02,"Perfecto, te comparto el link de pago para cerrar la compra.",compra,0,tibio,1
L02994,CHUCK_09,"Excelente decision, te ayudo a completar tu compra ahora.",compra,1,caliente,2
L02995,CHUCK_03,"Si, te puedo detallar precios y promociones vigentes.",consulta_precio,1,caliente,2
L02996,CHUCK_02,Este producto incluye soporte y configuracion inicial.,consulta_producto,0,frio,0
L02997,CHUCK_06,"Tenemos stock disponible, puedo procesar tu compra en este momento.",compra,0,tibio,1
L02998,CHUCK_08,"Si, te puedo detallar precios y promociones vigentes.",consulta_precio,1,tibio,1
L02999,CHUCK_07,"Si, te puedo detallar precios y promociones vigentes.",consulta_precio,1,tibio,1
L03000,CHUCK_01,Este producto incluye soporte y configuracion inicial.,consulta_producto,1,tibio,1
