lead_id,chuck_id,mensaje_chuck,intencion,pre_precio,lead_clase
L00001,CHUCK_04,"excelente decision, te ayudo a completar tu compra ahora.",compra,0,tibio
L00002,CHUCK_01,"claro, te comparto el precio actualizado del plan.",consulta_precio,1,caliente
L00003,CHUCK_01,retomo la conversacion para ayudarte con la decision.,seguimiento,0,tibio
L00004,CHUCK_03,"hola, un gusto saludarte. en que te asesoro?",saludo,0,frio
L00005,CHUCK_07,"el costo depende del paquete, te paso las opciones de precio.",consulta_precio,1,tibio
L00006,CHUCK_07,"excelente decision, te ayudo a completar tu compra ahora.",compra,1,caliente
L00007,CHUCK_04,"es normal tener esa inquietud, revisemos alternativas.",objecion,0,frio
L00008,CHUCK_06,"es normal tener esa inquietud, revisemos alternativas.",objecion,0,tibio
L00009,CHUCK_09,"el costo depende del paquete, te paso las opciones de precio.",consulta_precio,1,tibio
L00010,CHUCK_09,"perfecto, te comparto el link de pago para cerrar la compra.",compra,1,caliente
L00011,CHUCK_01,"perfecto, te comparto el link de pago para cerrar la compra.",compra,1,caliente
L00012,CHUCK_04,te explico las caracteristicas principales del producto.,consulta_producto,1,tibio
L00013,CHUCK_07,"si te parece, coordinamos una demostracion personalizada.",agendar_demo,1,tibio
L00014,CHUCK_05,te ayudo con soporte tecnico paso a paso.,soporte,0,frio
L00015,CHUCK_04,te explico las caracteristicas principales del producto.,consulta_producto,0,tibio
L00016,CHUCK_03,puedo guiarte para solucionar el problema ahora mismo.,soporte,0,frio
L00017,CHUCK_04,"bienvenido, estoy para ayudarte con toda la informacion.",saludo,0,frio
L00018,CHUCK_02,vamos a revisar ese inconveniente para resolverlo rapido.,soporte,0,frio
L00019,CHUCK_04,retomo la conversacion para ayudarte con la decision.,seguimiento,0,tibio
L00020,CHUCK_09,"gracias por tu tiempo, quedo atento a cualquier consulta.",despedida,0,frio
L00021,CHUCK_04,"es normal tener esa inquietud, revisemos alternativas.",objecion,0,tibio
L00022,CHUCK_04,te escribo para dar seguimiento a tu interes.,seguimiento,0,tibio
L00023,CHUCK_03,"tenemos stock disponible, puedo procesar tu compra en este momento.",compra,0,caliente
L00024,CHUCK_09,retomo la conversacion para ayudarte con la decision.,seguimiento,1,tibio
L00025,CHUCK_05,"es normal tener esa inquietud, revisemos alternativas.",objecion,1,frio
L00026,CHUCK_02,"tenemos stock disponible, puedo procesar tu compra en este momento.",compra,0,tibio
L00027,CHUCK_05,"el costo depende del paquete, te paso las opciones de precio.",consulta_precio,1,tibio
L00028,CHUCK_05,podemos resolver esa objecion con una opcion mas flexible.,objecion,0,tibio
L00029,CHUCK_10,"si, te puedo detallar precios y promociones vigentes.",consulta_precio,1,tibio
L00030,CHUCK_07,te explico las caracteristicas principales del producto.,consulta_producto,0,tibio
L00031,CHUCK_02,podemos resolver esa objecion con una opcion mas flexible.,objecion,0,tibio
L00032,CHUCK_04,"si quieres, te envio una tabla comparativa clara.",comparacion,1,tibio
L00033,CHUCK_02,te escribo para dar seguimiento a tu interes.,seguimiento,1,tibio
L00034,CHUCK_07,fue un gusto ayudarte. estoy disponible cuando lo necesites.,despedida,0,frio
L00035,CHUCK_04,este producto incluye soporte y configuracion inicial.,consulta_producto,0,frio
L00036,CHUCK_04,te escribo para dar seguimiento a tu interes.,seguimiento,0,frio
L00037,CHUCK_04,retomo la conversacion para ayudarte con la decision.,seguimiento,0,tibio
L00038,CHUCK_10,este producto incluye soporte y configuracion inicial.,consulta_producto,1,tibio
L00039,CHUCK_08,"tenemos stock disponible, puedo procesar tu compra en este momento.",compra,1,caliente
L00040,CHUCK_06,"perfecto, te comparto el link de pago para cerrar la compra.",compra,1,caliente
L00041,CHUCK_08,podemos agendar una demo de 20 minutos esta semana.,agendar_demo,0,tibio
L00042,CHUCK_09,"perfecto, hablamos pronto. que tengas excelente dia.",despedida,0,frio
L00043,CHUCK_10,"tengo disponibilidad para demo, te paso horarios.",agendar_demo,0,tibio
L00044,CHUCK_01,te comparto los beneficios para tu caso de uso.,consulta_producto,0,frio
L00045,CHUCK_04,te comparto los beneficios para tu caso de uso.,consulta_producto,0,frio
L00046,CHUCK_08,te comparto los beneficios para tu caso de uso.,consulta_producto,0,frio
L00047,CHUCK_04,podemos agendar una demo de 20 minutos esta semana.,agendar_demo,0,caliente
L00048,CHUCK_08,"tenemos stock disponible, puedo procesar tu compra en este momento.",compra,0,caliente
L00049,CHUCK_02,te explico las caracteristicas principales del producto.,consulta_producto,0,frio
L00050,CHUCK_02,"si, te puedo detallar precios y promociones vigentes.",consulta_precio,1,tibio
L00051,CHUCK_08,retomo la conversacion para ayudarte con la decision.,seguimiento,0,tibio
L00052,CHUCK_05,"excelente decision, te ayudo a completar tu compra ahora.",compra,1,caliente
L00053,CHUCK_08,te comparto los beneficios para tu caso de uso.,consulta_producto,1,frio
L00054,CHUCK_06,"hola, gracias por contactarnos. como puedo ayudarte hoy?",saludo,0,frio
L00055,CHUCK_09,"tenemos stock disponible, puedo procesar tu compra en este momento.",compra,0,caliente
L00056,CHUCK_04,"claro, te comparto el precio actualizado del plan.",consulta_precio,1,tibio
L00057,CHUCK_04,"tengo disponibilidad para demo, te paso horarios.",agendar_demo,0,tibio
L00058,CHUCK_06,"es normal tener esa inquietud, revisemos alternativas.",objecion,0,tibio
L00059,CHUCK_07,"es normal tener esa inquietud, revisemos alternativas.",objecion,0,frio
L00060,CHUCK_08,"si, te puedo detallar precios y promociones vigentes.",consulta_precio,1,caliente
L00061,CHUCK_06,te comparto los beneficios para tu caso de uso.,consulta_producto,1,tibio
L00062,CHUCK_04,"perfecto, te comparto el link de pago para cerrar la compra.",compra,0,tibio
L00063,CHUCK_03,"claro, te comparto el precio actualizado del plan.",consulta_precio,1,tibio
L00064,CHUCK_07,"claro, te comparto el precio actualizado del plan.",consulta_precio,1,tibio
L00065,CHUCK_10,"gracias por tu tiempo, quedo atento a cualquier consulta.",despedida,1,frio
L00066,CHUCK_03,"perfecto, te comparto el link de pago para cerrar la compra.",compra,1,caliente
L00067,CHUCK_04,este producto incluye soporte y configuracion inicial.,consulta_producto,0,frio
L00068,CHUCK_10,te explico las caracteristicas principales del producto.,consulta_producto,0,frio
L00069,CHUCK_05,"claro, te comparto el precio actualizado del plan.",consulta_precio,1,caliente
L00070,CHUCK_10,podemos resolver esa objecion con una opcion mas flexible.,objecion,0,frio
L00071,CHUCK_04,"si quieres, te envio una tabla comparativa clara.",comparacion,0,tibio
L00072,CHUCK_02,"claro, te comparto el precio actualizado del plan.",consulta_precio,1,tibio
L00073,CHUCK_06,este producto incluye soporte y configuracion inicial.,consulta_producto,0,tibio
L00074,CHUCK_02,"tenemos stock disponible, puedo procesar tu compra en este momento.",compra,1,caliente
L00075,CHUCK_05,retomo la conversacion para ayudarte con la decision.,seguimiento,1,tibio
L00076,CHUCK_04,"tenemos stock disponible, puedo procesar tu compra en este momento.",compra,0,tibio
L00077,CHUCK_06,te escribo para dar seguimiento a tu interes.,seguimiento,0,frio
L00078,CHUCK_01,"en relacion calidad-precio, esta opcion destaca por soporte y resultados.",comparacion,1,caliente
L00079,CHUCK_07,"el costo depende del paquete, te paso las opciones de precio.",consulta_precio,1,tibio
L00080,CHUCK_05,te ayudo con soporte tecnico paso a paso.,soporte,0,frio
L00081,CHUCK_03,"perfecto, te comparto el link de pago para cerrar la compra.",compra,0,caliente
L00082,CHUCK_01,"el costo depende del paquete, te paso las opciones de precio.",consulta_precio,1,tibio
L00083,CHUCK_08,"el costo depende del paquete, te paso las opciones de precio.",consulta_precio,1,tibio
L00084,CHUCK_01,te explico las caracteristicas principales del producto.,consulta_producto,0,tibio
L00085,CHUCK_03,te explico las caracteristicas principales del producto.,consulta_producto,0,tibio
L00086,CHUCK_08,"claro, te comparto el precio actualizado del plan.",consulta_precio,1,caliente
L00087,CHUCK_01,vamos a revisar ese inconveniente para resolverlo rapido.,soporte,0,frio
L00088,CHUCK_10,podemos resolver esa objecion con una opcion mas flexible.,objecion,0,tibio
L00089,CHUCK_03,"si, te puedo detallar precios y promociones vigentes.",consulta_precio,1,caliente
L00090,CHUCK_03,"entiendo tu duda, te aclaro ese punto para que decidas con confianza.",objecion,1,frio
L00091,CHUCK_07,puedo guiarte para solucionar el problema ahora mismo.,soporte,0,frio
L00092,CHUCK_09,te escribo para dar seguimiento a tu interes.,seguimiento,0,tibio
L00093,CHUCK_02,retomo la conversacion para ayudarte con la decision.,seguimiento,0,tibio
L00094,CHUCK_10,este producto incluye soporte y configuracion inicial.,consulta_producto,0,tibio
L00095,CHUCK_08,te comparto los beneficios para tu caso de uso.,consulta_producto,0,tibio
L00096,CHUCK_08,te comparto los beneficios para tu caso de uso.,consulta_producto,0,frio
L00097,CHUCK_04,"entiendo tu duda, te aclaro ese punto para que decidas con confianza.",objecion,1,tibio
L00098,CHUCK_09,podemos agendar una demo de 20 minutos esta semana.,agendar_demo,0,caliente
L00099,CHUCK_05,este producto incluye soporte y configuracion inicial.,consulta_producto,0,tibio
L00100,CHUCK_01,"excelente decision, te ayudo a completar tu compra ahora.",compra,0,caliente
L00101,CHUCK_07,"el costo depende del paquete, te paso las opciones de precio.",consulta_precio,1,caliente
L00102,CHUCK_05,"en relacion calidad-precio, esta opcion destaca por soporte y resultados.",comparacion,1,tibio
L00103,CHUCK_02,"excelente decision, te ayudo a completar tu compra ahora.",compra,0,caliente
L00104,CHUCK_08,este producto incluye soporte y configuracion inicial.,consulta_producto,0,frio
L00105,CHUCK_03,"tenemos stock disponible, puedo procesar tu compra en este momento.",compra,0,caliente
L00106,CHUCK_04,"si, te puedo detallar precios y promociones vigentes.",consulta_precio,1,tibio
L00107,CHUCK_09,"gracias por tu tiempo, quedo atento a cualquier consulta.",despedida,0,frio
L00108,CHUCK_03,"bienvenido, estoy para ayudarte con toda la informacion.",saludo,0,frio
L00109,CHUCK_04,podemos agendar una demo de 20 minutos esta semana.,agendar_demo,1,caliente
L00110,CHUCK_06,te ayudo con soporte tecnico paso a paso.,soporte,0,frio
L00111,CHUCK_05,"es normal tener esa inquietud, revisemos alternativas.",objecion,0,tibio
L00112,CHUCK_08,"bienvenido, estoy para ayudarte con toda la informacion.",saludo,0,frio
L00113,CHUCK_05,"tenemos stock disponible, puedo procesar tu compra en este momento.",compra,1,caliente
L00114,CHUCK_08,"el costo depende del paquete, te paso las opciones de precio.",consulta_precio,1,tibio
L00115,CHUCK_05,"si te parece, coordinamos una demostracion personalizada.",agendar_demo,0,tibio
L00116,CHUCK_08,te comparto los beneficios para tu caso de uso.,consulta_producto,0,frio
L00117,CHUCK_05,"si quieres, te envio una tabla comparativa clara.",comparacion,1,tibio
L00118,CHUCK_10,quedo atento para continuar cuando te venga bien.,seguimiento,0,frio
L00119,CHUCK_03,"si, te puedo detallar precios y promociones vigentes.",consulta_precio,1,caliente
L00120,CHUCK_05,te ayudo con soporte tecnico paso a paso.,soporte,0,frio
L00121,CHUCK_06,retomo la conversacion para ayudarte con la decision.,seguimiento,0,frio
L00122,CHUCK_03,retomo la conversacion para ayudarte con la decision.,seguimiento,0,tibio
L00123,CHUCK_10,te escribo para dar seguimiento a tu interes.,seguimiento,0,frio
L00124,CHUCK_01,quedo atento para continuar cuando te venga bien.,seguimiento,1,tibio
L00125,CHUCK_07,te ayudo con soporte tecnico paso a paso.,soporte,1,frio
L00126,CHUCK_03,te comparto los beneficios para tu caso de uso.,consulta_producto,0,tibio
L00127,CHUCK_03,"el costo depende del paquete, te paso las opciones de precio.",consulta_precio,1,tibio
L00128,CHUCK_05,te comparo este plan frente a otras alternativas del mercado.,comparacion,1,tibio
L00129,CHUCK_05,"gracias por tu tiempo, quedo atento a cualquier consulta.",despedida,0,frio
L00130,CHUCK_01,podemos resolver esa objecion con una opcion mas flexible.,objecion,0,frio
L00131,CHUCK_03,quedo atento para continuar cuando te venga bien.,seguimiento,0,tibio
L00132,CHUCK_04,podemos resolver esa objecion con una opcion mas flexible.,objecion,0,tibio
L00133,CHUCK_10,"es normal tener esa inquietud, revisemos alternativas.",objecion,0,frio
L00134,CHUCK_04,te escribo para dar seguimiento a tu interes.,seguimiento,1,frio
L00135,CHUCK_03,"tengo disponibilidad para demo, te paso horarios.",agendar_demo,0,tibio
L00136,CHUCK_05,"gracias por tu tiempo, quedo atento a cualquier consulta.",despedida,0,frio
L00137,CHUCK_01,te comparto los beneficios para tu caso de uso.,consulta_producto,0,tibio
L00138,CHUCK_07,"si quieres, te envio una tabla comparativa clara.",comparacion,1,caliente
L00139,CHUCK_05,"si quieres, te envio una tabla comparativa clara.",comparacion,0,caliente
L00140,CHUCK_03,"perfecto, te comparto el link de pago para cerrar la compra.",compra,1,caliente
L00141,CHUCK_01,"el costo depende del paquete, te paso las opciones de precio.",consulta_precio,1,tibio
L00142,CHUCK_06,retomo la conversacion para ayudarte con la decision.,seguimiento,1,frio
L00143,CHUCK_09,"tenemos stock disponible, puedo procesar tu compra en este momento.",compra,0,caliente
L00144,CHUCK_08,"el costo depende del paquete, te paso las opciones de precio.",consulta_precio,1,caliente
L00145,CHUCK_09,"hola, un gusto saludarte. en que te asesoro?",saludo,0,frio
L00146,CHUCK_05,este producto incluye soporte y configuracion inicial.,consulta_producto,0,frio
L00147,CHUCK_01,"si, te puedo detallar precios y promociones vigentes.",consulta_precio,1,caliente
L00148,CHUCK_03,podemos agendar una demo de 20 minutos esta semana.,agendar_demo,0,tibio
L00149,CHUCK_03,"perfecto, te comparto el link de pago para cerrar la compra.",compra,0,caliente
L00150,CHUCK_10,"bienvenido, estoy para ayudarte con toda la informacion.",saludo,0,frio
L00151,CHUCK_10,"tenemos stock disponible, puedo procesar tu compra en este momento.",compra,0,caliente
L00152,CHUCK_08,"excelente decision, te ayudo a completar tu compra ahora.",compra,1,caliente
L00153,CHUCK_02,"el costo depende del paquete, te paso las opciones de precio.",consulta_precio,1,tibio
L00154,CHUCK_01,"excelente decision, te ayudo a completar tu compra ahora.",compra,0,caliente
L00155,CHUCK_05,te comparto los beneficios para tu caso de uso.,consulta_producto,0,frio
L00156,CHUCK_03,"excelente decision, te ayudo a completar tu compra ahora.",compra,1,caliente
L00157,CHUCK_03,te escribo para dar seguimiento a tu interes.,seguimiento,0,tibio
L00158,CHUCK_08,"tengo disponibilidad para demo, te paso horarios.",agendar_demo,1,tibio
L00159,CHUCK_07,vamos a revisar ese inconveniente para resolverlo rapido.,soporte,0,frio
L00160,CHUCK_01,"tengo disponibilidad para demo, te paso horarios.",agendar_demo,0,tibio
L00161,CHUCK_05,"claro, te comparto el precio actualizado del plan.",consulta_precio,1,caliente
L00162,CHUCK_09,"en relacion calidad-precio, esta opcion destaca por soporte y resultados.",comparacion,1,tibio
L00163,CHUCK_08,te comparto los beneficios para tu caso de uso.,consulta_producto,0,tibio
L00164,CHUCK_07,puedo guiarte para solucionar el problema ahora mismo.,soporte,0,frio
L00165,CHUCK_09,"perfecto, te comparto el link de pago para cerrar la compra.",compra,0,caliente
L00166,CHUCK_01,"perfecto, te comparto el link de pago para cerrar la compra.",compra,1,caliente
L00167,CHUCK_07,"el costo depende del paquete, te paso las opciones de precio.",consulta_precio,1,tibio
L00168,CHUCK_05,este producto incluye soporte y configuracion inicial.,consulta_producto,0,frio
L00169,CHUCK_03,fue un gusto ayudarte. estoy disponible cuando lo necesites.,despedida,0,frio
L00170,CHUCK_09,te explico las caracteristicas principales del producto.,consulta_producto,0,tibio
L00171,CHUCK_08,te comparto los beneficios para tu caso de uso.,consulta_producto,0,tibio
L00172,CHUCK_05,"si quieres, te envio una tabla comparativa clara.",comparacion,0,caliente
L00173,CHUCK_02,podemos resolver esa objecion con una opcion mas flexible.,objecion,0,frio
L00174,CHUCK_09,te escribo para dar seguimiento a tu interes.,seguimiento,0,tibio
L00175,CHUCK_10,"excelente decision, te ayudo a completar tu compra ahora.",compra,0,caliente
L00176,CHUCK_09,"en relacion calidad-precio, esta opcion destaca por soporte y resultados.",comparacion,1,tibio
L00177,CHUCK_08,fue un gusto ayudarte. estoy disponible cuando lo necesites.,despedida,0,frio
L00178,CHUCK_07,"el costo depende del paquete, te paso las opciones de precio.",consulta_precio,1,caliente
L00179,CHUCK_06,te comparto los beneficios para tu caso de uso.,consulta_producto,0,tibio
L00180,CHUCK_08,"en relacion calidad-precio, esta opcion destaca por soporte y resultados.",comparacion,1,tibio
L00181,CHUCK_09,"si, te puedo detallar precios y promociones vigentes.",consulta_precio,1,caliente
L00182,CHUCK_06,te explico las caracteristicas principales del producto.,consulta_producto,0,tibio
L00183,CHUCK_05,este producto incluye soporte y configuracion inicial.,consulta_producto,0,tibio
L00184,CHUCK_08,"entiendo tu duda, te aclaro ese punto para que decidas con confianza.",objecion,0,frio
L00185,CHUCK_04,"bienvenido, estoy para ayudarte con toda la informacion.",saludo,0,frio
L00186,CHUCK_08,te comparo este plan frente a otras alternativas del mercado.,comparacion,0,tibio
L00187,CHUCK_03,podemos resolver esa objecion con una opcion mas flexible.,objecion,0,tibio
L00188,CHUCK_06,te comparo este plan frente a otras alternativas del mercado.,comparacion,1,tibio
L00189,CHUCK_05,te escribo para dar seguimiento a tu interes.,seguimiento,0,frio
L00190,CHUCK_04,"el costo depende del paquete, te paso las opciones de precio.",consulta_precio,1,tibio
L00191,CHUCK_02,este producto incluye soporte y configuracion inicial.,consulta_producto,0,tibio
L00192,CHUCK_05,"si quieres, te envio una tabla comparativa clara.",comparacion,1,tibio
L00193,CHUCK_04,te comparo este plan frente a otras alternativas del mercado.,comparacion,1,tibio
L00194,CHUCK_01,"si te parece, coordinamos una demostracion personalizada.",agendar_demo,0,tibio
L00195,CHUCK_07,"tenemos stock disponible, puedo procesar tu compra en este momento.",compra,1,caliente
L00196,CHUCK_07,"entiendo tu duda, te aclaro ese punto para que decidas con confianza.",objecion,0,frio
L00197,CHUCK_07,"si te parece, coordinamos una demostracion personalizada.",agendar_demo,0,tibio
L00198,CHUCK_03,"hola, un gusto saludarte. en que te asesoro?",saludo,0,frio
L00199,CHUCK_02,"en relacion calidad-precio, esta opcion destaca por soporte y resultados.",comparacion,1,tibio
L00200,CHUCK_02,vamos a revisar ese inconveniente para resolverlo rapido.,soporte,0,frio
L00201,CHUCK_10,"perfecto, hablamos pronto. que tengas excelente dia.",despedida,0,frio
L00202,CHUCK_03,"tenemos stock disponible, puedo procesar tu compra en este momento.",compra,1,tibio
L00203,CHUCK_07,te ayudo con soporte tecnico paso a paso.,soporte,0,frio
L00204,CHUCK_09,"excelente decision, te ayudo a completar tu compra ahora.",compra,0,tibio
L00205,CHUCK_03,"claro, te comparto el precio actualizado del plan.",consulta_precio,1,caliente
L00206,CHUCK_07,"hola, gracias por contactarnos. como puedo ayudarte hoy?",saludo,0,frio
L00207,CHUCK_10,"excelente decision, te ayudo a completar tu compra ahora.",compra,0,caliente
L00208,CHUCK_01,"claro, te comparto el precio actualizado del plan.",consulta_precio,1,tibio
L00209,CHUCK_08,"tengo disponibilidad para demo, te paso horarios.",agendar_demo,0,tibio
L00210,CHUCK_03,"si, te puedo detallar precios y promociones vigentes.",consulta_precio,1,caliente
L00211,CHUCK_05,"claro, te comparto el precio actualizado del plan.",consulta_precio,1,caliente
L00212,CHUCK_09,este producto incluye soporte y configuracion inicial.,consulta_producto,0,tibio
L00213,CHUCK_06,este producto incluye soporte y configuracion inicial.,consulta_producto,0,tibio
L00214,CHUCK_07,podemos resolver esa objecion con una opcion mas flexible.,objecion,0,tibio
L00215,CHUCK_01,"es normal tener esa inquietud, revisemos alternativas.",objecion,1,frio
L00216,CHUCK_01,"hola, gracias por contactarnos. como puedo ayudarte hoy?",saludo,0,frio
L00217,CHUCK_06,"tenemos stock disponible, puedo procesar tu compra en este momento.",compra,1,caliente
L00218,CHUCK_07,te comparo este plan frente a otras alternativas del mercado.,comparacion,0,tibio
L00219,CHUCK_04,"perfecto, hablamos pronto. que tengas excelente dia.",despedida,0,frio
L00220,CHUCK_01,"el costo depende del paquete, te paso las opciones de precio.",consulta_precio,1,tibio
L00221,CHUCK_10,te ayudo con soporte tecnico paso a paso.,soporte,0,frio
L00222,CHUCK_04,"excelente decision, te ayudo a completar tu compra ahora.",compra,0,caliente
L00223,CHUCK_09,"si, te puedo detallar precios y promociones vigentes.",consulta_precio,1,tibio
L00224,CHUCK_04,te escribo para dar seguimiento a tu interes.,seguimiento,0,frio
L00225,CHUCK_01,"tengo disponibilidad para demo, te paso horarios.",agendar_demo,1,tibio
L00226,CHUCK_05,vamos a revisar ese inconveniente para resolverlo rapido.,soporte,0,frio
L00227,CHUCK_10,podemos agendar una demo de 20 minutos esta semana.,agendar_demo,0,tibio
L00228,CHUCK_01,vamos a revisar ese inconveniente para resolverlo rapido.,soporte,0,frio
L00229,CHUCK_03,te comparto los beneficios para tu caso de uso.,consulta_producto,0,frio
L00230,CHUCK_07,"perfecto, te comparto el link de pago para cerrar la compra.",compra,0,tibio
L00231,CHUCK_06,quedo atento para continuar cuando te venga bien.,seguimiento,0,frio
L00232,CHUCK_02,"perfecto, te comparto el link de pago para cerrar la compra.",compra,1,caliente
L00233,CHUCK_01,"si quieres, te envio una tabla comparativa clara.",comparacion,1,caliente
L00234,CHUCK_01,"si, te puedo detallar precios y promociones vigentes.",consulta_precio,1,caliente
L00235,CHUCK_08,"perfecto, te comparto el link de pago para cerrar la compra.",compra,0,caliente
L00236,CHUCK_02,"gracias por tu tiempo, quedo atento a cualquier consulta.",despedida,0,frio
L00237,CHUCK_02,podemos resolver esa objecion con una opcion mas flexible.,objecion,0,tibio
L00238,CHUCK_09,te escribo para dar seguimiento a tu interes.,seguimiento,0,tibio
L00239,CHUCK_02,"es normal tener esa inquietud, revisemos alternativas.",objecion,0,tibio
L00240,CHUCK_08,retomo la conversacion para ayudarte con la decision.,seguimiento,0,frio
L00241,CHUCK_05,"bienvenido, estoy para ayudarte con toda la informacion.",saludo,0,frio
L00242,CHUCK_02,te comparto los beneficios para tu caso de uso.,consulta_producto,0,tibio
L00243,CHUCK_01,"el costo depende del paquete, te paso las opciones de precio.",consulta_precio,1,caliente
L00244,CHUCK_07,"el costo depende del paquete, te paso las opciones de precio.",consulta_precio,1,tibio
L00245,CHUCK_09,"tengo disponibilidad para demo, te paso horarios.",agendar_demo,0,tibio
L00246,CHUCK_08,te escribo para dar seguimiento a tu interes.,seguimiento,0,frio
L00247,CHUCK_03,te comparo este plan frente a otras alternativas del mercado.,comparacion,0,tibio
L00248,CHUCK_06,"si te parece, coordinamos una demostracion personalizada.",agendar_demo,0,tibio
L00249,CHUCK_02,te comparto los beneficios para tu caso de uso.,consulta_producto,0,tibio
L00250,CHUCK_10,te escribo para dar seguimiento a tu interes.,seguimiento,0,tibio
L00251,CHUCK_05,"excelente decision, te ayudo a completar tu compra ahora.",compra,0,caliente
L00252,CHUCK_02,vamos a revisar ese inconveniente para resolverlo rapido.,soporte,0,frio
L00253,CHUCK_05,podemos resolver esa objecion con una opcion mas flexible.,objecion,0,tibio
L00254,CHUCK_01,"gracias por tu tiempo, quedo atento a cualquier consulta.",despedida,0,frio
L00255,CHUCK_09,este producto incluye soporte y configuracion inicial.,consulta_producto,0,frio
L00256,CHUCK_05,te comparto los beneficios para tu caso de uso.,consulta_producto,0,tibio
L00257,CHUCK_07,"tenemos stock disponible, puedo procesar tu compra en este momento.",compra,1,caliente
L00258,CHUCK_03,"si, te puedo detallar precios y promociones vigentes.",consulta_precio,1,tibio
L00259,CHUCK_02,quedo atento para continuar cuando te venga bien.,seguimiento,0,frio
L00260,CHUCK_10,puedo guiarte para solucionar el problema ahora mismo.,soporte,0,frio
L00261,CHUCK_03,"tenemos stock disponible, puedo procesar tu compra en este momento.",compra,0,caliente
L00262,CHUCK_06,este producto incluye soporte y configuracion inicial.,consulta_producto,0,tibio
L00263,CHUCK_07,"si, te puedo detallar precios y promociones vigentes.",consulta_precio,1,tibio
L00264,CHUCK_03,fue un gusto ayudarte. estoy disponible cuando lo necesites.,despedida,0,frio
L00265,CHUCK_04,"claro, te comparto el precio actualizado del plan.",consulta_precio,1,tibio
L00266,CHUCK_07,"si quieres, te envio una tabla comparativa clara.",comparacion,0,caliente
L00267,CHUCK_04,"es normal tener esa inquietud, revisemos alternativas.",objecion,1,frio
L00268,CHUCK_02,"tenemos stock disponible, puedo procesar tu compra en este momento.",compra,0,caliente
L00269,CHUCK_02,"tengo disponibilidad para demo, te paso horarios.",agendar_demo,1,caliente
L00270,CHUCK_03,este producto incluye soporte y configuracion inicial.,consulta_producto,0,tibio
L00271,CHUCK_09,"el costo depende del paquete, te paso las opciones de precio.",consulta_precio,1,caliente
L00272,CHUCK_05,te escribo para dar seguimiento a tu interes.,seguimiento,1,tibio
L00273,CHUCK_02,puedo guiarte para solucionar el problema ahora mismo.,soporte,0,frio
L00274,CHUCK_05,"hola, un gusto saludarte. en que te asesoro?",saludo,1,frio
L00275,CHUCK_10,te escribo para dar seguimiento a tu interes.,seguimiento,1,tibio
L00276,CHUCK_04,"tenemos stock disponible, puedo procesar tu compra en este momento.",compra,0,caliente
L00277,CHUCK_06,"hola, gracias por contactarnos. como puedo ayudarte hoy?",saludo,1,frio
L00278,CHUCK_02,"si te parece, coordinamos una demostracion personalizada.",agendar_demo,0,tibio
L00279,CHUCK_02,"gracias por tu tiempo, quedo atento a cualquier consulta.",despedida,0,frio
L00280,CHUCK_02,podemos agendar una demo de 20 minutos esta semana.,agendar_demo,0,tibio
L00281,CHUCK_04,"tenemos stock disponible, puedo procesar tu compra en este momento.",compra,0,caliente
L00282,CHUCK_04,retomo la conversacion para ayudarte con la decision.,seguimiento,0,tibio
L00283,CHUCK_06,"es normal tener esa inquietud, revisemos alternativas.",objecion,0,tibio
L00284,CHUCK_04,"el costo depende del paquete, te paso las opciones de precio.",consulta_precio,1,caliente
L00285,CHUCK_02,"perfecto, te comparto el link de pago para cerrar la compra.",compra,1,caliente
L00286,CHUCK_10,"entiendo tu duda, te aclaro ese punto para que decidas con confianza.",objecion,0,tibio
L00287,CHUCK_05,"es normal tener esa inquietud, revisemos alternativas.",objecion,0,tibio
L00288,CHUCK_06,"si te parece, coordinamos una demostracion personalizada.",agendar_demo,0,caliente
L00289,CHUCK_06,te explico las caracteristicas principales del producto.,consulta_producto,0,tibio
L00290,CHUCK_07,te escribo para dar seguimiento a tu interes.,seguimiento,0,tibio
L00291,CHUCK_10,te escribo para dar seguimiento a tu interes.,seguimiento,0,tibio
L00292,CHUCK_02,"tengo disponibilidad para demo, te paso horarios.",agendar_demo,1,tibio
L00293,CHUCK_01,"tengo disponibilidad para demo, te paso horarios.",agendar_demo,0,tibio
L00294,CHUCK_01,te comparto los beneficios para tu caso de uso.,consulta_producto,0,frio
L00295,CHUCK_09,te comparto los beneficios para tu caso de uso.,consulta_producto,1,frio
L00296,CHUCK_08,"hola, un gusto saludarte. en que te asesoro?",saludo,1,frio
L00297,CHUCK_10,te comparto los beneficios para tu caso de uso.,consulta_producto,0,frio
L00298,CHUCK_01,"el costo depende del paquete, te paso las opciones de precio.",consulta_precio,1,caliente
L00299,CHUCK_06,te comparto los beneficios para tu caso de uso.,consulta_producto,0,frio
L00300,CHUCK_02,este producto incluye soporte y configuracion inicial.,consulta_producto,0,tibio
L00301,CHUCK_01,este producto incluye soporte y configuracion inicial.,consulta_producto,0,tibio
L00302,CHUCK_08,"perfecto, te comparto el link de pago para cerrar la compra.",compra,0,caliente
L00303,CHUCK_01,"hola, gracias por contactarnos. como puedo ayudarte hoy?",saludo,0,frio
L00304,CHUCK_02,te explico las caracteristicas principales del producto.,consulta_producto,0,tibio
L00305,CHUCK_08,"entiendo tu duda, te aclaro ese punto para que decidas con confianza.",objecion,1,frio
L00306,CHUCK_07,"excelente decision, te ayudo a completar tu compra ahora.",compra,0,caliente
L00307,CHUCK_06,"entiendo tu duda, te aclaro ese punto para que decidas con confianza.",objecion,0,frio
L00308,CHUCK_06,"si te parece, coordinamos una demostracion personalizada.",agendar_demo,0,caliente
L00309,CHUCK_01,te comparto los beneficios para tu caso de uso.,consulta_producto,0,frio
L00310,CHUCK_03,"claro, te comparto el precio actualizado del plan.",consulta_precio,1,tibio
L00311,CHUCK_08,fue un gusto ayudarte. estoy disponible cuando lo necesites.,despedida,0,frio
L00312,CHUCK_04,"si, te puedo detallar precios y promociones vigentes.",consulta_precio,1,tibio
L00313,CHUCK_04,"claro, te comparto el precio actualizado del plan.",consulta_precio,1,tibio
L00314,CHUCK_09,te comparto los beneficios para tu caso de uso.,consulta_producto,0,tibio
L00315,CHUCK_01,"tenemos stock disponible, puedo procesar tu compra en este momento.",compra,0,tibio
L00316,CHUCK_10,"si quieres, te envio una tabla comparativa clara.",comparacion,1,tibio
L00317,CHUCK_02,quedo atento para continuar cuando te venga bien.,seguimiento,0,tibio
L00318,CHUCK_08,vamos a revisar ese inconveniente para resolverlo rapido.,soporte,0,frio
L00319,CHUCK_01,"el costo depende del paquete, te paso las opciones de precio.",consulta_precio,1,tibio
L00320,CHUCK_02,"si, te puedo detallar precios y promociones vigentes.",consulta_precio,1,caliente
L00321,CHUCK_10,quedo atento para continuar cuando te venga bien.,seguimiento,0,tibio
L00322,CHUCK_02,fue un gusto ayudarte. estoy disponible cuando lo necesites.,despedida,0,frio
L00323,CHUCK_04,"excelente decision, te ayudo a completar tu compra ahora.",compra,1,caliente
L00324,CHUCK_07,"perfecto, te comparto el link de pago para cerrar la compra.",compra,0,tibio
L00325,CHUCK_10,"perfecto, te comparto el link de pago para cerrar la compra.",compra,0,tibio
L00326,CHUCK_03,"hola, gracias por contactarnos. como puedo ayudarte hoy?",saludo,0,frio
L00327,CHUCK_07,este producto incluye soporte y configuracion inicial.,consulta_producto,0,tibio
L00328,CHUCK_02,"hola, gracias por contactarnos. como puedo ayudarte hoy?",saludo,1,frio
L00329,CHUCK_04,"gracias por tu tiempo, quedo atento a cualquier consulta.",despedida,0,frio
L00330,CHUCK_07,"hola, un gusto saludarte. en que te asesoro?",saludo,0,frio
L00331,CHUCK_05,te comparto los beneficios para tu caso de uso.,consulta_producto,1,tibio
L00332,CHUCK_07,te comparto los beneficios para tu caso de uso.,consulta_producto,0,tibio
L00333,CHUCK_03,"el costo depende del paquete, te paso las opciones de precio.",consulta_precio,1,tibio
L00334,CHUCK_06,podemos agendar una demo de 20 minutos esta semana.,agendar_demo,1,tibio
L00335,CHUCK_05,podemos agendar una demo de 20 minutos esta semana.,agendar_demo,0,tibio
L00336,CHUCK_01,"perfecto, te comparto el link de pago para cerrar la compra.",compra,0,caliente
L00337,CHUCK_03,"gracias por tu tiempo, quedo atento a cualquier consulta.",despedida,0,frio
L00338,CHUCK_02,te escribo para dar seguimiento a tu interes.,seguimiento,0,frio
L00339,CHUCK_04,retomo la conversacion para ayudarte con la decision.,seguimiento,0,tibio
L00340,CHUCK_02,este producto incluye soporte y configuracion inicial.,consulta_producto,0,frio
L00341,CHUCK_04,"es normal tener esa inquietud, revisemos alternativas.",objecion,0,tibio
L00342,CHUCK_03,"tengo disponibilidad para demo, te paso horarios.",agendar_demo,0,tibio
L00343,CHUCK_04,te escribo para dar seguimiento a tu interes.,seguimiento,1,tibio
L00344,CHUCK_04,quedo atento para continuar cuando te venga bien.,seguimiento,0,tibio
L00345,CHUCK_05,"tenemos stock disponible, puedo procesar tu compra en este momento.",compra,1,caliente
L00346,CHUCK_06,te comparo este plan frente a otras alternativas del mercado.,comparacion,1,tibio
L00347,CHUCK_05,"hola, un gusto saludarte. en que te asesoro?",saludo,1,frio
L00348,CHUCK_06,"gracias por tu tiempo, quedo atento a cualquier consulta.",despedida,0,frio
L00349,CHUCK_01,"en relacion calidad-precio, esta opcion destaca por soporte y resultados.",comparacion,1,tibio
L00350,CHUCK_08,retomo la conversacion para ayudarte con la decision.,seguimiento,0,tibio
L00351,CHUCK_05,te escribo para dar seguimiento a tu interes.,seguimiento,0,tibio
L00352,CHUCK_03,te comparo este plan frente a otras alternativas del mercado.,comparacion,1,tibio
L00353,CHUCK_03,"si te parece, coordinamos una demostracion personalizada.",agendar_demo,0,caliente
L00354,CHUCK_05,"es normal tener esa inquietud, revisemos alternativas.",objecion,0,frio
L00355,CHUCK_08,retomo la conversacion para ayudarte con la decision.,seguimiento,0,frio
L00356,CHUCK_10,"si quieres, te envio una tabla comparativa clara.",comparacion,1,caliente
L00357,CHUCK_10,este producto incluye soporte y configuracion inicial.,consulta_producto,0,tibio
L00358,CHUCK_05,"entiendo tu duda, te aclaro ese punto para que decidas con confianza.",objecion,0,tibio
L00359,CHUCK_06,"excelente decision, te ayudo a completar tu compra ahora.",compra,0,caliente
L00360,CHUCK_08,te explico las caracteristicas principales del producto.,consulta_producto,0,frio
L00361,CHUCK_09,"perfecto, te comparto el link de pago para cerrar la compra.",compra,1,caliente
L00362,CHUCK_01,"excelente decision, te ayudo a completar tu compra ahora.",compra,1,tibio
L00363,CHUCK_04,"gracias por tu tiempo, quedo atento a cualquier consulta.",despedida,0,frio
L00364,CHUCK_05,te explico las caracteristicas principales del producto.,consulta_producto,0,tibio
L00365,CHUCK_04,"el costo depende del paquete, te paso las opciones de precio.",consulta_precio,1,caliente
L00366,CHUCK_08,quedo atento para continuar cuando te venga bien.,seguimiento,0,frio
L00367,CHUCK_09,"claro, te comparto el precio actualizado del plan.",consulta_precio,1,tibio
L00368,CHUCK_04,podemos agendar una demo de 20 minutos esta semana.,agendar_demo,0,tibio
L00369,CHUCK_01,te comparo este plan frente a otras alternativas del mercado.,comparacion,0,tibio
L00370,CHUCK_03,te explico las caracteristicas principales del producto.,consulta_producto,0,frio
L00371,CHUCK_07,"el costo depende del paquete, te paso las opciones de precio.",consulta_precio,1,tibio
L00372,CHUCK_09,este producto incluye soporte y configuracion inicial.,consulta_producto,1,tibio
L00373,CHUCK_08,"tenemos stock disponible, puedo procesar tu compra en este momento.",compra,0,tibio
L00374,CHUCK_05,puedo guiarte para solucionar el problema ahora mismo.,soporte,0,frio
L00375,CHUCK_02,podemos resolver esa objecion con una opcion mas flexible.,objecion,0,frio
L00376,CHUCK_08,"si te parece, coordinamos una demostracion personalizada.",agendar_demo,0,caliente
L00377,CHUCK_10,"bienvenido, estoy para ayudarte con toda la informacion.",saludo,0,frio
L00378,CHUCK_02,te explico las caracteristicas principales del producto.,consulta_producto,0,tibio
L00379,CHUCK_08,"es normal tener esa inquietud, revisemos alternativas.",objecion,0,tibio
L00380,CHUCK_02,te explico las caracteristicas principales del producto.,consulta_producto,0,frio
L00381,CHUCK_05,podemos agendar una demo de 20 minutos esta semana.,agendar_demo,0,tibio
L00382,CHUCK_10,te comparto los beneficios para tu caso de uso.,consulta_producto,0,frio
L00383,CHUCK_05,podemos resolver esa objecion con una opcion mas flexible.,objecion,0,tibio
L00384,CHUCK_01,este producto incluye soporte y configuracion inicial.,consulta_producto,0,tibio
L00385,CHUCK_04,"es normal tener esa inquietud, revisemos alternativas.",objecion,0,tibio
L00386,CHUCK_04,"si te parece, coordinamos una demostracion personalizada.",agendar_demo,0,tibio
L00387,CHUCK_06,"perfecto, te comparto el link de pago para cerrar la compra.",compra,0,caliente
L00388,CHUCK_01,"hola, un gusto saludarte. en que te asesoro?",saludo,0,frio
L00389,CHUCK_09,podemos agendar una demo de 20 minutos esta semana.,agendar_demo,0,tibio
L00390,CHUCK_02,vamos a revisar ese inconveniente para resolverlo rapido.,soporte,0,frio
L00391,CHUCK_09,te comparto los beneficios para tu caso de uso.,consulta_producto,1,tibio
L00392,CHUCK_06,"entiendo tu duda, te aclaro ese punto para que decidas con confianza.",objecion,1,tibio
L00393,CHUCK_05,"perfecto, hablamos pronto. que tengas excelente dia.",despedida,1,frio
L00394,CHUCK_04,te comparto los beneficios para tu caso de uso.,consulta_producto,0,tibio
L00395,CHUCK_03,quedo atento para continuar cuando te venga bien.,seguimiento,0,tibio
L00396,CHUCK_09,retomo la conversacion para ayudarte con la decision.,seguimiento,0,frio
L00397,CHUCK_01,te comparto los beneficios para tu caso de uso.,consulta_producto,0,tibio
L00398,CHUCK_04,podemos agendar una demo de 20 minutos esta semana.,agendar_demo,0,caliente
L00399,CHUCK_10,"si, te puedo detallar precios y promociones vigentes.",consulta_precio,1,tibio
L00400,CHUCK_07,te escribo para dar seguimiento a tu interes.,seguimiento,0,frio
L00401,CHUCK_05,este producto incluye soporte y configuracion inicial.,consulta_producto,0,tibio
L00402,CHUCK_08,"perfecto, hablamos pronto. que tengas excelente dia.",despedida,0,frio
L00403,CHUCK_09,"es normal tener esa inquietud, revisemos alternativas.",objecion,0,frio
L00404,CHUCK_07,"tenemos stock disponible, puedo procesar tu compra en este momento.",compra,0,caliente
L00405,CHUCK_05,"el costo depende del paquete, te paso las opciones de precio.",consulta_precio,1,tibio
L00406,CHUCK_05,podemos resolver esa objecion con una opcion mas flexible.,objecion,0,tibio
L00407,CHUCK_08,"el costo depende del paquete, te paso las opciones de precio.",consulta_precio,1,caliente
L00408,CHUCK_07,"entiendo tu duda, te aclaro ese punto para que decidas con confianza.",objecion,0,tibio
L00409,CHUCK_05,te comparo este plan frente a otras alternativas del mercado.,comparacion,0,tibio
L00410,CHUCK_07,"tenemos stock disponible, puedo procesar tu compra en este momento.",compra,0,caliente
L00411,CHUCK_10,"perfecto, hablamos pronto. que tengas excelente dia.",despedida,0,frio
L00412,CHUCK_08,retomo la conversacion para ayudarte con la decision.,seguimiento,1,frio
L00413,CHUCK_04,te escribo para dar seguimiento a tu interes.,seguimiento,0,tibio
L00414,CHUCK_06,"claro, te comparto el precio actualizado del plan.",consulta_precio,1,caliente
L00415,CHUCK_03,"excelente decision, te ayudo a completar tu compra ahora.",compra,1,caliente
L00416,CHUCK_10,"el costo depende del paquete, te paso las opciones de precio.",consulta_precio,1,caliente
L00417,CHUCK_06,fue un gusto ayudarte. estoy disponible cuando lo necesites.,despedida,0,frio
L00418,CHUCK_07,"excelente decision, te ayudo a completar tu compra ahora.",compra,1,caliente
L00419,CHUCK_10,te escribo para dar seguimiento a tu interes.,seguimiento,0,tibio
L00420,CHUCK_05,"si, te puedo detallar precios y promociones vigentes.",consulta_precio,1,tibio
L00421,CHUCK_09,puedo guiarte para solucionar el problema ahora mismo.,soporte,0,frio
L00422,CHUCK_04,"el costo depende del paquete, te paso las opciones de precio.",consulta_precio,1,tibio
L00423,CHUCK_01,"el costo depende del paquete, te paso las opciones de precio.",consulta_precio,1,tibio
L00424,CHUCK_07,"entiendo tu duda, te aclaro ese punto para que decidas con confianza.",objecion,0,tibio
L00425,CHUCK_09,"claro, te comparto el precio actualizado del plan.",consulta_precio,1,tibio
L00426,CHUCK_05,te comparto los beneficios para tu caso de uso.,consulta_producto,1,frio
L00427,CHUCK_03,fue un gusto ayudarte. estoy disponible cuando lo necesites.,despedida,0,frio
L00428,CHUCK_07,"tenemos stock disponible, puedo procesar tu compra en este momento.",compra,1,caliente
L00429,CHUCK_03,puedo guiarte para solucionar el problema ahora mismo.,soporte,0,frio
L00430,CHUCK_07,"perfecto, te comparto el link de pago para cerrar la compra.",compra,0,caliente
L00431,CHUCK_07,"bienvenido, estoy para ayudarte con toda la informacion.",saludo,0,frio
L00432,CHUCK_03,"tengo disponibilidad para demo, te paso horarios.",agendar_demo,0,caliente
L00433,CHUCK_07,retomo la conversacion para ayudarte con la decision.,seguimiento,0,frio
L00434,CHUCK_10,"es normal tener esa inquietud, revisemos alternativas.",objecion,0,tibio
L00435,CHUCK_06,podemos resolver esa objecion con una opcion mas flexible.,objecion,0,tibio
L00436,CHUCK_06,te explico las caracteristicas principales del producto.,consulta_producto,0,tibio
L00437,CHUCK_04,"excelente decision, te ayudo a completar tu compra ahora.",compra,0,caliente
L00438,CHUCK_01,"claro, te comparto el precio actualizado del plan.",consulta_precio,1,caliente
L00439,CHUCK_06,"excelente decision, te ayudo a completar tu compra ahora.",compra,1,caliente
L00440,CHUCK_08,"si te parece, coordinamos una demostracion personalizada.",agendar_demo,0,tibio
L00441,CHUCK_07,te explico las caracteristicas principales del producto.,consulta_producto,0,frio
L00442,CHUCK_06,retomo la conversacion para ayudarte con la decision.,seguimiento,0,frio
L00443,CHUCK_06,"perfecto, te comparto el link de pago para cerrar la compra.",compra,1,caliente
L00444,CHUCK_01,te explico las caracteristicas principales del producto.,consulta_producto,0,frio
L00445,CHUCK_05,"bienvenido, estoy para ayudarte con toda la informacion.",saludo,1,frio
L00446,CHUCK_07,"si quieres, te envio una tabla comparativa clara.",comparacion,1,tibio
L00447,CHUCK_10,"tengo disponibilidad para demo, te paso horarios.",agendar_demo,0,tibio
L00448,CHUCK_03,"excelente decision, te ayudo a completar tu compra ahora.",compra,1,caliente
L00449,CHUCK_06,te ayudo con soporte tecnico paso a paso.,soporte,0,frio
L00450,CHUCK_10,"perfecto, te comparto el link de pago para cerrar la compra.",compra,0,caliente
L00451,CHUCK_02,"claro, te comparto el precio actualizado del plan.",consulta_precio,1,caliente
L00452,CHUCK_10,quedo atento para continuar cuando te venga bien.,seguimiento,0,frio
L00453,CHUCK_01,este producto incluye soporte y configuracion inicial.,consulta_producto,0,frio
L00454,CHUCK_03,retomo la conversacion para ayudarte con la decision.,seguimiento,0,frio
L00455,CHUCK_05,"perfecto, te comparto el link de pago para cerrar la compra.",compra,1,tibio
L00456,CHUCK_01,"tenemos stock disponible, puedo procesar tu compra en este momento.",compra,1,tibio
L00457,CHUCK_10,"bienvenido, estoy para ayudarte con toda la informacion.",saludo,0,frio
L00458,CHUCK_07,podemos resolver esa objecion con una opcion mas flexible.,objecion,0,tibio
L00459,CHUCK_05,"hola, un gusto saludarte. en que te asesoro?",saludo,0,frio
L00460,CHUCK_07,"si te parece, coordinamos una demostracion personalizada.",agendar_demo,0,tibio
L00461,CHUCK_02,quedo atento para continuar cuando te venga bien.,seguimiento,0,tibio
L00462,CHUCK_06,"en relacion calidad-precio, esta opcion destaca por soporte y resultados.",comparacion,1,caliente
L00463,CHUCK_02,te comparo este plan frente a otras alternativas del mercado.,comparacion,1,caliente
L00464,CHUCK_04,"si te parece, coordinamos una demostracion personalizada.",agendar_demo,0,tibio
L00465,CHUCK_01,"hola, un gusto saludarte. en que te asesoro?",saludo,0,frio
L00466,CHUCK_10,"gracias por tu tiempo, quedo atento a cualquier consulta.",despedida,0,frio
L00467,CHUCK_08,"bienvenido, estoy para ayudarte con toda la informacion.",saludo,0,frio
L00468,CHUCK_09,te comparto los beneficios para tu caso de uso.,consulta_producto,0,frio
L00469,CHUCK_05,"tenemos stock disponible, puedo procesar tu compra en este momento.",compra,1,tibio
L00470,CHUCK_03,"en relacion calidad-precio, esta opcion destaca por soporte y resultados.",comparacion,0,tibio
L00471,CHUCK_10,"en relacion calidad-precio, esta opcion destaca por soporte y resultados.",comparacion,1,tibio
L00472,CHUCK_03,te escribo para dar seguimiento a tu interes.,seguimiento,0,tibio
L00473,CHUCK_02,"si quieres, te envio una tabla comparativa clara.",comparacion,0,tibio
L00474,CHUCK_06,"si te parece, coordinamos una demostracion personalizada.",agendar_demo,0,caliente
L00475,CHUCK_09,te escribo para dar seguimiento a tu interes.,seguimiento,0,tibio
L00476,CHUCK_08,"tenemos stock disponible, puedo procesar tu compra en este momento.",compra,1,caliente
L00477,CHUCK_04,te comparo este plan frente a otras alternativas del mercado.,comparacion,1,tibio
L00478,CHUCK_01,"perfecto, te comparto el link de pago para cerrar la compra.",compra,1,caliente
L00479,CHUCK_05,podemos agendar una demo de 20 minutos esta semana.,agendar_demo,0,caliente
L00480,CHUCK_06,"entiendo tu duda, te aclaro ese punto para que decidas con confianza.",objecion,0,tibio
L00481,CHUCK_01,"el costo depende del paquete, te paso las opciones de precio.",consulta_precio,1,tibio
L00482,CHUCK_10,"bienvenido, estoy para ayudarte con toda la informacion.",saludo,0,frio
L00483,CHUCK_02,"bienvenido, estoy para ayudarte con toda la informacion.",saludo,1,frio
L00484,CHUCK_08,te comparto los beneficios para tu caso de uso.,consulta_producto,0,tibio
L00485,CHUCK_02,"claro, te comparto el precio actualizado del plan.",consulta_precio,1,tibio
L00486,CHUCK_09,"si, te puedo detallar precios y promociones vigentes.",consulta_precio,1,tibio
L00487,CHUCK_03,"excelente decision, te ayudo a completar tu compra ahora.",compra,1,caliente
L00488,CHUCK_09,"tengo disponibilidad para demo, te paso horarios.",agendar_demo,0,caliente
L00489,CHUCK_02,este producto incluye soporte y configuracion inicial.,consulta_producto,0,frio
L00490,CHUCK_07,te explico las caracteristicas principales del producto.,consulta_producto,0,frio
L00491,CHUCK_06,"claro, te comparto el precio actualizado del plan.",consulta_precio,1,tibio
L00492,CHUCK_08,vamos a revisar ese inconveniente para resolverlo rapido.,soporte,1,frio
L00493,CHUCK_04,"tengo disponibilidad para demo, te paso horarios.",agendar_demo,0,caliente
L00494,CHUCK_04,"hola, gracias por contactarnos. como puedo ayudarte hoy?",saludo,1,frio
L00495,CHUCK_04,este producto incluye soporte y configuracion inicial.,consulta_producto,0,frio
L00496,CHUCK_05,te explico las caracteristicas principales del producto.,consulta_producto,0,frio
L00497,CHUCK_04,"perfecto, te comparto el link de pago para cerrar la compra.",compra,1,tibio
L00498,CHUCK_02,"si, te puedo detallar precios y promociones vigentes.",consulta_precio,1,caliente
L00499,CHUCK_10,"el costo depende del paquete, te paso las opciones de precio.",consulta_precio,1,tibio
L00500,CHUCK_07,"tenemos stock disponible, puedo procesar tu compra en este momento.",compra,1,caliente
L00501,CHUCK_01,"perfecto, te comparto el link de pago para cerrar la compra.",compra,1,caliente
L00502,CHUCK_07,te explico las caracteristicas principales del producto.,consulta_producto,1,tibio
L00503,CHUCK_04,retomo la conversacion para ayudarte con la decision.,seguimiento,0,tibio
L00504,CHUCK_01,"claro, te comparto el precio actualizado del plan.",consulta_precio,1,tibio
L00505,CHUCK_03,podemos agendar una demo de 20 minutos esta semana.,agendar_demo,0,tibio
L00506,CHUCK_07,"perfecto, hablamos pronto. que tengas excelente dia.",despedida,1,frio
L00507,CHUCK_02,"claro, te comparto el precio actualizado del plan.",consulta_precio,1,caliente
L00508,CHUCK_04,fue un gusto ayudarte. estoy disponible cuando lo necesites.,despedida,0,frio
L00509,CHUCK_04,"excelente decision, te ayudo a completar tu compra ahora.",compra,0,caliente
L00510,CHUCK_03,retomo la conversacion para ayudarte con la decision.,seguimiento,0,frio
L00511,CHUCK_10,"gracias por tu tiempo, quedo atento a cualquier consulta.",despedida,0,frio
L00512,CHUCK_09,"hola, un gusto saludarte. en que te asesoro?",saludo,0,frio
L00513,CHUCK_10,"es normal tener esa inquietud, revisemos alternativas.",objecion,0,tibio
L00514,CHUCK_02,"claro, te comparto el precio actualizado del plan.",consulta_precio,1,tibio
L00515,CHUCK_08,"si te parece, coordinamos una demostracion personalizada.",agendar_demo,0,tibio
L00516,CHUCK_02,te explico las caracteristicas principales del producto.,consulta_producto,0,tibio
L00517,CHUCK_03,te comparo este plan frente a otras alternativas del mercado.,comparacion,0,tibio
L00518,CHUCK_04,podemos resolver esa objecion con una opcion mas flexible.,objecion,0,tibio
L00519,CHUCK_02,podemos resolver esa objecion con una opcion mas flexible.,objecion,0,frio
L00520,CHUCK_01,"claro, te comparto el precio actualizado del plan.",consulta_precio,1,tibio
L00521,CHUCK_01,"tenemos stock disponible, puedo procesar tu compra en este momento.",compra,0,caliente
L00522,CHUCK_01,"tengo disponibilidad para demo, te paso horarios.",agendar_demo,0,caliente
L00523,CHUCK_07,"es normal tener esa inquietud, revisemos alternativas.",objecion,0,frio
L00524,CHUCK_01,"tengo disponibilidad para demo, te paso horarios.",agendar_demo,0,tibio
L00525,CHUCK_04,"el costo depende del paquete, te paso las opciones de precio.",consulta_precio,1,caliente
L00526,CHUCK_06,te ayudo con soporte tecnico paso a paso.,soporte,0,frio
L00527,CHUCK_03,este producto incluye soporte y configuracion inicial.,consulta_producto,0,frio
L00528,CHUCK_06,quedo atento para continuar cuando te venga bien.,seguimiento,0,tibio
L00529,CHUCK_02,te comparto los beneficios para tu caso de uso.,consulta_producto,0,tibio
L00530,CHUCK_08,"excelente decision, te ayudo a completar tu compra ahora.",compra,1,caliente
L00531,CHUCK_06,podemos resolver esa objecion con una opcion mas flexible.,objecion,0,tibio
L00532,CHUCK_02,"tenemos stock disponible, puedo procesar tu compra en este momento.",compra,1,tibio
L00533,CHUCK_10,te comparto los beneficios para tu caso de uso.,consulta_producto,0,tibio
L00534,CHUCK_01,te explico las caracteristicas principales del producto.,consulta_producto,0,frio
L00535,CHUCK_03,podemos agendar una demo de 20 minutos esta semana.,agendar_demo,0,caliente
L00536,CHUCK_02,"hola, gracias por contactarnos. como puedo ayudarte hoy?",saludo,0,frio
L00537,CHUCK_08,quedo atento para continuar cuando te venga bien.,seguimiento,0,tibio
L00538,CHUCK_10,retomo la conversacion para ayudarte con la decision.,seguimiento,0,frio
L00539,CHUCK_10,"si quieres, te envio una tabla comparativa clara.",comparacion,1,caliente
L00540,CHUCK_05,te comparto los beneficios para tu caso de uso.,consulta_producto,1,tibio
L00541,CHUCK_06,te comparto los beneficios para tu caso de uso.,consulta_producto,0,frio
L00542,CHUCK_09,"en relacion calidad-precio, esta opcion destaca por soporte y resultados.",comparacion,1,tibio
L00543,CHUCK_10,quedo atento para continuar cuando te venga bien.,seguimiento,0,frio
L00544,CHUCK_04,"bienvenido, estoy para ayudarte con toda la informacion.",saludo,0,frio
L00545,CHUCK_05,"el costo depende del paquete, te paso las opciones de precio.",consulta_precio,1,tibio
L00546,CHUCK_09,"en relacion calidad-precio, esta opcion destaca por soporte y resultados.",comparacion,0,tibio
L00547,CHUCK_09,"perfecto, te comparto el link de pago para cerrar la compra.",compra,0,caliente
L00548,CHUCK_09,"si, te puedo detallar precios y promociones vigentes.",consulta_precio,1,caliente
L00549,CHUCK_06,"excelente decision, te ayudo a completar tu compra ahora.",compra,1,caliente
L00550,CHUCK_02,"el costo depende del paquete, te paso las opciones de precio.",consulta_precio,1,tibio
L00551,CHUCK_07,"es normal tener esa inquietud, revisemos alternativas.",objecion,0,tibio
L00552,CHUCK_03,fue un gusto ayudarte. estoy disponible cuando lo necesites.,despedida,0,frio
L00553,CHUCK_09,"si quieres, te envio una tabla comparativa clara.",comparacion,1,tibio
L00554,CHUCK_08,"en relacion calidad-precio, esta opcion destaca por soporte y resultados.",comparacion,1,tibio
L00555,CHUCK_06,"tenemos stock disponible, puedo procesar tu compra en este momento.",compra,0,caliente
L00556,CHUCK_06,"bienvenido, estoy para ayudarte con toda la informacion.",saludo,0,frio
L00557,CHUCK_01,"entiendo tu duda, te aclaro ese punto para que decidas con confianza.",objecion,0,frio
L00558,CHUCK_08,"si te parece, coordinamos una demostracion personalizada.",agendar_demo,0,tibio
L00559,CHUCK_04,"excelente decision, te ayudo a completar tu compra ahora.",compra,1,caliente
L00560,CHUCK_02,"perfecto, te comparto el link de pago para cerrar la compra.",compra,1,tibio
L00561,CHUCK_02,"claro, te comparto el precio actualizado del plan.",consulta_precio,1,tibio
L00562,CHUCK_10,"excelente decision, te ayudo a completar tu compra ahora.",compra,0,caliente
L00563,CHUCK_08,vamos a revisar ese inconveniente para resolverlo rapido.,soporte,0,frio
L00564,CHUCK_05,"el costo depende del paquete, te paso las opciones de precio.",consulta_precio,1,tibio
L00565,CHUCK_07,"perfecto, te comparto el link de pago para cerrar la compra.",compra,1,caliente
L00566,CHUCK_01,"claro, te comparto el precio actualizado del plan.",consulta_precio,1,tibio
L00567,CHUCK_08,"claro, te comparto el precio actualizado del plan.",consulta_precio,1,tibio
L00568,CHUCK_08,te escribo para dar seguimiento a tu interes.,seguimiento,0,frio
L00569,CHUCK_08,"el costo depende del paquete, te paso las opciones de precio.",consulta_precio,1,tibio
L00570,CHUCK_10,quedo atento para continuar cuando te venga bien.,seguimiento,0,tibio
L00571,CHUCK_02,"el costo depende del paquete, te paso las opciones de precio.",consulta_precio,1,caliente
L00572,CHUCK_06,"gracias por tu tiempo, quedo atento a cualquier consulta.",despedida,0,frio
L00573,CHUCK_04,"excelente decision, te ayudo a completar tu compra ahora.",compra,1,caliente
L00574,CHUCK_03,"excelente decision, te ayudo a completar tu compra ahora.",compra,0,tibio
L00575,CHUCK_04,"si, te puedo detallar precios y promociones vigentes.",consulta_precio,1,tibio
L00576,CHUCK_08,"si quieres, te envio una tabla comparativa clara.",comparacion,1,tibio
L00577,CHUCK_07,"claro, te comparto el precio actualizado del plan.",consulta_precio,1,tibio
L00578,CHUCK_06,"el costo depende del paquete, te paso las opciones de precio.",consulta_precio,1,caliente
L00579,CHUCK_04,podemos resolver esa objecion con una opcion mas flexible.,objecion,0,tibio
L00580,CHUCK_07,"perfecto, te comparto el link de pago para cerrar la compra.",compra,1,caliente
L00581,CHUCK_08,te escribo para dar seguimiento a tu interes.,seguimiento,0,tibio
L00582,CHUCK_01,"entiendo tu duda, te aclaro ese punto para que decidas con confianza.",objecion,0,frio
L00583,CHUCK_05,quedo atento para continuar cuando te venga bien.,seguimiento,0,tibio
L00584,CHUCK_04,"es normal tener esa inquietud, revisemos alternativas.",objecion,0,frio
L00585,CHUCK_02,te comparto los beneficios para tu caso de uso.,consulta_producto,0,tibio
L00586,CHUCK_01,"hola, un gusto saludarte. en que te asesoro?",saludo,0,frio
L00587,CHUCK_03,"si quieres, te envio una tabla comparativa clara.",comparacion,1,caliente
L00588,CHUCK_06,te explico las caracteristicas principales del producto.,consulta_producto,1,tibio
L00589,CHUCK_08,"es normal tener esa inquietud, revisemos alternativas.",objecion,0,frio
L00590,CHUCK_09,"perfecto, te comparto el link de pago para cerrar la compra.",compra,0,tibio
L00591,CHUCK_01,"bienvenido, estoy para ayudarte con toda la informacion.",saludo,0,frio
L00592,CHUCK_04,"claro, te comparto el precio actualizado del plan.",consulta_precio,1,tibio
L00593,CHUCK_03,"perfecto, hablamos pronto. que tengas excelente dia.",despedida,0,frio
L00594,CHUCK_04,"bienvenido, estoy para ayudarte con toda la informacion.",saludo,0,frio
L00595,CHUCK_07,"el costo depende del paquete, te paso las opciones de precio.",consulta_precio,1,tibio
L00596,CHUCK_02,"hola, gracias por contactarnos. como puedo ayudarte hoy?",saludo,0,frio
L00597,CHUCK_08,te comparo este plan frente a otras alternativas del mercado.,comparacion,0,tibio
L00598,CHUCK_10,"perfecto, te comparto el link de pago para cerrar la compra.",compra,1,tibio
L00599,CHUCK_02,este producto incluye soporte y configuracion inicial.,consulta_producto,0,tibio
L00600,CHUCK_04,"excelente decision, te ayudo a completar tu compra ahora.",compra,1,tibio
L00601,CHUCK_08,"es normal tener esa inquietud, revisemos alternativas.",objecion,0,frio
L00602,CHUCK_05,podemos resolver esa objecion con una opcion mas flexible.,objecion,1,tibio
L00603,CHUCK_04,"el costo depende del paquete, te paso las opciones de precio.",consulta_precio,1,tibio
L00604,CHUCK_07,"tengo disponibilidad para demo, te paso horarios.",agendar_demo,0,tibio
L00605,CHUCK_05,vamos a revisar ese inconveniente para resolverlo rapido.,soporte,0,frio
L00606,CHUCK_04,"claro, te comparto el precio actualizado del plan.",consulta_precio,1,caliente
L00607,CHUCK_01,"perfecto, hablamos pronto. que tengas excelente dia.",despedida,0,frio
L00608,CHUCK_06,este producto incluye soporte y configuracion inicial.,consulta_producto,1,tibio
L00609,CHUCK_01,quedo atento para continuar cuando te venga bien.,seguimiento,0,tibio
L00610,CHUCK_10,te comparto los beneficios para tu caso de uso.,consulta_producto,0,tibio
L00611,CHUCK_09,podemos resolver esa objecion con una opcion mas flexible.,objecion,0,tibio
L00612,CHUCK_06,"perfecto, te comparto el link de pago para cerrar la compra.",compra,0,tibio
L00613,CHUCK_04,"tenemos stock disponible, puedo procesar tu compra en este momento.",compra,1,caliente
L00614,CHUCK_05,"tenemos stock disponible, puedo procesar tu compra en este momento.",compra,1,caliente
L00615,CHUCK_10,te ayudo con soporte tecnico paso a paso.,soporte,0,frio
L00616,CHUCK_05,"es normal tener esa inquietud, revisemos alternativas.",objecion,0,frio
L00617,CHUCK_03,"es normal tener esa inquietud, revisemos alternativas.",objecion,0,tibio
L00618,CHUCK_01,"si te parece, coordinamos una demostracion personalizada.",agendar_demo,0,tibio
L00619,CHUCK_08,vamos a revisar ese inconveniente para resolverlo rapido.,soporte,0,frio
L00620,CHUCK_07,"hola, un gusto saludarte. en que te asesoro?",saludo,0,frio
L00621,CHUCK_07,"es normal tener esa inquietud, revisemos alternativas.",objecion,0,tibio
L00622,CHUCK_07,quedo atento para continuar cuando te venga bien.,seguimiento,0,frio
L00623,CHUCK_06,"perfecto, hablamos pronto. que tengas excelente dia.",despedida,0,frio
L00624,CHUCK_08,"excelente decision, te ayudo a completar tu compra ahora.",compra,1,caliente
L00625,CHUCK_06,"si te parece, coordinamos una demostracion personalizada.",agendar_demo,0,caliente
L00626,CHUCK_04,"perfecto, te comparto el link de pago para cerrar la compra.",compra,1,caliente
L00627,CHUCK_04,te comparo este plan frente a otras alternativas del mercado.,comparacion,1,caliente
L00628,CHUCK_06,"perfecto, te comparto el link de pago para cerrar la compra.",compra,0,tibio
L00629,CHUCK_07,te ayudo con soporte tecnico paso a paso.,soporte,0,frio
L00630,CHUCK_09,"entiendo tu duda, te aclaro ese punto para que decidas con confianza.",objecion,0,tibio
L00631,CHUCK_10,te comparo este plan frente a otras alternativas del mercado.,comparacion,1,tibio
L00632,CHUCK_02,"hola, un gusto saludarte. en que te asesoro?",saludo,0,frio
L00633,CHUCK_07,"perfecto, te comparto el link de pago para cerrar la compra.",compra,1,caliente
L00634,CHUCK_04,"si quieres, te envio una tabla comparativa clara.",comparacion,0,caliente
L00635,CHUCK_07,"excelente decision, te ayudo a completar tu compra ahora.",compra,1,caliente
L00636,CHUCK_01,"tenemos stock disponible, puedo procesar tu compra en este momento.",compra,1,caliente
L00637,CHUCK_10,vamos a revisar ese inconveniente para resolverlo rapido.,soporte,0,frio
L00638,CHUCK_06,"si te parece, coordinamos una demostracion personalizada.",agendar_demo,0,tibio
L00639,CHUCK_02,"perfecto, hablamos pronto. que tengas excelente dia.",despedida,0,frio
L00640,CHUCK_04,"el costo depende del paquete, te paso las opciones de precio.",consulta_precio,1,caliente
L00641,CHUCK_09,"hola, un gusto saludarte. en que te asesoro?",saludo,0,frio
L00642,CHUCK_05,"claro, te comparto el precio actualizado del plan.",consulta_precio,1,caliente
L00643,CHUCK_07,"excelente decision, te ayudo a completar tu compra ahora.",compra,0,caliente
L00644,CHUCK_10,"hola, un gusto saludarte. en que te asesoro?",saludo,0,frio
L00645,CHUCK_04,"perfecto, te comparto el link de pago para cerrar la compra.",compra,0,caliente
L00646,CHUCK_04,te comparto los beneficios para tu caso de uso.,consulta_producto,1,tibio
L00647,CHUCK_09,"tenemos stock disponible, puedo procesar tu compra en este momento.",compra,0,caliente
L00648,CHUCK_04,te comparo este plan frente a otras alternativas del mercado.,comparacion,1,tibio
L00649,CHUCK_02,"entiendo tu duda, te aclaro ese punto para que decidas con confianza.",objecion,0,tibio
L00650,CHUCK_01,te explico las caracteristicas principales del producto.,consulta_producto,0,tibio
L00651,CHUCK_02,te ayudo con soporte tecnico paso a paso.,soporte,1,frio
L00652,CHUCK_06,"tengo disponibilidad para demo, te paso horarios.",agendar_demo,0,caliente
L00653,CHUCK_09,vamos a revisar ese inconveniente para resolverlo rapido.,soporte,0,frio
L00654,CHUCK_03,este producto incluye soporte y configuracion inicial.,consulta_producto,0,tibio
L00655,CHUCK_05,te explico las caracteristicas principales del producto.,consulta_producto,0,tibio
L00656,CHUCK_06,"si, te puedo detallar precios y promociones vigentes.",consulta_precio,1,tibio
L00657,CHUCK_03,"hola, un gusto saludarte. en que te asesoro?",saludo,0,frio
L00658,CHUCK_03,"si quieres, te envio una tabla comparativa clara.",comparacion,1,tibio
L00659,CHUCK_03,te explico las caracteristicas principales del producto.,consulta_producto,0,tibio
L00660,CHUCK_03,te escribo para dar seguimiento a tu interes.,seguimiento,1,tibio
L00661,CHUCK_04,podemos resolver esa objecion con una opcion mas flexible.,objecion,0,frio
L00662,CHUCK_10,te comparto los beneficios para tu caso de uso.,consulta_producto,0,tibio
L00663,CHUCK_10,"es normal tener esa inquietud, revisemos alternativas.",objecion,0,tibio
L00664,CHUCK_04,"entiendo tu duda, te aclaro ese punto para que decidas con confianza.",objecion,0,tibio
L00665,CHUCK_02,este producto incluye soporte y configuracion inicial.,consulta_producto,0,frio
L00666,CHUCK_07,"si quieres, te envio una tabla comparativa clara.",comparacion,1,tibio
L00667,CHUCK_03,"es normal tener esa inquietud, revisemos alternativas.",objecion,0,tibio
L00668,CHUCK_08,"si, te puedo detallar precios y promociones vigentes.",consulta_precio,1,caliente
L00669,CHUCK_04,"entiendo tu duda, te aclaro ese punto para que decidas con confianza.",objecion,0,tibio
L00670,CHUCK_05,"tenemos stock disponible, puedo procesar tu compra en este momento.",compra,1,caliente
L00671,CHUCK_08,"el costo depende del paquete, te paso las opciones de precio.",consulta_precio,1,tibio
L00672,CHUCK_04,"perfecto, te comparto el link de pago para cerrar la compra.",compra,0,caliente
L00673,CHUCK_05,te comparto los beneficios para tu caso de uso.,consulta_producto,0,tibio
L00674,CHUCK_08,vamos a revisar ese inconveniente para resolverlo rapido.,soporte,0,frio
L00675,CHUCK_03,te comparo este plan frente a otras alternativas del mercado.,comparacion,1,caliente
L00676,CHUCK_02,te explico las caracteristicas principales del producto.,consulta_producto,0,tibio
L00677,CHUCK_07,"tenemos stock disponible, puedo procesar tu compra en este momento.",compra,1,tibio
L00678,CHUCK_08,"tenemos stock disponible, puedo procesar tu compra en este momento.",compra,0,caliente
L00679,CHUCK_03,"excelente decision, te ayudo a completar tu compra ahora.",compra,0,caliente
L00680,CHUCK_08,"bienvenido, estoy para ayudarte con toda la informacion.",saludo,1,frio
L00681,CHUCK_06,"tengo disponibilidad para demo, te paso horarios.",agendar_demo,0,tibio
L00682,CHUCK_07,"claro, te comparto el precio actualizado del plan.",consulta_precio,1,caliente
L00683,CHUCK_03,te escribo para dar seguimiento a tu interes.,seguimiento,0,tibio
L00684,CHUCK_01,podemos resolver esa objecion con una opcion mas flexible.,objecion,0,frio
L00685,CHUCK_08,quedo atento para continuar cuando te venga bien.,seguimiento,0,frio
L00686,CHUCK_07,te comparto los beneficios para tu caso de uso.,consulta_producto,0,frio
L00687,CHUCK_10,te explico las caracteristicas principales del producto.,consulta_producto,0,tibio
L00688,CHUCK_07,te escribo para dar seguimiento a tu interes.,seguimiento,0,tibio
L00689,CHUCK_07,"es normal tener esa inquietud, revisemos alternativas.",objecion,0,tibio
L00690,CHUCK_07,te escribo para dar seguimiento a tu interes.,seguimiento,0,tibio
L00691,CHUCK_02,"es normal tener esa inquietud, revisemos alternativas.",objecion,0,frio
L00692,CHUCK_08,te comparo este plan frente a otras alternativas del mercado.,comparacion,1,tibio
L00693,CHUCK_03,"hola, gracias por contactarnos. como puedo ayudarte hoy?",saludo,0,frio
L00694,CHUCK_03,"en relacion calidad-precio, esta opcion destaca por soporte y resultados.",comparacion,1,tibio
L00695,CHUCK_05,quedo atento para continuar cuando te venga bien.,seguimiento,0,tibio
L00696,CHUCK_01,"perfecto, hablamos pronto. que tengas excelente dia.",despedida,0,frio
L00697,CHUCK_06,puedo guiarte para solucionar el problema ahora mismo.,soporte,0,frio
L00698,CHUCK_08,"excelente decision, te ayudo a completar tu compra ahora.",compra,1,tibio
L00699,CHUCK_07,te comparo este plan frente a otras alternativas del mercado.,comparacion,1,tibio
L00700,CHUCK_09,te explico las caracteristicas principales del producto.,consulta_producto,0,tibio
L00701,CHUCK_10,te comparo este plan frente a otras alternativas del mercado.,comparacion,0,caliente
L00702,CHUCK_08,fue un gusto ayudarte. estoy disponible cuando lo necesites.,despedida,0,frio
L00703,CHUCK_08,"perfecto, te comparto el link de pago para cerrar la compra.",compra,0,caliente
L00704,CHUCK_05,te escribo para dar seguimiento a tu interes.,seguimiento,1,tibio
L00705,CHUCK_04,podemos agendar una demo de 20 minutos esta semana.,agendar_demo,0,tibio
L00706,CHUCK_10,te explico las caracteristicas principales del producto.,consulta_producto,0,tibio
L00707,CHUCK_04,"claro, te comparto el precio actualizado del plan.",consulta_precio,1,tibio
L00708,CHUCK_05,"tenemos stock disponible, puedo procesar tu compra en este momento.",compra,0,caliente
L00709,CHUCK_08,"tengo disponibilidad para demo, te paso horarios.",agendar_demo,0,caliente
L00710,CHUCK_02,"es normal tener esa inquietud, revisemos alternativas.",objecion,0,tibio
L00711,CHUCK_03,puedo guiarte para solucionar el problema ahora mismo.,soporte,0,frio
L00712,CHUCK_05,te comparto los beneficios para tu caso de uso.,consulta_producto,0,tibio
L00713,CHUCK_07,podemos resolver esa objecion con una opcion mas flexible.,objecion,0,frio
L00714,CHUCK_10,"perfecto, te comparto el link de pago para cerrar la compra.",compra,0,caliente
L00715,CHUCK_08,"tenemos stock disponible, puedo procesar tu compra en este momento.",compra,0,caliente
L00716,CHUCK_02,"perfecto, te comparto el link de pago para cerrar la compra.",compra,1,caliente
L00717,CHUCK_07,"entiendo tu duda, te aclaro ese punto para que decidas con confianza.",objecion,0,tibio
L00718,CHUCK_04,"el costo depende del paquete, te paso las opciones de precio.",consulta_precio,1,tibio
L00719,CHUCK_09,"el costo depende del paquete, te paso las opciones de precio.",consulta_precio,1,caliente
L00720,CHUCK_03,"si te parece, coordinamos una demostracion personalizada.",agendar_demo,1,tibio
L00721,CHUCK_02,"tenemos stock disponible, puedo procesar tu compra en este momento.",compra,0,caliente
L00722,CHUCK_07,quedo atento para continuar cuando te venga bien.,seguimiento,0,tibio
L00723,CHUCK_10,"es normal tener esa inquietud, revisemos alternativas.",objecion,0,tibio
L00724,CHUCK_08,te comparto los beneficios para tu caso de uso.,consulta_producto,1,frio
L00725,CHUCK_08,"tengo disponibilidad para demo, te paso horarios.",agendar_demo,0,tibio
L00726,CHUCK_09,retomo la conversacion para ayudarte con la decision.,seguimiento,0,tibio
L00727,CHUCK_10,"tenemos stock disponible, puedo procesar tu compra en este momento.",compra,1,caliente
L00728,CHUCK_04,te comparo este plan frente a otras alternativas del mercado.,comparacion,1,tibio
L00729,CHUCK_09,podemos agendar una demo de 20 minutos esta semana.,agendar_demo,0,tibio
L00730,CHUCK_03,"si quieres, te envio una tabla comparativa clara.",comparacion,0,caliente
L00731,CHUCK_02,"si te parece, coordinamos una demostracion personalizada.",agendar_demo,0,tibio
L00732,CHUCK_04,quedo atento para continuar cuando te venga bien.,seguimiento,0,tibio
L00733,CHUCK_06,te comparto los beneficios para tu caso de uso.,consulta_producto,0,tibio
L00734,CHUCK_06,"el costo depende del paquete, te paso las opciones de precio.",consulta_precio,1,caliente
L00735,CHUCK_03,"tenemos stock disponible, puedo procesar tu compra en este momento.",compra,0,tibio
L00736,CHUCK_10,te comparto los beneficios para tu caso de uso.,consulta_producto,0,frio
L00737,CHUCK_09,"perfecto, hablamos pronto. que tengas excelente dia.",despedida,0,frio
L00738,CHUCK_09,"gracias por tu tiempo, quedo atento a cualquier consulta.",despedida,1,frio
L00739,CHUCK_06,podemos resolver esa objecion con una opcion mas flexible.,objecion,0,tibio
L00740,CHUCK_09,"si, te puedo detallar precios y promociones vigentes.",consulta_precio,1,tibio
L00741,CHUCK_03,te explico las caracteristicas principales del producto.,consulta_producto,0,tibio
L00742,CHUCK_02,te comparo este plan frente a otras alternativas del mercado.,comparacion,1,tibio
L00743,CHUCK_07,te escribo para dar seguimiento a tu interes.,seguimiento,0,frio
L00744,CHUCK_01,vamos a revisar ese inconveniente para resolverlo rapido.,soporte,0,frio
L00745,CHUCK_08,"claro, te comparto el precio actualizado del plan.",consulta_precio,1,tibio
L00746,CHUCK_10,"si quieres, te envio una tabla comparativa clara.",comparacion,0,caliente
L00747,CHUCK_09,te escribo para dar seguimiento a tu interes.,seguimiento,0,tibio
L00748,CHUCK_03,"excelente decision, te ayudo a completar tu compra ahora.",compra,1,caliente
L00749,CHUCK_01,"es normal tener esa inquietud, revisemos alternativas.",objecion,1,tibio
L00750,CHUCK_01,este producto incluye soporte y configuracion inicial.,consulta_producto,0,frio
L00751,CHUCK_01,"tengo disponibilidad para demo, te paso horarios.",agendar_demo,0,tibio
L00752,CHUCK_07,este producto incluye soporte y configuracion inicial.,consulta_producto,0,tibio
L00753,CHUCK_10,"tenemos stock disponible, puedo procesar tu compra en este momento.",compra,1,caliente
L00754,CHUCK_02,retomo la conversacion para ayudarte con la decision.,seguimiento,0,tibio
L00755,CHUCK_06,puedo guiarte para solucionar el problema ahora mismo.,soporte,1,frio
L00756,CHUCK_06,"excelente decision, te ayudo a completar tu compra ahora.",compra,0,caliente
L00757,CHUCK_02,te explico las caracteristicas principales del producto.,consulta_producto,0,frio
L00758,CHUCK_10,"es normal tener esa inquietud, revisemos alternativas.",objecion,0,frio
L00759,CHUCK_03,"hola, gracias por contactarnos. como puedo ayudarte hoy?",saludo,0,frio
L00760,CHUCK_09,"perfecto, te comparto el link de pago para cerrar la compra.",compra,1,caliente
L00761,CHUCK_04,te escribo para dar seguimiento a tu interes.,seguimiento,0,tibio
L00762,CHUCK_10,te explico las caracteristicas principales del producto.,consulta_producto,1,tibio
L00763,CHUCK_04,"si, te puedo detallar precios y promociones vigentes.",consulta_precio,1,caliente
L00764,CHUCK_05,este producto incluye soporte y configuracion inicial.,consulta_producto,0,tibio
L00765,CHUCK_05,"tenemos stock disponible, puedo procesar tu compra en este momento.",compra,0,tibio
L00766,CHUCK_07,este producto incluye soporte y configuracion inicial.,consulta_producto,1,tibio
L00767,CHUCK_04,este producto incluye soporte y configuracion inicial.,consulta_producto,0,tibio
L00768,CHUCK_02,"entiendo tu duda, te aclaro ese punto para que decidas con confianza.",objecion,0,tibio
L00769,CHUCK_07,te comparto los beneficios para tu caso de uso.,consulta_producto,1,tibio
L00770,CHUCK_02,"claro, te comparto el precio actualizado del plan.",consulta_precio,1,tibio
L00771,CHUCK_10,"el costo depende del paquete, te paso las opciones de precio.",consulta_precio,1,tibio
L00772,CHUCK_06,te escribo para dar seguimiento a tu interes.,seguimiento,0,frio
L00773,CHUCK_01,"entiendo tu duda, te aclaro ese punto para que decidas con confianza.",objecion,0,frio
L00774,CHUCK_03,"excelente decision, te ayudo a completar tu compra ahora.",compra,0,caliente
L00775,CHUCK_03,te ayudo con soporte tecnico paso a paso.,soporte,0,frio
L00776,CHUCK_04,"es normal tener esa inquietud, revisemos alternativas.",objecion,0,tibio
L00777,CHUCK_06,"perfecto, te comparto el link de pago para cerrar la compra.",compra,0,caliente
L00778,CHUCK_04,este producto incluye soporte y configuracion inicial.,consulta_producto,0,frio
L00779,CHUCK_07,"entiendo tu duda, te aclaro ese punto para que decidas con confianza.",objecion,0,tibio
L00780,CHUCK_04,"excelente decision, te ayudo a completar tu compra ahora.",compra,0,caliente
L00781,CHUCK_06,retomo la conversacion para ayudarte con la decision.,seguimiento,0,tibio
L00782,CHUCK_01,vamos a revisar ese inconveniente para resolverlo rapido.,soporte,0,frio
L00783,CHUCK_02,quedo atento para continuar cuando te venga bien.,seguimiento,1,tibio
L00784,CHUCK_10,"claro, te comparto el precio actualizado del plan.",consulta_precio,1,caliente
L00785,CHUCK_03,vamos a revisar ese inconveniente para resolverlo rapido.,soporte,0,frio
L00786,CHUCK_09,"tenemos stock disponible, puedo procesar tu compra en este momento.",compra,0,caliente
L00787,CHUCK_09,retomo la conversacion para ayudarte con la decision.,seguimiento,0,tibio
L00788,CHUCK_01,"hola, gracias por contactarnos. como puedo ayudarte hoy?",saludo,0,frio
L00789,CHUCK_06,"claro, te comparto el precio actualizado del plan.",consulta_precio,1,caliente
L00790,CHUCK_04,te escribo para dar seguimiento a tu interes.,seguimiento,0,frio
L00791,CHUCK_07,"entiendo tu duda, te aclaro ese punto para que decidas con confianza.",objecion,0,tibio
L00792,CHUCK_04,este producto incluye soporte y configuracion inicial.,consulta_producto,0,frio
L00793,CHUCK_05,"perfecto, te comparto el link de pago para cerrar la compra.",compra,1,caliente
L00794,CHUCK_02,te explico las caracteristicas principales del producto.,consulta_producto,1,tibio
L00795,CHUCK_04,"claro, te comparto el precio actualizado del plan.",consulta_precio,1,caliente
L00796,CHUCK_02,te ayudo con soporte tecnico paso a paso.,soporte,0,frio
L00797,CHUCK_05,te comparo este plan frente a otras alternativas del mercado.,comparacion,1,caliente
L00798,CHUCK_07,podemos agendar una demo de 20 minutos esta semana.,agendar_demo,1,tibio
L00799,CHUCK_08,"si, te puedo detallar precios y promociones vigentes.",consulta_precio,1,tibio
L00800,CHUCK_04,quedo atento para continuar cuando te venga bien.,seguimiento,0,tibio
L00801,CHUCK_06,"tenemos stock disponible, puedo procesar tu compra en este momento.",compra,1,caliente
L00802,CHUCK_10,te escribo para dar seguimiento a tu interes.,seguimiento,0,tibio
L00803,CHUCK_03,este producto incluye soporte y configuracion inicial.,consulta_producto,0,tibio
L00804,CHUCK_09,te comparto los beneficios para tu caso de uso.,consulta_producto,0,tibio
L00805,CHUCK_10,"en relacion calidad-precio, esta opcion destaca por soporte y resultados.",comparacion,1,caliente
L00806,CHUCK_06,"el costo depende del paquete, te paso las opciones de precio.",consulta_precio,1,tibio
L00807,CHUCK_04,te comparo este plan frente a otras alternativas del mercado.,comparacion,1,tibio
L00808,CHUCK_05,te comparto los beneficios para tu caso de uso.,consulta_producto,0,tibio
L00809,CHUCK_04,"gracias por tu tiempo, quedo atento a cualquier consulta.",despedida,0,frio
L00810,CHUCK_10,"si te parece, coordinamos una demostracion personalizada.",agendar_demo,0,caliente
L00811,CHUCK_04,"tenemos stock disponible, puedo procesar tu compra en este momento.",compra,0,caliente
L00812,CHUCK_10,"el costo depende del paquete, te paso las opciones de precio.",consulta_precio,1,caliente
L00813,CHUCK_03,"bienvenido, estoy para ayudarte con toda la informacion.",saludo,0,frio
L00814,CHUCK_06,quedo atento para continuar cuando te venga bien.,seguimiento,0,frio
L00815,CHUCK_03,podemos resolver esa objecion con una opcion mas flexible.,objecion,0,frio
L00816,CHUCK_09,te comparo este plan frente a otras alternativas del mercado.,comparacion,1,tibio
L00817,CHUCK_01,te comparto los beneficios para tu caso de uso.,consulta_producto,0,tibio
L00818,CHUCK_02,"hola, gracias por contactarnos. como puedo ayudarte hoy?",saludo,0,frio
L00819,CHUCK_07,"en relacion calidad-precio, esta opcion destaca por soporte y resultados.",comparacion,1,caliente
L00820,CHUCK_05,te comparto los beneficios para tu caso de uso.,consulta_producto,0,tibio
L00821,CHUCK_05,podemos agendar una demo de 20 minutos esta semana.,agendar_demo,0,tibio
L00822,CHUCK_03,te escribo para dar seguimiento a tu interes.,seguimiento,0,frio
L00823,CHUCK_09,este producto incluye soporte y configuracion inicial.,consulta_producto,0,tibio
L00824,CHUCK_07,este producto incluye soporte y configuracion inicial.,consulta_producto,0,tibio
L00825,CHUCK_10,este producto incluye soporte y configuracion inicial.,consulta_producto,0,tibio
L00826,CHUCK_02,vamos a revisar ese inconveniente para resolverlo rapido.,soporte,0,frio
L00827,CHUCK_10,este producto incluye soporte y configuracion inicial.,consulta_producto,0,tibio
L00828,CHUCK_06,"tengo disponibilidad para demo, te paso horarios.",agendar_demo,0,caliente
L00829,CHUCK_06,"si te parece, coordinamos una demostracion personalizada.",agendar_demo,0,tibio
L00830,CHUCK_09,este producto incluye soporte y configuracion inicial.,consulta_producto,0,tibio
L00831,CHUCK_09,te comparto los beneficios para tu caso de uso.,consulta_producto,1,tibio
L00832,CHUCK_05,te explico las caracteristicas principales del producto.,consulta_producto,0,frio
L00833,CHUCK_05,fue un gusto ayudarte. estoy disponible cuando lo necesites.,despedida,0,frio
L00834,CHUCK_04,"en relacion calidad-precio, esta opcion destaca por soporte y resultados.",comparacion,1,tibio
L00835,CHUCK_02,te comparo este plan frente a otras alternativas del mercado.,comparacion,1,tibio
L00836,CHUCK_09,te ayudo con soporte tecnico paso a paso.,soporte,0,frio
L00837,CHUCK_06,"el costo depende del paquete, te paso las opciones de precio.",consulta_precio,1,caliente
L00838,CHUCK_03,te explico las caracteristicas principales del producto.,consulta_producto,1,tibio
L00839,CHUCK_02,"hola, gracias por contactarnos. como puedo ayudarte hoy?",saludo,0,frio
L00840,CHUCK_09,"bienvenido, estoy para ayudarte con toda la informacion.",saludo,0,frio
L00841,CHUCK_09,podemos agendar una demo de 20 minutos esta semana.,agendar_demo,0,tibio
L00842,CHUCK_02,"el costo depende del paquete, te paso las opciones de precio.",consulta_precio,1,caliente
L00843,CHUCK_09,"bienvenido, estoy para ayudarte con toda la informacion.",saludo,0,frio
L00844,CHUCK_02,"si quieres, te envio una tabla comparativa clara.",comparacion,1,tibio
L00845,CHUCK_09,"gracias por tu tiempo, quedo atento a cualquier consulta.",despedida,1,frio
L00846,CHUCK_04,"en relacion calidad-precio, esta opcion destaca por soporte y resultados.",comparacion,0,tibio
L00847,CHUCK_07,"claro, te comparto el precio actualizado del plan.",consulta_precio,1,tibio
L00848,CHUCK_10,"claro, te comparto el precio actualizado del plan.",consulta_precio,1,tibio
L00849,CHUCK_03,"el costo depende del paquete, te paso las opciones de precio.",consulta_precio,1,tibio
L00850,CHUCK_04,"entiendo tu duda, te aclaro ese punto para que decidas con confianza.",objecion,1,tibio
L00851,CHUCK_08,"hola, un gusto saludarte. en que te asesoro?",saludo,1,frio
L00852,CHUCK_02,quedo atento para continuar cuando te venga bien.,seguimiento,0,frio
L00853,CHUCK_02,fue un gusto ayudarte. estoy disponible cuando lo necesites.,despedida,0,frio
L00854,CHUCK_03,este producto incluye soporte y configuracion inicial.,consulta_producto,1,frio
L00855,CHUCK_10,"hola, un gusto saludarte. en que te asesoro?",saludo,0,frio
L00856,CHUCK_02,"si te parece, coordinamos una demostracion personalizada.",agendar_demo,0,tibio
L00857,CHUCK_05,"bienvenido, estoy para ayudarte con toda la informacion.",saludo,0,frio
L00858,CHUCK_03,"hola, un gusto saludarte. en que te asesoro?",saludo,0,frio
L00859,CHUCK_06,"es normal tener esa inquietud, revisemos alternativas.",objecion,0,tibio
L00860,CHUCK_10,puedo guiarte para solucionar el problema ahora mismo.,soporte,0,frio
L00861,CHUCK_02,"claro, te comparto el precio actualizado del plan.",consulta_precio,1,tibio
L00862,CHUCK_01,este producto incluye soporte y configuracion inicial.,consulta_producto,0,frio
L00863,CHUCK_02,"si te parece, coordinamos una demostracion personalizada.",agendar_demo,0,tibio
L00864,CHUCK_06,te escribo para dar seguimiento a tu interes.,seguimiento,0,frio
L00865,CHUCK_08,"bienvenido, estoy para ayudarte con toda la informacion.",saludo,0,frio
L00866,CHUCK_09,"gracias por tu tiempo, quedo atento a cualquier consulta.",despedida,1,frio
L00867,CHUCK_09,"tenemos stock disponible, puedo procesar tu compra en este momento.",compra,1,caliente
L00868,CHUCK_08,"entiendo tu duda, te aclaro ese punto para que decidas con confianza.",objecion,0,tibio
L00869,CHUCK_01,"claro, te comparto el precio actualizado del plan.",consulta_precio,1,tibio
L00870,CHUCK_05,vamos a revisar ese inconveniente para resolverlo rapido.,soporte,1,frio
L00871,CHUCK_01,"claro, te comparto el precio actualizado del plan.",consulta_precio,1,tibio
L00872,CHUCK_02,fue un gusto ayudarte. estoy disponible cuando lo necesites.,despedida,0,frio
L00873,CHUCK_10,"perfecto, te comparto el link de pago para cerrar la compra.",compra,0,tibio
L00874,CHUCK_08,"en relacion calidad-precio, esta opcion destaca por soporte y resultados.",comparacion,1,caliente
L00875,CHUCK_09,retomo la conversacion para ayudarte con la decision.,seguimiento,0,frio
L00876,CHUCK_04,"gracias por tu tiempo, quedo atento a cualquier consulta.",despedida,0,frio
L00877,CHUCK_09,"si, te puedo detallar precios y promociones vigentes.",consulta_precio,1,tibio
L00878,CHUCK_07,te comparo este plan frente a otras alternativas del mercado.,comparacion,1,tibio
L00879,CHUCK_07,te explico las caracteristicas principales del producto.,consulta_producto,0,frio
L00880,CHUCK_01,te escribo para dar seguimiento a tu interes.,seguimiento,0,tibio
L00881,CHUCK_10,te escribo para dar seguimiento a tu interes.,seguimiento,0,frio
L00882,CHUCK_01,"entiendo tu duda, te aclaro ese punto para que decidas con confianza.",objecion,0,frio
L00883,CHUCK_03,"si, te puedo detallar precios y promociones vigentes.",consulta_precio,1,tibio
L00884,CHUCK_05,"claro, te comparto el precio actualizado del plan.",consulta_precio,1,tibio
L00885,CHUCK_04,"bienvenido, estoy para ayudarte con toda la informacion.",saludo,0,frio
L00886,CHUCK_03,"en relacion calidad-precio, esta opcion destaca por soporte y resultados.",comparacion,1,caliente
L00887,CHUCK_02,"perfecto, te comparto el link de pago para cerrar la compra.",compra,1,caliente
L00888,CHUCK_02,"claro, te comparto el precio actualizado del plan.",consulta_precio,1,tibio
L00889,CHUCK_03,"claro, te comparto el precio actualizado del plan.",consulta_precio,1,tibio
L00890,CHUCK_07,te comparo este plan frente a otras alternativas del mercado.,comparacion,1,caliente
L00891,CHUCK_01,"excelente decision, te ayudo a completar tu compra ahora.",compra,1,caliente
L00892,CHUCK_04,"es normal tener esa inquietud, revisemos alternativas.",objecion,0,tibio
L00893,CHUCK_06,"perfecto, hablamos pronto. que tengas excelente dia.",despedida,0,frio
L00894,CHUCK_08,"excelente decision, te ayudo a completar tu compra ahora.",compra,0,caliente
L00895,CHUCK_09,"entiendo tu duda, te aclaro ese punto para que decidas con confianza.",objecion,0,tibio
L00896,CHUCK_03,te comparto los beneficios para tu caso de uso.,consulta_producto,0,tibio
L00897,CHUCK_03,"en relacion calidad-precio, esta opcion destaca por soporte y resultados.",comparacion,1,tibio
L00898,CHUCK_07,"claro, te comparto el precio actualizado del plan.",consulta_precio,1,caliente
L00899,CHUCK_09,"tenemos stock disponible, puedo procesar tu compra en este momento.",compra,0,caliente
L00900,CHUCK_09,podemos resolver esa objecion con una opcion mas flexible.,objecion,0,tibio
L00901,CHUCK_08,quedo atento para continuar cuando te venga bien.,seguimiento,0,tibio
L00902,CHUCK_07,"excelente decision, te ayudo a completar tu compra ahora.",compra,1,caliente
L00903,CHUCK_07,"el costo depende del paquete, te paso las opciones de precio.",consulta_precio,1,tibio
L00904,CHUCK_02,fue un gusto ayudarte. estoy disponible cuando lo necesites.,despedida,1,frio
L00905,CHUCK_03,"si quieres, te envio una tabla comparativa clara.",comparacion,1,tibio
L00906,CHUCK_04,"excelente decision, te ayudo a completar tu compra ahora.",compra,1,caliente
L00907,CHUCK_05,"perfecto, te comparto el link de pago para cerrar la compra.",compra,1,caliente
L00908,CHUCK_01,"hola, un gusto saludarte. en que te asesoro?",saludo,0,frio
L00909,CHUCK_07,"entiendo tu duda, te aclaro ese punto para que decidas con confianza.",objecion,0,tibio
L00910,CHUCK_09,fue un gusto ayudarte. estoy disponible cuando lo necesites.,despedida,0,frio
L00911,CHUCK_08,este producto incluye soporte y configuracion inicial.,consulta_producto,1,frio
L00912,CHUCK_01,"claro, te comparto el precio actualizado del plan.",consulta_precio,1,caliente
L00913,CHUCK_09,te escribo para dar seguimiento a tu interes.,seguimiento,0,tibio
L00914,CHUCK_02,"si, te puedo detallar precios y promociones vigentes.",consulta_precio,1,tibio
L00915,CHUCK_03,"perfecto, te comparto el link de pago para cerrar la compra.",compra,0,caliente
L00916,CHUCK_03,te comparto los beneficios para tu caso de uso.,consulta_producto,0,frio
L00917,CHUCK_07,podemos resolver esa objecion con una opcion mas flexible.,objecion,0,tibio
L00918,CHUCK_09,retomo la conversacion para ayudarte con la decision.,seguimiento,1,frio
L00919,CHUCK_07,"perfecto, te comparto el link de pago para cerrar la compra.",compra,0,caliente
L00920,CHUCK_01,"perfecto, te comparto el link de pago para cerrar la compra.",compra,1,caliente
L00921,CHUCK_06,"bienvenido, estoy para ayudarte con toda la informacion.",saludo,0,frio
L00922,CHUCK_03,te explico las caracteristicas principales del producto.,consulta_producto,0,frio
L00923,CHUCK_08,"perfecto, te comparto el link de pago para cerrar la compra.",compra,1,caliente
L00924,CHUCK_08,"el costo depende del paquete, te paso las opciones de precio.",consulta_precio,1,tibio
L00925,CHUCK_04,podemos agendar una demo de 20 minutos esta semana.,agendar_demo,0,tibio
L00926,CHUCK_02,"excelente decision, te ayudo a completar tu compra ahora.",compra,1,caliente
L00927,CHUCK_02,"el costo depende del paquete, te paso las opciones de precio.",consulta_precio,1,caliente
L00928,CHUCK_03,"el costo depende del paquete, te paso las opciones de precio.",consulta_precio,1,tibio
L00929,CHUCK_01,"tenemos stock disponible, puedo procesar tu compra en este momento.",compra,0,caliente
L00930,CHUCK_03,"claro, te comparto el precio actualizado del plan.",consulta_precio,1,tibio
L00931,CHUCK_07,"si, te puedo detallar precios y promociones vigentes.",consulta_precio,1,tibio
L00932,CHUCK_03,"el costo depende del paquete, te paso las opciones de precio.",consulta_precio,1,caliente
L00933,CHUCK_05,"en relacion calidad-precio, esta opcion destaca por soporte y resultados.",comparacion,1,tibio
L00934,CHUCK_04,"si quieres, te envio una tabla comparativa clara.",comparacion,1,tibio
L00935,CHUCK_01,"si te parece, coordinamos una demostracion personalizada.",agendar_demo,0,caliente
L00936,CHUCK_05,"hola, un gusto saludarte. en que te asesoro?",saludo,0,frio
L00937,CHUCK_04,"si, te puedo detallar precios y promociones vigentes.",consulta_precio,1,caliente
L00938,CHUCK_07,"si, te puedo detallar precios y promociones vigentes.",consulta_precio,1,caliente
L00939,CHUCK_04,"tenemos stock disponible, puedo procesar tu compra en este momento.",compra,0,tibio
L00940,CHUCK_04,te comparto los beneficios para tu caso de uso.,consulta_producto,0,frio
L00941,CHUCK_04,"en relacion calidad-precio, esta opcion destaca por soporte y resultados.",comparacion,1,tibio
L00942,CHUCK_05,te comparto los beneficios para tu caso de uso.,consulta_producto,0,tibio
L00943,CHUCK_07,"claro, te comparto el precio actualizado del plan.",consulta_precio,1,caliente
L00944,CHUCK_09,"gracias por tu tiempo, quedo atento a cualquier consulta.",despedida,0,frio
L00945,CHUCK_08,"tenemos stock disponible, puedo procesar tu compra en este momento.",compra,1,caliente
L00946,CHUCK_03,"si quieres, te envio una tabla comparativa clara.",comparacion,1,tibio
L00947,CHUCK_07,te comparto los beneficios para tu caso de uso.,consulta_producto,0,frio
L00948,CHUCK_10,"tenemos stock disponible, puedo procesar tu compra en este momento.",compra,1,caliente
L00949,CHUCK_02,podemos agendar una demo de 20 minutos esta semana.,agendar_demo,0,tibio
L00950,CHUCK_10,este producto incluye soporte y configuracion inicial.,consulta_producto,0,frio
L00951,CHUCK_01,"si te parece, coordinamos una demostracion personalizada.",agendar_demo,0,tibio
L00952,CHUCK_06,podemos agendar una demo de 20 minutos esta semana.,agendar_demo,0,tibio
L00953,CHUCK_05,este producto incluye soporte y configuracion inicial.,consulta_producto,0,tibio
L00954,CHUCK_07,"excelente decision, te ayudo a completar tu compra ahora.",compra,1,caliente
L00955,CHUCK_02,podemos resolver esa objecion con una opcion mas flexible.,objecion,0,frio
L00956,CHUCK_10,"tenemos stock disponible, puedo procesar tu compra en este momento.",compra,1,caliente
L00957,CHUCK_01,te explico las caracteristicas principales del producto.,consulta_producto,0,tibio
L00958,CHUCK_03,te explico las caracteristicas principales del producto.,consulta_producto,0,tibio
L00959,CHUCK_01,"perfecto, te comparto el link de pago para cerrar la compra.",compra,0,caliente
L00960,CHUCK_04,vamos a revisar ese inconveniente para resolverlo rapido.,soporte,0,frio
L00961,CHUCK_08,te comparto los beneficios para tu caso de uso.,consulta_producto,0,tibio
L00962,CHUCK_02,podemos resolver esa objecion con una opcion mas flexible.,objecion,0,tibio
L00963,CHUCK_05,"excelente decision, te ayudo a completar tu compra ahora.",compra,1,caliente
L00964,CHUCK_08,te comparo este plan frente a otras alternativas del mercado.,comparacion,1,caliente
L00965,CHUCK_08,"bienvenido, estoy para ayudarte con toda la informacion.",saludo,0,frio
L00966,CHUCK_01,"entiendo tu duda, te aclaro ese punto para que decidas con confianza.",objecion,1,tibio
L00967,CHUCK_01,"es normal tener esa inquietud, revisemos alternativas.",objecion,1,tibio
L00968,CHUCK_05,"tenemos stock disponible, puedo procesar tu compra en este momento.",compra,1,caliente
L00969,CHUCK_06,"perfecto, te comparto el link de pago para cerrar la compra.",compra,1,caliente
L00970,CHUCK_07,"en relacion calidad-precio, esta opcion destaca por soporte y resultados.",comparacion,1,caliente
L00971,CHUCK_06,"es normal tener esa inquietud, revisemos alternativas.",objecion,0,tibio
L00972,CHUCK_04,te comparto los beneficios para tu caso de uso.,consulta_producto,0,tibio
L00973,CHUCK_03,vamos a revisar ese inconveniente para resolverlo rapido.,soporte,0,frio
L00974,CHUCK_10,"claro, te comparto el precio actualizado del plan.",consulta_precio,1,caliente
L00975,CHUCK_09,"excelente decision, te ayudo a completar tu compra ahora.",compra,1,caliente
L00976,CHUCK_04,te escribo para dar seguimiento a tu interes.,seguimiento,0,tibio
L00977,CHUCK_06,"gracias por tu tiempo, quedo atento a cualquier consulta.",despedida,0,frio
L00978,CHUCK_02,"claro, te comparto el precio actualizado del plan.",consulta_precio,1,tibio
L00979,CHUCK_08,fue un gusto ayudarte. estoy disponible cuando lo necesites.,despedida,1,frio
L00980,CHUCK_10,"gracias por tu tiempo, quedo atento a cualquier consulta.",despedida,0,frio
L00981,CHUCK_04,"el costo depende del paquete, te paso las opciones de precio.",consulta_precio,1,tibio
L00982,CHUCK_01,te comparo este plan frente a otras alternativas del mercado.,comparacion,0,tibio
L00983,CHUCK_04,"tengo disponibilidad para demo, te paso horarios.",agendar_demo,0,tibio
L00984,CHUCK_03,te comparto los beneficios para tu caso de uso.,consulta_producto,0,tibio
L00985,CHUCK_06,"si quieres, te envio una tabla comparativa clara.",comparacion,1,tibio
L00986,CHUCK_06,"excelente decision, te ayudo a completar tu compra ahora.",compra,0,caliente
L00987,CHUCK_01,te explico las caracteristicas principales del producto.,consulta_producto,0,frio
L00988,CHUCK_10,"si quieres, te envio una tabla comparativa clara.",comparacion,0,caliente
L00989,CHUCK_06,podemos agendar una demo de 20 minutos esta semana.,agendar_demo,1,tibio
L00990,CHUCK_09,retomo la conversacion para ayudarte con la decision.,seguimiento,0,tibio
L00991,CHUCK_04,"entiendo tu duda, te aclaro ese punto para que decidas con confianza.",objecion,0,tibio
L00992,CHUCK_06,este producto incluye soporte y configuracion inicial.,consulta_producto,0,tibio
L00993,CHUCK_04,"tenemos stock disponible, puedo procesar tu compra en este momento.",compra,1,caliente
L00994,CHUCK_02,te comparto los beneficios para tu caso de uso.,consulta_producto,0,tibio
L00995,CHUCK_04,"tengo disponibilidad para demo, te paso horarios.",agendar_demo,0,caliente
L00996,CHUCK_07,"si te parece, coordinamos una demostracion personalizada.",agendar_demo,0,tibio
L00997,CHUCK_08,te comparo este plan frente a otras alternativas del mercado.,comparacion,1,tibio
L00998,CHUCK_06,"el costo depende del paquete, te paso las opciones de precio.",consulta_precio,1,caliente
L00999,CHUCK_02,retomo la conversacion para ayudarte con la decision.,seguimiento,0,frio
L01000,CHUCK_10,"perfecto, te comparto el link de pago para cerrar la compra.",compra,1,caliente
L01001,CHUCK_05,"claro, te comparto el precio actualizado del plan.",consulta_precio,1,tibio
L01002,CHUCK_08,te comparto los beneficios para tu caso de uso.,consulta_producto,0,tibio
L01003,CHUCK_07,"claro, te comparto el precio actualizado del plan.",consulta_precio,1,tibio
L01004,CHUCK_02,"perfecto, te comparto el link de pago para cerrar la compra.",compra,0,caliente
L01005,CHUCK_10,"excelente decision, te ayudo a completar tu compra ahora.",compra,0,caliente
L01006,CHUCK_09,te explico las caracteristicas principales del producto.,consulta_producto,0,tibio
L01007,CHUCK_07,"claro, te comparto el precio actualizado del plan.",consulta_precio,1,tibio
L01008,CHUCK_05,"perfecto, te comparto el link de pago para cerrar la compra.",compra,1,tibio
L01009,CHUCK_10,"perfecto, te comparto el link de pago para cerrar la compra.",compra,0,caliente
L01010,CHUCK_07,puedo guiarte para solucionar el problema ahora mismo.,soporte,0,frio
L01011,CHUCK_01,"si, te puedo detallar precios y promociones vigentes.",consulta_precio,1,caliente
L01012,CHUCK_06,"en relacion calidad-precio, esta opcion destaca por soporte y resultados.",comparacion,1,caliente
L01013,CHUCK_02,"excelente decision, te ayudo a completar tu compra ahora.",compra,1,caliente
L01014,CHUCK_08,"tengo disponibilidad para demo, te paso horarios.",agendar_demo,0,tibio
L01015,CHUCK_01,te ayudo con soporte tecnico paso a paso.,soporte,0,frio
L01016,CHUCK_01,"si, te puedo detallar precios y promociones vigentes.",consulta_precio,1,caliente
L01017,CHUCK_09,"tenemos stock disponible, puedo procesar tu compra en este momento.",compra,1,caliente
L01018,CHUCK_07,te ayudo con soporte tecnico paso a paso.,soporte,0,frio
L01019,CHUCK_10,"entiendo tu duda, te aclaro ese punto para que decidas con confianza.",objecion,0,tibio
L01020,CHUCK_10,quedo atento para continuar cuando te venga bien.,seguimiento,0,tibio
L01021,CHUCK_07,"el costo depende del paquete, te paso las opciones de precio.",consulta_precio,1,caliente
L01022,CHUCK_04,te escribo para dar seguimiento a tu interes.,seguimiento,0,frio
L01023,CHUCK_08,"si te parece, coordinamos una demostracion personalizada.",agendar_demo,0,caliente
L01024,CHUCK_03,te comparo este plan frente a otras alternativas del mercado.,comparacion,1,tibio
L01025,CHUCK_03,"perfecto, te comparto el link de pago para cerrar la compra.",compra,0,caliente
L01026,CHUCK_09,"si quieres, te envio una tabla comparativa clara.",comparacion,1,tibio
L01027,CHUCK_09,"si, te puedo detallar precios y promociones vigentes.",consulta_precio,1,caliente
L01028,CHUCK_09,te comparo este plan frente a otras alternativas del mercado.,comparacion,1,caliente
L01029,CHUCK_04,"perfecto, te comparto el link de pago para cerrar la compra.",compra,1,tibio
L01030,CHUCK_08,quedo atento para continuar cuando te venga bien.,seguimiento,0,frio
L01031,CHUCK_01,"excelente decision, te ayudo a completar tu compra ahora.",compra,1,caliente
L01032,CHUCK_03,"excelente decision, te ayudo a completar tu compra ahora.",compra,1,caliente
L01033,CHUCK_01,"perfecto, te comparto el link de pago para cerrar la compra.",compra,1,caliente
L01034,CHUCK_03,podemos agendar una demo de 20 minutos esta semana.,agendar_demo,0,caliente
L01035,CHUCK_05,"claro, te comparto el precio actualizado del plan.",consulta_precio,1,caliente
L01036,CHUCK_04,este producto incluye soporte y configuracion inicial.,consulta_producto,0,frio
L01037,CHUCK_05,"si, te puedo detallar precios y promociones vigentes.",consulta_precio,1,tibio
L01038,CHUCK_08,fue un gusto ayudarte. estoy disponible cuando lo necesites.,despedida,0,frio
L01039,CHUCK_10,"en relacion calidad-precio, esta opcion destaca por soporte y resultados.",comparacion,0,tibio
L01040,CHUCK_07,"perfecto, te comparto el link de pago para cerrar la compra.",compra,1,caliente
L01041,CHUCK_04,"perfecto, te comparto el link de pago para cerrar la compra.",compra,1,caliente
L01042,CHUCK_02,te ayudo con soporte tecnico paso a paso.,soporte,0,frio
L01043,CHUCK_08,"el costo depende del paquete, te paso las opciones de precio.",consulta_precio,1,tibio
L01044,CHUCK_06,"tenemos stock disponible, puedo procesar tu compra en este momento.",compra,1,tibio
L01045,CHUCK_01,"tengo disponibilidad para demo, te paso horarios.",agendar_demo,0,tibio
L01046,CHUCK_10,"hola, gracias por contactarnos. como puedo ayudarte hoy?",saludo,0,frio
L01047,CHUCK_06,fue un gusto ayudarte. estoy disponible cuando lo necesites.,despedida,0,frio
L01048,CHUCK_04,"tenemos stock disponible, puedo procesar tu compra en este momento.",compra,1,caliente
L01049,CHUCK_01,"excelente decision, te ayudo a completar tu compra ahora.",compra,1,caliente
L01050,CHUCK_04,te explico las caracteristicas principales del producto.,consulta_producto,0,tibio
L01051,CHUCK_04,"tenemos stock disponible, puedo procesar tu compra en este momento.",compra,1,caliente
L01052,CHUCK_02,"hola, un gusto saludarte. en que te asesoro?",saludo,0,frio
L01053,CHUCK_10,"si, te puedo detallar precios y promociones vigentes.",consulta_precio,1,tibio
L01054,CHUCK_01,"es normal tener esa inquietud, revisemos alternativas.",objecion,0,tibio
L01055,CHUCK_06,"hola, gracias por contactarnos. como puedo ayudarte hoy?",saludo,0,frio
L01056,CHUCK_10,te comparto los beneficios para tu caso de uso.,consulta_producto,0,tibio
L01057,CHUCK_08,te ayudo con soporte tecnico paso a paso.,soporte,0,frio
L01058,CHUCK_03,"tenemos stock disponible, puedo procesar tu compra en este momento.",compra,0,caliente
L01059,CHUCK_08,"perfecto, te comparto el link de pago para cerrar la compra.",compra,0,caliente
L01060,CHUCK_10,"excelente decision, te ayudo a completar tu compra ahora.",compra,1,caliente
L01061,CHUCK_03,retomo la conversacion para ayudarte con la decision.,seguimiento,0,frio
L01062,CHUCK_01,"excelente decision, te ayudo a completar tu compra ahora.",compra,0,caliente
L01063,CHUCK_03,"en relacion calidad-precio, esta opcion destaca por soporte y resultados.",comparacion,1,tibio
L01064,CHUCK_03,"excelente decision, te ayudo a completar tu compra ahora.",compra,1,caliente
L01065,CHUCK_02,"si te parece, coordinamos una demostracion personalizada.",agendar_demo,0,tibio
L01066,CHUCK_04,"tenemos stock disponible, puedo procesar tu compra en este momento.",compra,0,caliente
L01067,CHUCK_05,"es normal tener esa inquietud, revisemos alternativas.",objecion,0,tibio
L01068,CHUCK_05,"tenemos stock disponible, puedo procesar tu compra en este momento.",compra,0,caliente
L01069,CHUCK_01,"claro, te comparto el precio actualizado del plan.",consulta_precio,1,tibio
L01070,CHUCK_07,te escribo para dar seguimiento a tu interes.,seguimiento,0,tibio
L01071,CHUCK_05,te ayudo con soporte tecnico paso a paso.,soporte,0,frio
L01072,CHUCK_03,fue un gusto ayudarte. estoy disponible cuando lo necesites.,despedida,0,frio
L01073,CHUCK_09,"gracias por tu tiempo, quedo atento a cualquier consulta.",despedida,0,frio
L01074,CHUCK_09,"tenemos stock disponible, puedo procesar tu compra en este momento.",compra,1,caliente
L01075,CHUCK_01,"si, te puedo detallar precios y promociones vigentes.",consulta_precio,1,tibio
L01076,CHUCK_02,retomo la conversacion para ayudarte con la decision.,seguimiento,0,tibio
L01077,CHUCK_02,podemos agendar una demo de 20 minutos esta semana.,agendar_demo,0,tibio
L01078,CHUCK_08,retomo la conversacion para ayudarte con la decision.,seguimiento,0,tibio
L01079,CHUCK_10,"excelente decision, te ayudo a completar tu compra ahora.",compra,1,tibio
L01080,CHUCK_09,"tenemos stock disponible, puedo procesar tu compra en este momento.",compra,0,caliente
L01081,CHUCK_05,"el costo depende del paquete, te paso las opciones de precio.",consulta_precio,1,tibio
L01082,CHUCK_05,vamos a revisar ese inconveniente para resolverlo rapido.,soporte,0,frio
L01083,CHUCK_02,te explico las caracteristicas principales del producto.,consulta_producto,0,frio
L01084,CHUCK_06,"bienvenido, estoy para ayudarte con toda la informacion.",saludo,0,frio
L01085,CHUCK_05,te ayudo con soporte tecnico paso a paso.,soporte,0,frio
L01086,CHUCK_05,quedo atento para continuar cuando te venga bien.,seguimiento,0,tibio
L01087,CHUCK_04,te ayudo con soporte tecnico paso a paso.,soporte,0,frio
L01088,CHUCK_03,te comparto los beneficios para tu caso de uso.,consulta_producto,0,frio
L01089,CHUCK_09,este producto incluye soporte y configuracion inicial.,consulta_producto,0,tibio
L01090,CHUCK_03,podemos resolver esa objecion con una opcion mas flexible.,objecion,0,tibio
L01091,CHUCK_01,"entiendo tu duda, te aclaro ese punto para que decidas con confianza.",objecion,0,tibio
L01092,CHUCK_06,este producto incluye soporte y configuracion inicial.,consulta_producto,0,tibio
L01093,CHUCK_06,te explico las caracteristicas principales del producto.,consulta_producto,0,tibio
L01094,CHUCK_07,"perfecto, te comparto el link de pago para cerrar la compra.",compra,0,caliente
L01095,CHUCK_03,"perfecto, te comparto el link de pago para cerrar la compra.",compra,0,caliente
L01096,CHUCK_10,te comparto los beneficios para tu caso de uso.,consulta_producto,0,tibio
L01097,CHUCK_04,este producto incluye soporte y configuracion inicial.,consulta_producto,0,frio
L01098,CHUCK_03,te comparto los beneficios para tu caso de uso.,consulta_producto,1,tibio
L01099,CHUCK_08,te ayudo con soporte tecnico paso a paso.,soporte,1,frio
L01100,CHUCK_05,este producto incluye soporte y configuracion inicial.,consulta_producto,0,tibio
L01101,CHUCK_07,te escribo para dar seguimiento a tu interes.,seguimiento,0,tibio
L01102,CHUCK_03,quedo atento para continuar cuando te venga bien.,seguimiento,0,frio
L01103,CHUCK_08,"excelente decision, te ayudo a completar tu compra ahora.",compra,0,caliente
L01104,CHUCK_08,"tengo disponibilidad para demo, te paso horarios.",agendar_demo,0,tibio
L01105,CHUCK_03,"el costo depende del paquete, te paso las opciones de precio.",consulta_precio,1,caliente
L01106,CHUCK_07,te explico las caracteristicas principales del producto.,consulta_producto,0,tibio
L01107,CHUCK_06,"perfecto, te comparto el link de pago para cerrar la compra.",compra,0,caliente
L01108,CHUCK_07,"en relacion calidad-precio, esta opcion destaca por soporte y resultados.",comparacion,1,tibio
L01109,CHUCK_01,te comparto los beneficios para tu caso de uso.,consulta_producto,0,frio
L01110,CHUCK_09,"si, te puedo detallar precios y promociones vigentes.",consulta_precio,1,caliente
L01111,CHUCK_01,"si quieres, te envio una tabla comparativa clara.",comparacion,0,tibio
L01112,CHUCK_06,"tengo disponibilidad para demo, te paso horarios.",agendar_demo,0,tibio
L01113,CHUCK_08,podemos agendar una demo de 20 minutos esta semana.,agendar_demo,0,tibio
L01114,CHUCK_01,"el costo depende del paquete, te paso las opciones de precio.",consulta_precio,1,caliente
L01115,CHUCK_03,"excelente decision, te ayudo a completar tu compra ahora.",compra,0,caliente
L01116,CHUCK_05,"es normal tener esa inquietud, revisemos alternativas.",objecion,0,tibio
L01117,CHUCK_10,podemos resolver esa objecion con una opcion mas flexible.,objecion,0,tibio
L01118,CHUCK_04,"tenemos stock disponible, puedo procesar tu compra en este momento.",compra,1,caliente
L01119,CHUCK_06,"tenemos stock disponible, puedo procesar tu compra en este momento.",compra,0,caliente
L01120,CHUCK_03,"perfecto, te comparto el link de pago para cerrar la compra.",compra,0,caliente
L01121,CHUCK_10,"hola, un gusto saludarte. en que te asesoro?",saludo,0,frio
L01122,CHUCK_03,"entiendo tu duda, te aclaro ese punto para que decidas con confianza.",objecion,0,frio
L01123,CHUCK_10,"entiendo tu duda, te aclaro ese punto para que decidas con confianza.",objecion,0,tibio
L01124,CHUCK_06,"si te parece, coordinamos una demostracion personalizada.",agendar_demo,0,tibio
L01125,CHUCK_09,"excelente decision, te ayudo a completar tu compra ahora.",compra,0,caliente
L01126,CHUCK_10,"si te parece, coordinamos una demostracion personalizada.",agendar_demo,0,tibio
L01127,CHUCK_03,te comparto los beneficios para tu caso de uso.,consulta_producto,0,frio
L01128,CHUCK_08,"perfecto, hablamos pronto. que tengas excelente dia.",despedida,0,frio
L01129,CHUCK_01,"tenemos stock disponible, puedo procesar tu compra en este momento.",compra,0,caliente
L01130,CHUCK_04,"tenemos stock disponible, puedo procesar tu compra en este momento.",compra,0,caliente
L01131,CHUCK_10,te escribo para dar seguimiento a tu interes.,seguimiento,0,tibio
L01132,CHUCK_10,"el costo depende del paquete, te paso las opciones de precio.",consulta_precio,1,caliente
L01133,CHUCK_09,"perfecto, te comparto el link de pago para cerrar la compra.",compra,1,caliente
L01134,CHUCK_07,quedo atento para continuar cuando te venga bien.,seguimiento,0,tibio
L01135,CHUCK_06,retomo la conversacion para ayudarte con la decision.,seguimiento,0,tibio
L01136,CHUCK_03,te comparto los beneficios para tu caso de uso.,consulta_producto,0,frio
L01137,CHUCK_02,"tenemos stock disponible, puedo procesar tu compra en este momento.",compra,0,tibio
L01138,CHUCK_10,te explico las caracteristicas principales del producto.,consulta_producto,0,frio
L01139,CHUCK_04,este producto incluye soporte y configuracion inicial.,consulta_producto,0,tibio
L01140,CHUCK_09,"hola, gracias por contactarnos. como puedo ayudarte hoy?",saludo,0,frio
L01141,CHUCK_04,"hola, un gusto saludarte. en que te asesoro?",saludo,0,frio
L01142,CHUCK_04,te comparto los beneficios para tu caso de uso.,consulta_producto,0,tibio
L01143,CHUCK_09,te comparto los beneficios para tu caso de uso.,consulta_producto,0,tibio
L01144,CHUCK_07,"perfecto, te comparto el link de pago para cerrar la compra.",compra,0,tibio
L01145,CHUCK_08,"entiendo tu duda, te aclaro ese punto para que decidas con confianza.",objecion,0,tibio
L01146,CHUCK_09,"es normal tener esa inquietud, revisemos alternativas.",objecion,0,frio
L01147,CHUCK_05,"gracias por tu tiempo, quedo atento a cualquier consulta.",despedida,0,frio
L01148,CHUCK_03,"si te parece, coordinamos una demostracion personalizada.",agendar_demo,0,caliente
L01149,CHUCK_09,"perfecto, te comparto el link de pago para cerrar la compra.",compra,0,tibio
L01150,CHUCK_07,"si quieres, te envio una tabla comparativa clara.",comparacion,1,tibio
L01151,CHUCK_05,te comparto los beneficios para tu caso de uso.,consulta_producto,0,tibio
L01152,CHUCK_05,este producto incluye soporte y configuracion inicial.,consulta_producto,0,tibio
L01153,CHUCK_04,"en relacion calidad-precio, esta opcion destaca por soporte y resultados.",comparacion,0,tibio
L01154,CHUCK_04,"si, te puedo detallar precios y promociones vigentes.",consulta_precio,1,caliente
L01155,CHUCK_08,"en relacion calidad-precio, esta opcion destaca por soporte y resultados.",comparacion,1,tibio
L01156,CHUCK_04,"tenemos stock disponible, puedo procesar tu compra en este momento.",compra,0,caliente
L01157,CHUCK_02,"gracias por tu tiempo, quedo atento a cualquier consulta.",despedida,0,frio
L01158,CHUCK_09,"si, te puedo detallar precios y promociones vigentes.",consulta_precio,1,tibio
L01159,CHUCK_06,"tengo disponibilidad para demo, te paso horarios.",agendar_demo,0,tibio
L01160,CHUCK_09,quedo atento para continuar cuando te venga bien.,seguimiento,0,frio
L01161,CHUCK_08,"hola, gracias por contactarnos. como puedo ayudarte hoy?",saludo,0,frio
L01162,CHUCK_10,"hola, gracias por contactarnos. como puedo ayudarte hoy?",saludo,0,frio
L01163,CHUCK_04,"es normal tener esa inquietud, revisemos alternativas.",objecion,0,tibio
L01164,CHUCK_02,"el costo depende del paquete, te paso las opciones de precio.",consulta_precio,1,caliente
L01165,CHUCK_09,"tenemos stock disponible, puedo procesar tu compra en este momento.",compra,1,tibio
L01166,CHUCK_06,quedo atento para continuar cuando te venga bien.,seguimiento,0,frio
L01167,CHUCK_02,este producto incluye soporte y configuracion inicial.,consulta_producto,0,frio
L01168,CHUCK_02,te comparto los beneficios para tu caso de uso.,consulta_producto,0,tibio
L01169,CHUCK_05,"excelente decision, te ayudo a completar tu compra ahora.",compra,1,caliente
L01170,CHUCK_07,"perfecto, te comparto el link de pago para cerrar la compra.",compra,0,caliente
L01171,CHUCK_03,"si quieres, te envio una tabla comparativa clara.",comparacion,1,tibio
L01172,CHUCK_04,"en relacion calidad-precio, esta opcion destaca por soporte y resultados.",comparacion,1,tibio
L01173,CHUCK_10,"el costo depende del paquete, te paso las opciones de precio.",consulta_precio,1,tibio
L01174,CHUCK_05,quedo atento para continuar cuando te venga bien.,seguimiento,0,tibio
L01175,CHUCK_06,"el costo depende del paquete, te paso las opciones de precio.",consulta_precio,1,caliente
L01176,CHUCK_03,"excelente decision, te ayudo a completar tu compra ahora.",compra,0,tibio
L01177,CHUCK_06,"el costo depende del paquete, te paso las opciones de precio.",consulta_precio,1,caliente
L01178,CHUCK_08,"es normal tener esa inquietud, revisemos alternativas.",objecion,0,tibio
L01179,CHUCK_02,este producto incluye soporte y configuracion inicial.,consulta_producto,0,tibio
L01180,CHUCK_03,"gracias por tu tiempo, quedo atento a cualquier consulta.",despedida,0,frio
L01181,CHUCK_10,"tenemos stock disponible, puedo procesar tu compra en este momento.",compra,1,caliente
L01182,CHUCK_07,"tengo disponibilidad para demo, te paso horarios.",agendar_demo,0,caliente
L01183,CHUCK_08,"si, te puedo detallar precios y promociones vigentes.",consulta_precio,1,tibio
L01184,CHUCK_08,retomo la conversacion para ayudarte con la decision.,seguimiento,0,tibio
L01185,CHUCK_07,podemos agendar una demo de 20 minutos esta semana.,agendar_demo,0,caliente
L01186,CHUCK_06,te comparto los beneficios para tu caso de uso.,consulta_producto,0,frio
L01187,CHUCK_03,"el costo depende del paquete, te paso las opciones de precio.",consulta_precio,1,tibio
L01188,CHUCK_10,te explico las caracteristicas principales del producto.,consulta_producto,1,tibio
L01189,CHUCK_08,podemos resolver esa objecion con una opcion mas flexible.,objecion,0,tibio
L01190,CHUCK_07,te ayudo con soporte tecnico paso a paso.,soporte,0,frio
L01191,CHUCK_05,"excelente decision, te ayudo a completar tu compra ahora.",compra,1,caliente
L01192,CHUCK_04,"tenemos stock disponible, puedo procesar tu compra en este momento.",compra,0,caliente
L01193,CHUCK_10,quedo atento para continuar cuando te venga bien.,seguimiento,0,tibio
L01194,CHUCK_06,puedo guiarte para solucionar el problema ahora mismo.,soporte,0,frio
L01195,CHUCK_05,"excelente decision, te ayudo a completar tu compra ahora.",compra,0,caliente
L01196,CHUCK_07,"claro, te comparto el precio actualizado del plan.",consulta_precio,1,tibio
L01197,CHUCK_04,"si quieres, te envio una tabla comparativa clara.",comparacion,1,caliente
L01198,CHUCK_05,"el costo depende del paquete, te paso las opciones de precio.",consulta_precio,1,caliente
L01199,CHUCK_01,"si te parece, coordinamos una demostracion personalizada.",agendar_demo,0,tibio
L01200,CHUCK_09,"tenemos stock disponible, puedo procesar tu compra en este momento.",compra,1,caliente
L01201,CHUCK_10,"el costo depende del paquete, te paso las opciones de precio.",consulta_precio,1,tibio
L01202,CHUCK_05,quedo atento para continuar cuando te venga bien.,seguimiento,0,frio
L01203,CHUCK_01,"el costo depende del paquete, te paso las opciones de precio.",consulta_precio,1,tibio
L01204,CHUCK_06,"tenemos stock disponible, puedo procesar tu compra en este momento.",compra,0,tibio
L01205,CHUCK_03,"es normal tener esa inquietud, revisemos alternativas.",objecion,0,frio
L01206,CHUCK_07,"claro, te comparto el precio actualizado del plan.",consulta_precio,1,caliente
L01207,CHUCK_02,podemos agendar una demo de 20 minutos esta semana.,agendar_demo,0,caliente
L01208,CHUCK_09,te comparto los beneficios para tu caso de uso.,consulta_producto,0,tibio
L01209,CHUCK_04,"entiendo tu duda, te aclaro ese punto para que decidas con confianza.",objecion,0,tibio
L01210,CHUCK_08,"entiendo tu duda, te aclaro ese punto para que decidas con confianza.",objecion,0,tibio
L01211,CHUCK_04,fue un gusto ayudarte. estoy disponible cuando lo necesites.,despedida,0,frio
L01212,CHUCK_10,te ayudo con soporte tecnico paso a paso.,soporte,1,frio
L01213,CHUCK_09,"claro, te comparto el precio actualizado del plan.",consulta_precio,1,caliente
L01214,CHUCK_01,retomo la conversacion para ayudarte con la decision.,seguimiento,0,tibio
L01215,CHUCK_05,podemos agendar una demo de 20 minutos esta semana.,agendar_demo,0,tibio
L01216,CHUCK_03,"tenemos stock disponible, puedo procesar tu compra en este momento.",compra,1,caliente
L01217,CHUCK_02,este producto incluye soporte y configuracion inicial.,consulta_producto,0,tibio
L01218,CHUCK_02,"tengo disponibilidad para demo, te paso horarios.",agendar_demo,0,tibio
L01219,CHUCK_03,te comparo este plan frente a otras alternativas del mercado.,comparacion,1,tibio
L01220,CHUCK_07,te explico las caracteristicas principales del producto.,consulta_producto,0,tibio
L01221,CHUCK_08,podemos agendar una demo de 20 minutos esta semana.,agendar_demo,0,caliente
L01222,CHUCK_09,"claro, te comparto el precio actualizado del plan.",consulta_precio,1,tibio
L01223,CHUCK_05,este producto incluye soporte y configuracion inicial.,consulta_producto,1,frio
L01224,CHUCK_04,este producto incluye soporte y configuracion inicial.,consulta_producto,1,tibio
L01225,CHUCK_03,este producto incluye soporte y configuracion inicial.,consulta_producto,0,tibio
L01226,CHUCK_10,"en relacion calidad-precio, esta opcion destaca por soporte y resultados.",comparacion,1,caliente
L01227,CHUCK_05,"si quieres, te envio una tabla comparativa clara.",comparacion,0,tibio
L01228,CHUCK_02,podemos resolver esa objecion con una opcion mas flexible.,objecion,0,tibio
L01229,CHUCK_02,"perfecto, te comparto el link de pago para cerrar la compra.",compra,0,caliente
L01230,CHUCK_06,te explico las caracteristicas principales del producto.,consulta_producto,0,tibio
L01231,CHUCK_09,"entiendo tu duda, te aclaro ese punto para que decidas con confianza.",objecion,0,tibio
L01232,CHUCK_04,"tenemos stock disponible, puedo procesar tu compra en este momento.",compra,1,caliente
L01233,CHUCK_03,"bienvenido, estoy para ayudarte con toda la informacion.",saludo,0,frio
L01234,CHUCK_01,"tenemos stock disponible, puedo procesar tu compra en este momento.",compra,0,tibio
L01235,CHUCK_02,te comparto los beneficios para tu caso de uso.,consulta_producto,0,tibio
L01236,CHUCK_03,te explico las caracteristicas principales del producto.,consulta_producto,0,frio
L01237,CHUCK_09,"tenemos stock disponible, puedo procesar tu compra en este momento.",compra,1,tibio
L01238,CHUCK_03,"tenemos stock disponible, puedo procesar tu compra en este momento.",compra,1,caliente
L01239,CHUCK_04,este producto incluye soporte y configuracion inicial.,consulta_producto,0,tibio
L01240,CHUCK_04,"perfecto, te comparto el link de pago para cerrar la compra.",compra,0,tibio
L01241,CHUCK_09,"si te parece, coordinamos una demostracion personalizada.",agendar_demo,0,caliente
L01242,CHUCK_09,este producto incluye soporte y configuracion inicial.,consulta_producto,0,frio
L01243,CHUCK_10,te explico las caracteristicas principales del producto.,consulta_producto,0,frio
L01244,CHUCK_03,podemos resolver esa objecion con una opcion mas flexible.,objecion,0,tibio
L01245,CHUCK_08,"si, te puedo detallar precios y promociones vigentes.",consulta_precio,1,tibio
L01246,CHUCK_02,"si, te puedo detallar precios y promociones vigentes.",consulta_precio,1,tibio
L01247,CHUCK_09,podemos agendar una demo de 20 minutos esta semana.,agendar_demo,0,caliente
L01248,CHUCK_06,"hola, gracias por contactarnos. como puedo ayudarte hoy?",saludo,0,frio
L01249,CHUCK_08,"claro, te comparto el precio actualizado del plan.",consulta_precio,1,tibio
L01250,CHUCK_02,"perfecto, te comparto el link de pago para cerrar la compra.",compra,0,tibio
L01251,CHUCK_05,"entiendo tu duda, te aclaro ese punto para que decidas con confianza.",objecion,0,tibio
L01252,CHUCK_10,te escribo para dar seguimiento a tu interes.,seguimiento,0,frio
L01253,CHUCK_02,"perfecto, te comparto el link de pago para cerrar la compra.",compra,0,caliente
L01254,CHUCK_07,te comparo este plan frente a otras alternativas del mercado.,comparacion,1,caliente
L01255,CHUCK_08,"es normal tener esa inquietud, revisemos alternativas.",objecion,0,tibio
L01256,CHUCK_01,"si, te puedo detallar precios y promociones vigentes.",consulta_precio,1,caliente
L01257,CHUCK_08,"excelente decision, te ayudo a completar tu compra ahora.",compra,1,caliente
L01258,CHUCK_07,"hola, gracias por contactarnos. como puedo ayudarte hoy?",saludo,0,frio
L01259,CHUCK_05,"perfecto, te comparto el link de pago para cerrar la compra.",compra,1,tibio
L01260,CHUCK_04,"perfecto, te comparto el link de pago para cerrar la compra.",compra,0,tibio
L01261,CHUCK_06,"perfecto, te comparto el link de pago para cerrar la compra.",compra,1,caliente
L01262,CHUCK_01,"si, te puedo detallar precios y promociones vigentes.",consulta_precio,1,caliente
L01263,CHUCK_05,"si, te puedo detallar precios y promociones vigentes.",consulta_precio,1,tibio
L01264,CHUCK_06,"es normal tener esa inquietud, revisemos alternativas.",objecion,0,tibio
L01265,CHUCK_02,"hola, un gusto saludarte. en que te asesoro?",saludo,0,frio
L01266,CHUCK_06,"excelente decision, te ayudo a completar tu compra ahora.",compra,0,caliente
L01267,CHUCK_05,quedo atento para continuar cuando te venga bien.,seguimiento,0,tibio
L01268,CHUCK_06,este producto incluye soporte y configuracion inicial.,consulta_producto,0,frio
L01269,CHUCK_03,"perfecto, te comparto el link de pago para cerrar la compra.",compra,0,caliente
L01270,CHUCK_02,"gracias por tu tiempo, quedo atento a cualquier consulta.",despedida,0,frio
L01271,CHUCK_05,te explico las caracteristicas principales del producto.,consulta_producto,0,tibio
L01272,CHUCK_04,"bienvenido, estoy para ayudarte con toda la informacion.",saludo,0,frio
L01273,CHUCK_02,"es normal tener esa inquietud, revisemos alternativas.",objecion,0,tibio
L01274,CHUCK_07,te escribo para dar seguimiento a tu interes.,seguimiento,0,frio
L01275,CHUCK_10,"entiendo tu duda, te aclaro ese punto para que decidas con confianza.",objecion,0,tibio
L01276,CHUCK_02,te ayudo con soporte tecnico paso a paso.,soporte,0,frio
L01277,CHUCK_10,podemos resolver esa objecion con una opcion mas flexible.,objecion,0,tibio
L01278,CHUCK_10,"hola, un gusto saludarte. en que te asesoro?",saludo,0,frio
L01279,CHUCK_01,"si, te puedo detallar precios y promociones vigentes.",consulta_precio,1,tibio
L01280,CHUCK_01,puedo guiarte para solucionar el problema ahora mismo.,soporte,0,frio
L01281,CHUCK_03,te explico las caracteristicas principales del producto.,consulta_producto,0,tibio
L01282,CHUCK_01,te explico las caracteristicas principales del producto.,consulta_producto,0,frio
L01283,CHUCK_09,"bienvenido, estoy para ayudarte con toda la informacion.",saludo,0,frio
L01284,CHUCK_10,"excelente decision, te ayudo a completar tu compra ahora.",compra,0,caliente
L01285,CHUCK_05,"si te parece, coordinamos una demostracion personalizada.",agendar_demo,0,tibio
L01286,CHUCK_06,te escribo para dar seguimiento a tu interes.,seguimiento,0,tibio
L01287,CHUCK_09,"tenemos stock disponible, puedo procesar tu compra en este momento.",compra,1,caliente
L01288,CHUCK_04,este producto incluye soporte y configuracion inicial.,consulta_producto,0,tibio
L01289,CHUCK_04,"excelente decision, te ayudo a completar tu compra ahora.",compra,0,caliente
L01290,CHUCK_06,"tenemos stock disponible, puedo procesar tu compra en este momento.",compra,1,caliente
L01291,CHUCK_07,te explico las caracteristicas principales del producto.,consulta_producto,0,tibio
L01292,CHUCK_10,"claro, te comparto el precio actualizado del plan.",consulta_precio,1,tibio
L01293,CHUCK_02,te escribo para dar seguimiento a tu interes.,seguimiento,0,tibio
L01294,CHUCK_08,"gracias por tu tiempo, quedo atento a cualquier consulta.",despedida,0,frio
L01295,CHUCK_10,te ayudo con soporte tecnico paso a paso.,soporte,0,frio
L01296,CHUCK_02,"bienvenido, estoy para ayudarte con toda la informacion.",saludo,0,frio
L01297,CHUCK_04,te explico las caracteristicas principales del producto.,consulta_producto,1,tibio
L01298,CHUCK_05,"si quieres, te envio una tabla comparativa clara.",comparacion,0,tibio
L01299,CHUCK_08,te explico las caracteristicas principales del producto.,consulta_producto,0,frio
L01300,CHUCK_01,podemos resolver esa objecion con una opcion mas flexible.,objecion,0,tibio
L01301,CHUCK_03,retomo la conversacion para ayudarte con la decision.,seguimiento,0,frio
L01302,CHUCK_06,"hola, un gusto saludarte. en que te asesoro?",saludo,0,frio
L01303,CHUCK_07,"es normal tener esa inquietud, revisemos alternativas.",objecion,0,tibio
L01304,CHUCK_08,"si te parece, coordinamos una demostracion personalizada.",agendar_demo,0,caliente
L01305,CHUCK_08,"entiendo tu duda, te aclaro ese punto para que decidas con confianza.",objecion,0,frio
L01306,CHUCK_05,fue un gusto ayudarte. estoy disponible cuando lo necesites.,despedida,0,frio
L01307,CHUCK_08,"tenemos stock disponible, puedo procesar tu compra en este momento.",compra,1,caliente
L01308,CHUCK_04,te explico las caracteristicas principales del producto.,consulta_producto,0,tibio
L01309,CHUCK_01,te explico las caracteristicas principales del producto.,consulta_producto,0,frio
L01310,CHUCK_08,"si quieres, te envio una tabla comparativa clara.",comparacion,1,tibio
L01311,CHUCK_03,te ayudo con soporte tecnico paso a paso.,soporte,0,frio
L01312,CHUCK_04,te comparto los beneficios para tu caso de uso.,consulta_producto,0,frio
L01313,CHUCK_09,te comparto los beneficios para tu caso de uso.,consulta_producto,0,tibio
L01314,CHUCK_06,"gracias por tu tiempo, quedo atento a cualquier consulta.",despedida,0,frio
L01315,CHUCK_02,"claro, te comparto el precio actualizado del plan.",consulta_precio,1,caliente
L01316,CHUCK_02,"es normal tener esa inquietud, revisemos alternativas.",objecion,0,tibio
L01317,CHUCK_01,"en relacion calidad-precio, esta opcion destaca por soporte y resultados.",comparacion,0,tibio
L01318,CHUCK_10,podemos agendar una demo de 20 minutos esta semana.,agendar_demo,0,tibio
L01319,CHUCK_03,"excelente decision, te ayudo a completar tu compra ahora.",compra,0,tibio
L01320,CHUCK_02,retomo la conversacion para ayudarte con la decision.,seguimiento,1,tibio
L01321,CHUCK_10,"claro, te comparto el precio actualizado del plan.",consulta_precio,1,caliente
L01322,CHUCK_07,"tenemos stock disponible, puedo procesar tu compra en este momento.",compra,0,tibio
L01323,CHUCK_09,"en relacion calidad-precio, esta opcion destaca por soporte y resultados.",comparacion,1,caliente
L01324,CHUCK_07,"es normal tener esa inquietud, revisemos alternativas.",objecion,0,tibio
L01325,CHUCK_05,"excelente decision, te ayudo a completar tu compra ahora.",compra,1,caliente
L01326,CHUCK_03,te ayudo con soporte tecnico paso a paso.,soporte,0,frio
L01327,CHUCK_09,"gracias por tu tiempo, quedo atento a cualquier consulta.",despedida,0,frio
L01328,CHUCK_09,te escribo para dar seguimiento a tu interes.,seguimiento,0,tibio
L01329,CHUCK_07,"el costo depende del paquete, te paso las opciones de precio.",consulta_precio,1,tibio
L01330,CHUCK_09,"perfecto, te comparto el link de pago para cerrar la compra.",compra,0,caliente
L01331,CHUCK_08,"excelente decision, te ayudo a completar tu compra ahora.",compra,1,caliente
L01332,CHUCK_08,quedo atento para continuar cuando te venga bien.,seguimiento,0,tibio
L01333,CHUCK_01,"claro, te comparto el precio actualizado del plan.",consulta_precio,1,tibio
L01334,CHUCK_04,"si, te puedo detallar precios y promociones vigentes.",consulta_precio,1,caliente
L01335,CHUCK_05,te comparto los beneficios para tu caso de uso.,consulta_producto,0,tibio
L01336,CHUCK_05,"perfecto, hablamos pronto. que tengas excelente dia.",despedida,0,frio
L01337,CHUCK_05,"excelente decision, te ayudo a completar tu compra ahora.",compra,1,caliente
L01338,CHUCK_01,"claro, te comparto el precio actualizado del plan.",consulta_precio,1,caliente
L01339,CHUCK_08,retomo la conversacion para ayudarte con la decision.,seguimiento,0,tibio
L01340,CHUCK_08,quedo atento para continuar cuando te venga bien.,seguimiento,0,tibio
L01341,CHUCK_06,te comparo este plan frente a otras alternativas del mercado.,comparacion,1,tibio
L01342,CHUCK_04,"tenemos stock disponible, puedo procesar tu compra en este momento.",compra,0,caliente
L01343,CHUCK_07,"perfecto, te comparto el link de pago para cerrar la compra.",compra,0,tibio
L01344,CHUCK_08,"el costo depende del paquete, te paso las opciones de precio.",consulta_precio,1,tibio
L01345,CHUCK_09,"claro, te comparto el precio actualizado del plan.",consulta_precio,1,caliente
L01346,CHUCK_03,"hola, un gusto saludarte. en que te asesoro?",saludo,1,frio
L01347,CHUCK_10,"hola, gracias por contactarnos. como puedo ayudarte hoy?",saludo,0,frio
L01348,CHUCK_05,"excelente decision, te ayudo a completar tu compra ahora.",compra,0,caliente
L01349,CHUCK_06,"entiendo tu duda, te aclaro ese punto para que decidas con confianza.",objecion,0,tibio
L01350,CHUCK_01,te comparto los beneficios para tu caso de uso.,consulta_producto,0,frio
L01351,CHUCK_10,"si quieres, te envio una tabla comparativa clara.",comparacion,1,tibio
L01352,CHUCK_06,"hola, gracias por contactarnos. como puedo ayudarte hoy?",saludo,0,frio
L01353,CHUCK_03,te comparto los beneficios para tu caso de uso.,consulta_producto,0,frio
L01354,CHUCK_08,"tenemos stock disponible, puedo procesar tu compra en este momento.",compra,1,caliente
L01355,CHUCK_08,"gracias por tu tiempo, quedo atento a cualquier consulta.",despedida,0,frio
L01356,CHUCK_05,este producto incluye soporte y configuracion inicial.,consulta_producto,0,frio
L01357,CHUCK_03,te explico las caracteristicas principales del producto.,consulta_producto,0,tibio
L01358,CHUCK_09,"en relacion calidad-precio, esta opcion destaca por soporte y resultados.",comparacion,0,tibio
L01359,CHUCK_04,este producto incluye soporte y configuracion inicial.,consulta_producto,0,frio
L01360,CHUCK_03,este producto incluye soporte y configuracion inicial.,consulta_producto,0,frio
L01361,CHUCK_09,"excelente decision, te ayudo a completar tu compra ahora.",compra,0,caliente
L01362,CHUCK_01,"si, te puedo detallar precios y promociones vigentes.",consulta_precio,1,tibio
L01363,CHUCK_08,"perfecto, te comparto el link de pago para cerrar la compra.",compra,0,caliente
L01364,CHUCK_01,"perfecto, te comparto el link de pago para cerrar la compra.",compra,0,tibio
L01365,CHUCK_04,"si, te puedo detallar precios y promociones vigentes.",consulta_precio,1,caliente
L01366,CHUCK_02,retomo la conversacion para ayudarte con la decision.,seguimiento,0,frio
L01367,CHUCK_03,podemos resolver esa objecion con una opcion mas flexible.,objecion,1,tibio
L01368,CHUCK_05,"bienvenido, estoy para ayudarte con toda la informacion.",saludo,1,frio
L01369,CHUCK_01,"si, te puedo detallar precios y promociones vigentes.",consulta_precio,1,tibio
L01370,CHUCK_01,"perfecto, te comparto el link de pago para cerrar la compra.",compra,1,caliente
L01371,CHUCK_06,te comparto los beneficios para tu caso de uso.,consulta_producto,0,tibio
L01372,CHUCK_09,"en relacion calidad-precio, esta opcion destaca por soporte y resultados.",comparacion,0,tibio
L01373,CHUCK_10,te comparto los beneficios para tu caso de uso.,consulta_producto,0,frio
L01374,CHUCK_10,este producto incluye soporte y configuracion inicial.,consulta_producto,0,tibio
L01375,CHUCK_05,"el costo depende del paquete, te paso las opciones de precio.",consulta_precio,1,caliente
L01376,CHUCK_04,"claro, te comparto el precio actualizado del plan.",consulta_precio,1,tibio
L01377,CHUCK_08,"perfecto, te comparto el link de pago para cerrar la compra.",compra,1,caliente
L01378,CHUCK_05,"perfecto, te comparto el link de pago para cerrar la compra.",compra,1,caliente
L01379,CHUCK_06,"el costo depende del paquete, te paso las opciones de precio.",consulta_precio,1,caliente
L01380,CHUCK_10,te explico las caracteristicas principales del producto.,consulta_producto,0,tibio
L01381,CHUCK_03,"si, te puedo detallar precios y promociones vigentes.",consulta_precio,1,tibio
L01382,CHUCK_07,"claro, te comparto el precio actualizado del plan.",consulta_precio,1,tibio
L01383,CHUCK_06,este producto incluye soporte y configuracion inicial.,consulta_producto,0,tibio
L01384,CHUCK_10,"excelente decision, te ayudo a completar tu compra ahora.",compra,1,caliente
L01385,CHUCK_03,"perfecto, te comparto el link de pago para cerrar la compra.",compra,0,caliente
L01386,CHUCK_08,"bienvenido, estoy para ayudarte con toda la informacion.",saludo,0,frio
L01387,CHUCK_01,"perfecto, te comparto el link de pago para cerrar la compra.",compra,1,caliente
L01388,CHUCK_01,"bienvenido, estoy para ayudarte con toda la informacion.",saludo,0,frio
L01389,CHUCK_10,"el costo depende del paquete, te paso las opciones de precio.",consulta_precio,1,caliente
L01390,CHUCK_04,te comparto los beneficios para tu caso de uso.,consulta_producto,0,frio
L01391,CHUCK_09,te comparto los beneficios para tu caso de uso.,consulta_producto,0,frio
L01392,CHUCK_10,"si te parece, coordinamos una demostracion personalizada.",agendar_demo,1,tibio
L01393,CHUCK_10,"perfecto, te comparto el link de pago para cerrar la compra.",compra,1,caliente
L01394,CHUCK_08,"es normal tener esa inquietud, revisemos alternativas.",objecion,0,tibio
L01395,CHUCK_01,podemos agendar una demo de 20 minutos esta semana.,agendar_demo,0,tibio
L01396,CHUCK_04,retomo la conversacion para ayudarte con la decision.,seguimiento,1,tibio
L01397,CHUCK_01,"entiendo tu duda, te aclaro ese punto para que decidas con confianza.",objecion,0,tibio
L01398,CHUCK_10,fue un gusto ayudarte. estoy disponible cuando lo necesites.,despedida,0,frio
L01399,CHUCK_10,"tengo disponibilidad para demo, te paso horarios.",agendar_demo,0,tibio
L01400,CHUCK_01,podemos resolver esa objecion con una opcion mas flexible.,objecion,0,tibio
L01401,CHUCK_05,este producto incluye soporte y configuracion inicial.,consulta_producto,1,frio
L01402,CHUCK_05,"hola, un gusto saludarte. en que te asesoro?",saludo,0,frio
L01403,CHUCK_08,este producto incluye soporte y configuracion inicial.,consulta_producto,0,tibio
L01404,CHUCK_05,te explico las caracteristicas principales del producto.,consulta_producto,0,frio
L01405,CHUCK_05,"perfecto, te comparto el link de pago para cerrar la compra.",compra,1,caliente
L01406,CHUCK_08,vamos a revisar ese inconveniente para resolverlo rapido.,soporte,0,frio
L01407,CHUCK_05,"el costo depende del paquete, te paso las opciones de precio.",consulta_precio,1,tibio
L01408,CHUCK_07,te comparo este plan frente a otras alternativas del mercado.,comparacion,1,tibio
L01409,CHUCK_08,"perfecto, te comparto el link de pago para cerrar la compra.",compra,0,caliente
L01410,CHUCK_03,podemos resolver esa objecion con una opcion mas flexible.,objecion,0,tibio
L01411,CHUCK_05,"si quieres, te envio una tabla comparativa clara.",comparacion,1,tibio
L01412,CHUCK_08,"claro, te comparto el precio actualizado del plan.",consulta_precio,1,tibio
L01413,CHUCK_05,"si, te puedo detallar precios y promociones vigentes.",consulta_precio,1,tibio
L01414,CHUCK_03,este producto incluye soporte y configuracion inicial.,consulta_producto,1,frio
L01415,CHUCK_07,vamos a revisar ese inconveniente para resolverlo rapido.,soporte,0,frio
L01416,CHUCK_01,te explico las caracteristicas principales del producto.,consulta_producto,0,tibio
L01417,CHUCK_02,te comparto los beneficios para tu caso de uso.,consulta_producto,0,frio
L01418,CHUCK_05,"tengo disponibilidad para demo, te paso horarios.",agendar_demo,0,tibio
L01419,CHUCK_05,"excelente decision, te ayudo a completar tu compra ahora.",compra,1,caliente
L01420,CHUCK_05,te explico las caracteristicas principales del producto.,consulta_producto,1,tibio
L01421,CHUCK_07,"tenemos stock disponible, puedo procesar tu compra en este momento.",compra,1,caliente
L01422,CHUCK_02,"tenemos stock disponible, puedo procesar tu compra en este momento.",compra,1,caliente
L01423,CHUCK_09,este producto incluye soporte y configuracion inicial.,consulta_producto,0,frio
L01424,CHUCK_06,vamos a revisar ese inconveniente para resolverlo rapido.,soporte,0,frio
L01425,CHUCK_09,"si te parece, coordinamos una demostracion personalizada.",agendar_demo,0,caliente
L01426,CHUCK_09,"claro, te comparto el precio actualizado del plan.",consulta_precio,1,tibio
L01427,CHUCK_07,quedo atento para continuar cuando te venga bien.,seguimiento,0,tibio
L01428,CHUCK_01,te escribo para dar seguimiento a tu interes.,seguimiento,0,tibio
L01429,CHUCK_02,"si quieres, te envio una tabla comparativa clara.",comparacion,0,caliente
L01430,CHUCK_06,fue un gusto ayudarte. estoy disponible cuando lo necesites.,despedida,0,frio
L01431,CHUCK_06,"tenemos stock disponible, puedo procesar tu compra en este momento.",compra,1,caliente
L01432,CHUCK_03,este producto incluye soporte y configuracion inicial.,consulta_producto,0,frio
L01433,CHUCK_03,"si quieres, te envio una tabla comparativa clara.",comparacion,0,tibio
L01434,CHUCK_06,"excelente decision, te ayudo a completar tu compra ahora.",compra,1,caliente
L01435,CHUCK_07,"si, te puedo detallar precios y promociones vigentes.",consulta_precio,1,tibio
L01436,CHUCK_09,fue un gusto ayudarte. estoy disponible cuando lo necesites.,despedida,0,frio
L01437,CHUCK_05,este producto incluye soporte y configuracion inicial.,consulta_producto,0,tibio
L01438,CHUCK_02,"si, te puedo detallar precios y promociones vigentes.",consulta_precio,1,tibio
L01439,CHUCK_08,"si quieres, te envio una tabla comparativa clara.",comparacion,1,tibio
L01440,CHUCK_08,"el costo depende del paquete, te paso las opciones de precio.",consulta_precio,1,tibio
L01441,CHUCK_05,"tenemos stock disponible, puedo procesar tu compra en este momento.",compra,1,caliente
L01442,CHUCK_02,te escribo para dar seguimiento a tu interes.,seguimiento,0,frio
L01443,CHUCK_10,podemos resolver esa objecion con una opcion mas flexible.,objecion,0,tibio
L01444,CHUCK_07,podemos resolver esa objecion con una opcion mas flexible.,objecion,0,tibio
L01445,CHUCK_05,"si te parece, coordinamos una demostracion personalizada.",agendar_demo,0,tibio
L01446,CHUCK_06,"perfecto, te comparto el link de pago para cerrar la compra.",compra,1,caliente
L01447,CHUCK_03,"perfecto, te comparto el link de pago para cerrar la compra.",compra,0,caliente
L01448,CHUCK_04,te explico las caracteristicas principales del producto.,consulta_producto,0,frio
L01449,CHUCK_01,"hola, un gusto saludarte. en que te asesoro?",saludo,0,frio
L01450,CHUCK_01,"si te parece, coordinamos una demostracion personalizada.",agendar_demo,0,tibio
L01451,CHUCK_06,"si quieres, te envio una tabla comparativa clara.",comparacion,0,tibio
L01452,CHUCK_10,"en relacion calidad-precio, esta opcion destaca por soporte y resultados.",comparacion,1,tibio
L01453,CHUCK_05,"es normal tener esa inquietud, revisemos alternativas.",objecion,0,frio
L01454,CHUCK_01,"perfecto, hablamos pronto. que tengas excelente dia.",despedida,0,frio
L01455,CHUCK_01,"perfecto, hablamos pronto. que tengas excelente dia.",despedida,1,frio
L01456,CHUCK_07,"tenemos stock disponible, puedo procesar tu compra en este momento.",compra,1,caliente
L01457,CHUCK_07,"claro, te comparto el precio actualizado del plan.",consulta_precio,1,tibio
L01458,CHUCK_02,este producto incluye soporte y configuracion inicial.,consulta_producto,0,frio
L01459,CHUCK_03,te explico las caracteristicas principales del producto.,consulta_producto,0,frio
L01460,CHUCK_03,te explico las caracteristicas principales del producto.,consulta_producto,1,tibio
L01461,CHUCK_04,te explico las caracteristicas principales del producto.,consulta_producto,0,tibio
L01462,CHUCK_03,vamos a revisar ese inconveniente para resolverlo rapido.,soporte,0,frio
L01463,CHUCK_04,"si, te puedo detallar precios y promociones vigentes.",consulta_precio,1,tibio
L01464,CHUCK_10,vamos a revisar ese inconveniente para resolverlo rapido.,soporte,0,frio
L01465,CHUCK_01,te comparo este plan frente a otras alternativas del mercado.,comparacion,0,tibio
L01466,CHUCK_08,podemos agendar una demo de 20 minutos esta semana.,agendar_demo,0,caliente
L01467,CHUCK_06,"bienvenido, estoy para ayudarte con toda la informacion.",saludo,0,frio
L01468,CHUCK_09,"si, te puedo detallar precios y promociones vigentes.",consulta_precio,1,caliente
L01469,CHUCK_08,te explico las caracteristicas principales del producto.,consulta_producto,0,tibio
L01470,CHUCK_09,este producto incluye soporte y configuracion inicial.,consulta_producto,0,tibio
L01471,CHUCK_07,este producto incluye soporte y configuracion inicial.,consulta_producto,1,tibio
L01472,CHUCK_06,podemos resolver esa objecion con una opcion mas flexible.,objecion,0,frio
L01473,CHUCK_10,"hola, un gusto saludarte. en que te asesoro?",saludo,0,frio
L01474,CHUCK_08,"claro, te comparto el precio actualizado del plan.",consulta_precio,1,tibio
L01475,CHUCK_03,este producto incluye soporte y configuracion inicial.,consulta_producto,0,frio
L01476,CHUCK_07,"si quieres, te envio una tabla comparativa clara.",comparacion,0,tibio
L01477,CHUCK_08,te explico las caracteristicas principales del producto.,consulta_producto,0,tibio
L01478,CHUCK_04,te explico las caracteristicas principales del producto.,consulta_producto,0,tibio
L01479,CHUCK_01,"excelente decision, te ayudo a completar tu compra ahora.",compra,1,caliente
L01480,CHUCK_09,retomo la conversacion para ayudarte con la decision.,seguimiento,0,tibio
L01481,CHUCK_06,"es normal tener esa inquietud, revisemos alternativas.",objecion,0,tibio
L01482,CHUCK_02,"si te parece, coordinamos una demostracion personalizada.",agendar_demo,0,caliente
L01483,CHUCK_04,"claro, te comparto el precio actualizado del plan.",consulta_precio,1,tibio
L01484,CHUCK_01,"excelente decision, te ayudo a completar tu compra ahora.",compra,1,tibio
L01485,CHUCK_09,"claro, te comparto el precio actualizado del plan.",consulta_precio,1,caliente
L01486,CHUCK_01,te comparto los beneficios para tu caso de uso.,consulta_producto,0,frio
L01487,CHUCK_05,"perfecto, te comparto el link de pago para cerrar la compra.",compra,1,caliente
L01488,CHUCK_07,este producto incluye soporte y configuracion inicial.,consulta_producto,0,tibio
L01489,CHUCK_07,"si te parece, coordinamos una demostracion personalizada.",agendar_demo,0,tibio
L01490,CHUCK_02,este producto incluye soporte y configuracion inicial.,consulta_producto,0,tibio
L01491,CHUCK_03,"si, te puedo detallar precios y promociones vigentes.",consulta_precio,1,caliente
L01492,CHUCK_09,puedo guiarte para solucionar el problema ahora mismo.,soporte,0,frio
L01493,CHUCK_05,quedo atento para continuar cuando te venga bien.,seguimiento,0,tibio
L01494,CHUCK_10,"hola, un gusto saludarte. en que te asesoro?",saludo,0,frio
L01495,CHUCK_05,te comparto los beneficios para tu caso de uso.,consulta_producto,0,tibio
L01496,CHUCK_09,"tenemos stock disponible, puedo procesar tu compra en este momento.",compra,0,caliente
L01497,CHUCK_10,"excelente decision, te ayudo a completar tu compra ahora.",compra,0,caliente
L01498,CHUCK_04,"hola, un gusto saludarte. en que te asesoro?",saludo,0,frio
L01499,CHUCK_10,te comparto los beneficios para tu caso de uso.,consulta_producto,0,tibio
L01500,CHUCK_08,te explico las caracteristicas principales del producto.,consulta_producto,0,tibio
L01501,CHUCK_10,"claro, te comparto el precio actualizado del plan.",consulta_precio,1,tibio
L01502,CHUCK_04,"es normal tener esa inquietud, revisemos alternativas.",objecion,0,tibio
L01503,CHUCK_03,retomo la conversacion para ayudarte con la decision.,seguimiento,0,frio
L01504,CHUCK_03,retomo la conversacion para ayudarte con la decision.,seguimiento,0,frio
L01505,CHUCK_08,"claro, te comparto el precio actualizado del plan.",consulta_precio,1,tibio
L01506,CHUCK_10,"en relacion calidad-precio, esta opcion destaca por soporte y resultados.",comparacion,1,tibio
L01507,CHUCK_06,podemos resolver esa objecion con una opcion mas flexible.,objecion,0,tibio
L01508,CHUCK_04,"es normal tener esa inquietud, revisemos alternativas.",objecion,0,frio
L01509,CHUCK_04,quedo atento para continuar cuando te venga bien.,seguimiento,0,tibio
L01510,CHUCK_02,este producto incluye soporte y configuracion inicial.,consulta_producto,0,tibio
L01511,CHUCK_10,"si, te puedo detallar precios y promociones vigentes.",consulta_precio,1,tibio
L01512,CHUCK_01,"gracias por tu tiempo, quedo atento a cualquier consulta.",despedida,0,frio
L01513,CHUCK_01,fue un gusto ayudarte. estoy disponible cuando lo necesites.,despedida,0,frio
L01514,CHUCK_05,podemos resolver esa objecion con una opcion mas flexible.,objecion,0,frio
L01515,CHUCK_10,"hola, gracias por contactarnos. como puedo ayudarte hoy?",saludo,0,frio
L01516,CHUCK_03,"excelente decision, te ayudo a completar tu compra ahora.",compra,0,caliente
L01517,CHUCK_05,"gracias por tu tiempo, quedo atento a cualquier consulta.",despedida,0,frio
L01518,CHUCK_01,"excelente decision, te ayudo a completar tu compra ahora.",compra,0,tibio
L01519,CHUCK_03,"perfecto, te comparto el link de pago para cerrar la compra.",compra,1,caliente
L01520,CHUCK_03,podemos resolver esa objecion con una opcion mas flexible.,objecion,1,tibio
L01521,CHUCK_05,te escribo para dar seguimiento a tu interes.,seguimiento,1,frio
L01522,CHUCK_04,"gracias por tu tiempo, quedo atento a cualquier consulta.",despedida,0,frio
L01523,CHUCK_06,"es normal tener esa inquietud, revisemos alternativas.",objecion,0,frio
L01524,CHUCK_06,"gracias por tu tiempo, quedo atento a cualquier consulta.",despedida,0,frio
L01525,CHUCK_09,"tengo disponibilidad para demo, te paso horarios.",agendar_demo,0,tibio
L01526,CHUCK_04,quedo atento para continuar cuando te venga bien.,seguimiento,1,tibio
L01527,CHUCK_10,"es normal tener esa inquietud, revisemos alternativas.",objecion,0,tibio
L01528,CHUCK_10,te comparto los beneficios para tu caso de uso.,consulta_producto,0,frio
L01529,CHUCK_10,te explico las caracteristicas principales del producto.,consulta_producto,0,frio
L01530,CHUCK_02,"si, te puedo detallar precios y promociones vigentes.",consulta_precio,1,tibio
L01531,CHUCK_10,te escribo para dar seguimiento a tu interes.,seguimiento,0,frio
L01532,CHUCK_01,te explico las caracteristicas principales del producto.,consulta_producto,0,tibio
L01533,CHUCK_01,este producto incluye soporte y configuracion inicial.,consulta_producto,0,frio
L01534,CHUCK_06,"tengo disponibilidad para demo, te paso horarios.",agendar_demo,0,caliente
L01535,CHUCK_01,podemos resolver esa objecion con una opcion mas flexible.,objecion,0,frio
L01536,CHUCK_10,"perfecto, te comparto el link de pago para cerrar la compra.",compra,0,caliente
L01537,CHUCK_03,te escribo para dar seguimiento a tu interes.,seguimiento,0,frio
L01538,CHUCK_05,"claro, te comparto el precio actualizado del plan.",consulta_precio,1,tibio
L01539,CHUCK_09,este producto incluye soporte y configuracion inicial.,consulta_producto,0,frio
L01540,CHUCK_01,te escribo para dar seguimiento a tu interes.,seguimiento,0,tibio
L01541,CHUCK_02,"claro, te comparto el precio actualizado del plan.",consulta_precio,1,tibio
L01542,CHUCK_02,te comparto los beneficios para tu caso de uso.,consulta_producto,1,frio
L01543,CHUCK_03,te explico las caracteristicas principales del producto.,consulta_producto,0,frio
L01544,CHUCK_08,te comparo este plan frente a otras alternativas del mercado.,comparacion,0,caliente
L01545,CHUCK_03,retomo la conversacion para ayudarte con la decision.,seguimiento,1,tibio
L01546,CHUCK_02,"si quieres, te envio una tabla comparativa clara.",comparacion,0,tibio
L01547,CHUCK_05,"tenemos stock disponible, puedo procesar tu compra en este momento.",compra,1,caliente
L01548,CHUCK_04,"perfecto, te comparto el link de pago para cerrar la compra.",compra,1,caliente
L01549,CHUCK_09,"en relacion calidad-precio, esta opcion destaca por soporte y resultados.",comparacion,0,tibio
L01550,CHUCK_09,"si te parece, coordinamos una demostracion personalizada.",agendar_demo,0,tibio
L01551,CHUCK_06,"tenemos stock disponible, puedo procesar tu compra en este momento.",compra,0,caliente
L01552,CHUCK_03,vamos a revisar ese inconveniente para resolverlo rapido.,soporte,1,frio
L01553,CHUCK_09,retomo la conversacion para ayudarte con la decision.,seguimiento,1,tibio
L01554,CHUCK_04,"es normal tener esa inquietud, revisemos alternativas.",objecion,0,tibio
L01555,CHUCK_05,este producto incluye soporte y configuracion inicial.,consulta_producto,1,frio
L01556,CHUCK_03,"hola, gracias por contactarnos. como puedo ayudarte hoy?",saludo,1,frio
L01557,CHUCK_09,"el costo depende del paquete, te paso las opciones de precio.",consulta_precio,1,caliente
L01558,CHUCK_08,"si, te puedo detallar precios y promociones vigentes.",consulta_precio,1,caliente
L01559,CHUCK_02,"perfecto, te comparto el link de pago para cerrar la compra.",compra,0,caliente
L01560,CHUCK_09,puedo guiarte para solucionar el problema ahora mismo.,soporte,0,frio
L01561,CHUCK_05,este producto incluye soporte y configuracion inicial.,consulta_producto,0,frio
L01562,CHUCK_07,te comparo este plan frente a otras alternativas del mercado.,comparacion,0,tibio
L01563,CHUCK_03,"gracias por tu tiempo, quedo atento a cualquier consulta.",despedida,0,frio
L01564,CHUCK_07,"claro, te comparto el precio actualizado del plan.",consulta_precio,1,caliente
L01565,CHUCK_05,"hola, gracias por contactarnos. como puedo ayudarte hoy?",saludo,0,frio
L01566,CHUCK_01,puedo guiarte para solucionar el problema ahora mismo.,soporte,0,frio
L01567,CHUCK_10,te ayudo con soporte tecnico paso a paso.,soporte,0,frio
L01568,CHUCK_09,"perfecto, te comparto el link de pago para cerrar la compra.",compra,1,tibio
L01569,CHUCK_10,podemos resolver esa objecion con una opcion mas flexible.,objecion,1,tibio
L01570,CHUCK_04,"perfecto, te comparto el link de pago para cerrar la compra.",compra,0,caliente
L01571,CHUCK_01,puedo guiarte para solucionar el problema ahora mismo.,soporte,0,frio
L01572,CHUCK_02,podemos resolver esa objecion con una opcion mas flexible.,objecion,0,tibio
L01573,CHUCK_05,te comparo este plan frente a otras alternativas del mercado.,comparacion,1,caliente
L01574,CHUCK_02,"hola, un gusto saludarte. en que te asesoro?",saludo,0,frio
L01575,CHUCK_05,"perfecto, hablamos pronto. que tengas excelente dia.",despedida,0,frio
L01576,CHUCK_06,"excelente decision, te ayudo a completar tu compra ahora.",compra,1,caliente
L01577,CHUCK_04,te comparto los beneficios para tu caso de uso.,consulta_producto,0,tibio
L01578,CHUCK_08,"hola, gracias por contactarnos. como puedo ayudarte hoy?",saludo,0,frio
L01579,CHUCK_07,"si te parece, coordinamos una demostracion personalizada.",agendar_demo,0,tibio
L01580,CHUCK_08,"hola, un gusto saludarte. en que te asesoro?",saludo,0,frio
L01581,CHUCK_03,retomo la conversacion para ayudarte con la decision.,seguimiento,1,tibio
L01582,CHUCK_02,te comparo este plan frente a otras alternativas del mercado.,comparacion,1,tibio
L01583,CHUCK_02,te comparto los beneficios para tu caso de uso.,consulta_producto,0,frio
L01584,CHUCK_03,te explico las caracteristicas principales del producto.,consulta_producto,0,tibio
L01585,CHUCK_02,vamos a revisar ese inconveniente para resolverlo rapido.,soporte,0,frio
L01586,CHUCK_04,"si te parece, coordinamos una demostracion personalizada.",agendar_demo,0,caliente
L01587,CHUCK_07,te ayudo con soporte tecnico paso a paso.,soporte,0,frio
L01588,CHUCK_01,te comparto los beneficios para tu caso de uso.,consulta_producto,0,tibio
L01589,CHUCK_03,retomo la conversacion para ayudarte con la decision.,seguimiento,0,tibio
L01590,CHUCK_07,retomo la conversacion para ayudarte con la decision.,seguimiento,0,tibio
L01591,CHUCK_07,"tenemos stock disponible, puedo procesar tu compra en este momento.",compra,0,caliente
L01592,CHUCK_07,te comparto los beneficios para tu caso de uso.,consulta_producto,0,frio
L01593,CHUCK_08,"tengo disponibilidad para demo, te paso horarios.",agendar_demo,0,caliente
L01594,CHUCK_05,este producto incluye soporte y configuracion inicial.,consulta_producto,0,tibio
L01595,CHUCK_06,te comparto los beneficios para tu caso de uso.,consulta_producto,0,frio
L01596,CHUCK_08,"tenemos stock disponible, puedo procesar tu compra en este momento.",compra,0,caliente
L01597,CHUCK_01,te escribo para dar seguimiento a tu interes.,seguimiento,0,tibio
L01598,CHUCK_04,te ayudo con soporte tecnico paso a paso.,soporte,1,frio
L01599,CHUCK_07,te explico las caracteristicas principales del producto.,consulta_producto,0,tibio
L01600,CHUCK_09,"claro, te comparto el precio actualizado del plan.",consulta_precio,1,tibio
L01601,CHUCK_01,quedo atento para continuar cuando te venga bien.,seguimiento,0,frio
L01602,CHUCK_02,"es normal tener esa inquietud, revisemos alternativas.",objecion,0,tibio
L01603,CHUCK_08,te comparto los beneficios para tu caso de uso.,consulta_producto,0,frio
L01604,CHUCK_06,te explico las caracteristicas principales del producto.,consulta_producto,0,tibio
L01605,CHUCK_04,te comparto los beneficios para tu caso de uso.,consulta_producto,0,tibio
L01606,CHUCK_05,puedo guiarte para solucionar el problema ahora mismo.,soporte,0,frio
L01607,CHUCK_06,"si, te puedo detallar precios y promociones vigentes.",consulta_precio,1,tibio
L01608,CHUCK_01,"tengo disponibilidad para demo, te paso horarios.",agendar_demo,0,tibio
L01609,CHUCK_01,"el costo depende del paquete, te paso las opciones de precio.",consulta_precio,1,tibio
L01610,CHUCK_05,"el costo depende del paquete, te paso las opciones de precio.",consulta_precio,1,caliente
L01611,CHUCK_08,este producto incluye soporte y configuracion inicial.,consulta_producto,0,frio
L01612,CHUCK_07,"entiendo tu duda, te aclaro ese punto para que decidas con confianza.",objecion,0,tibio
L01613,CHUCK_09,te escribo para dar seguimiento a tu interes.,seguimiento,0,tibio
L01614,CHUCK_08,"claro, te comparto el precio actualizado del plan.",consulta_precio,1,caliente
L01615,CHUCK_03,"el costo depende del paquete, te paso las opciones de precio.",consulta_precio,1,caliente
L01616,CHUCK_05,"excelente decision, te ayudo a completar tu compra ahora.",compra,1,caliente
L01617,CHUCK_06,"si, te puedo detallar precios y promociones vigentes.",consulta_precio,1,tibio
L01618,CHUCK_03,quedo atento para continuar cuando te venga bien.,seguimiento,0,tibio
L01619,CHUCK_02,"excelente decision, te ayudo a completar tu compra ahora.",compra,1,caliente
L01620,CHUCK_07,"el costo depende del paquete, te paso las opciones de precio.",consulta_precio,1,tibio
L01621,CHUCK_06,podemos agendar una demo de 20 minutos esta semana.,agendar_demo,0,tibio
L01622,CHUCK_02,te comparo este plan frente a otras alternativas del mercado.,comparacion,1,tibio
L01623,CHUCK_03,quedo atento para continuar cuando te venga bien.,seguimiento,0,tibio
L01624,CHUCK_04,este producto incluye soporte y configuracion inicial.,consulta_producto,0,frio
L01625,CHUCK_06,"excelente decision, te ayudo a completar tu compra ahora.",compra,1,caliente
L01626,CHUCK_09,te explico las caracteristicas principales del producto.,consulta_producto,0,tibio
L01627,CHUCK_04,te explico las caracteristicas principales del producto.,consulta_producto,1,frio
L01628,CHUCK_02,"hola, un gusto saludarte. en que te asesoro?",saludo,0,frio
L01629,CHUCK_05,"si, te puedo detallar precios y promociones vigentes.",consulta_precio,1,caliente
L01630,CHUCK_08,este producto incluye soporte y configuracion inicial.,consulta_producto,0,frio
L01631,CHUCK_08,vamos a revisar ese inconveniente para resolverlo rapido.,soporte,0,frio
L01632,CHUCK_01,"excelente decision, te ayudo a completar tu compra ahora.",compra,0,caliente
L01633,CHUCK_10,"si, te puedo detallar precios y promociones vigentes.",consulta_precio,1,caliente
L01634,CHUCK_02,"el costo depende del paquete, te paso las opciones de precio.",consulta_precio,1,tibio
L01635,CHUCK_06,"si, te puedo detallar precios y promociones vigentes.",consulta_precio,1,tibio
L01636,CHUCK_05,"es normal tener esa inquietud, revisemos alternativas.",objecion,0,tibio
L01637,CHUCK_03,quedo atento para continuar cuando te venga bien.,seguimiento,0,frio
L01638,CHUCK_04,te ayudo con soporte tecnico paso a paso.,soporte,0,frio
L01639,CHUCK_08,"claro, te comparto el precio actualizado del plan.",consulta_precio,1,tibio
L01640,CHUCK_08,"tengo disponibilidad para demo, te paso horarios.",agendar_demo,0,tibio
L01641,CHUCK_04,"perfecto, te comparto el link de pago para cerrar la compra.",compra,1,tibio
L01642,CHUCK_03,"tenemos stock disponible, puedo procesar tu compra en este momento.",compra,1,caliente
L01643,CHUCK_09,"perfecto, te comparto el link de pago para cerrar la compra.",compra,0,caliente
L01644,CHUCK_07,"excelente decision, te ayudo a completar tu compra ahora.",compra,0,caliente
L01645,CHUCK_05,"tenemos stock disponible, puedo procesar tu compra en este momento.",compra,0,caliente
L01646,CHUCK_07,"tengo disponibilidad para demo, te paso horarios.",agendar_demo,0,caliente
L01647,CHUCK_03,quedo atento para continuar cuando te venga bien.,seguimiento,0,tibio
L01648,CHUCK_10,"si, te puedo detallar precios y promociones vigentes.",consulta_precio,1,caliente
L01649,CHUCK_03,te comparto los beneficios para tu caso de uso.,consulta_producto,0,tibio
L01650,CHUCK_08,"claro, te comparto el precio actualizado del plan.",consulta_precio,1,tibio
L01651,CHUCK_08,podemos resolver esa objecion con una opcion mas flexible.,objecion,0,tibio
L01652,CHUCK_02,"tengo disponibilidad para demo, te paso horarios.",agendar_demo,0,tibio
L01653,CHUCK_04,te escribo para dar seguimiento a tu interes.,seguimiento,0,tibio
L01654,CHUCK_09,"perfecto, hablamos pronto. que tengas excelente dia.",despedida,0,frio
L01655,CHUCK_01,"excelente decision, te ayudo a completar tu compra ahora.",compra,1,caliente
L01656,CHUCK_08,te explico las caracteristicas principales del producto.,consulta_producto,0,frio
L01657,CHUCK_06,"el costo depende del paquete, te paso las opciones de precio.",consulta_precio,1,tibio
L01658,CHUCK_04,"bienvenido, estoy para ayudarte con toda la informacion.",saludo,0,frio
L01659,CHUCK_02,este producto incluye soporte y configuracion inicial.,consulta_producto,0,frio
L01660,CHUCK_06,"tengo disponibilidad para demo, te paso horarios.",agendar_demo,0,tibio
L01661,CHUCK_08,podemos agendar una demo de 20 minutos esta semana.,agendar_demo,0,caliente
L01662,CHUCK_09,vamos a revisar ese inconveniente para resolverlo rapido.,soporte,0,frio
L01663,CHUCK_01,"perfecto, te comparto el link de pago para cerrar la compra.",compra,0,tibio
L01664,CHUCK_08,quedo atento para continuar cuando te venga bien.,seguimiento,0,tibio
L01665,CHUCK_06,"entiendo tu duda, te aclaro ese punto para que decidas con confianza.",objecion,0,tibio
L01666,CHUCK_01,te comparo este plan frente a otras alternativas del mercado.,comparacion,1,tibio
L01667,CHUCK_08,"excelente decision, te ayudo a completar tu compra ahora.",compra,1,tibio
L01668,CHUCK_01,"excelente decision, te ayudo a completar tu compra ahora.",compra,0,caliente
L01669,CHUCK_10,te comparo este plan frente a otras alternativas del mercado.,comparacion,1,tibio
L01670,CHUCK_01,"tenemos stock disponible, puedo procesar tu compra en este momento.",compra,0,caliente
L01671,CHUCK_01,"excelente decision, te ayudo a completar tu compra ahora.",compra,0,caliente
L01672,CHUCK_07,"tengo disponibilidad para demo, te paso horarios.",agendar_demo,0,tibio
L01673,CHUCK_02,"si, te puedo detallar precios y promociones vigentes.",consulta_precio,1,caliente
L01674,CHUCK_06,"es normal tener esa inquietud, revisemos alternativas.",objecion,0,frio
L01675,CHUCK_04,te comparto los beneficios para tu caso de uso.,consulta_producto,0,tibio
L01676,CHUCK_01,"perfecto, hablamos pronto. que tengas excelente dia.",despedida,0,frio
L01677,CHUCK_10,"hola, un gusto saludarte. en que te asesoro?",saludo,0,frio
L01678,CHUCK_09,"tenemos stock disponible, puedo procesar tu compra en este momento.",compra,0,caliente
L01679,CHUCK_08,"excelente decision, te ayudo a completar tu compra ahora.",compra,0,caliente
L01680,CHUCK_04,"tengo disponibilidad para demo, te paso horarios.",agendar_demo,0,tibio
L01681,CHUCK_10,"el costo depende del paquete, te paso las opciones de precio.",consulta_precio,1,caliente
L01682,CHUCK_01,te escribo para dar seguimiento a tu interes.,seguimiento,0,tibio
L01683,CHUCK_05,"gracias por tu tiempo, quedo atento a cualquier consulta.",despedida,0,frio
L01684,CHUCK_02,retomo la conversacion para ayudarte con la decision.,seguimiento,0,tibio
L01685,CHUCK_02,te comparto los beneficios para tu caso de uso.,consulta_producto,0,frio
L01686,CHUCK_03,"en relacion calidad-precio, esta opcion destaca por soporte y resultados.",comparacion,1,tibio
L01687,CHUCK_02,este producto incluye soporte y configuracion inicial.,consulta_producto,0,tibio
L01688,CHUCK_02,"perfecto, te comparto el link de pago para cerrar la compra.",compra,0,tibio
L01689,CHUCK_09,podemos resolver esa objecion con una opcion mas flexible.,objecion,0,tibio
L01690,CHUCK_03,"si, te puedo detallar precios y promociones vigentes.",consulta_precio,1,tibio
L01691,CHUCK_03,"entiendo tu duda, te aclaro ese punto para que decidas con confianza.",objecion,0,tibio
L01692,CHUCK_02,"si, te puedo detallar precios y promociones vigentes.",consulta_precio,1,caliente
L01693,CHUCK_06,"bienvenido, estoy para ayudarte con toda la informacion.",saludo,0,frio
L01694,CHUCK_10,"el costo depende del paquete, te paso las opciones de precio.",consulta_precio,1,tibio
L01695,CHUCK_10,este producto incluye soporte y configuracion inicial.,consulta_producto,0,tibio
L01696,CHUCK_06,retomo la conversacion para ayudarte con la decision.,seguimiento,0,tibio
L01697,CHUCK_04,"si quieres, te envio una tabla comparativa clara.",comparacion,1,tibio
L01698,CHUCK_03,"si, te puedo detallar precios y promociones vigentes.",consulta_precio,1,caliente
L01699,CHUCK_05,"hola, un gusto saludarte. en que te asesoro?",saludo,0,frio
L01700,CHUCK_08,"hola, gracias por contactarnos. como puedo ayudarte hoy?",saludo,0,frio
L01701,CHUCK_06,"entiendo tu duda, te aclaro ese punto para que decidas con confianza.",objecion,1,tibio
L01702,CHUCK_09,"el costo depende del paquete, te paso las opciones de precio.",consulta_precio,1,tibio
L01703,CHUCK_05,"tenemos stock disponible, puedo procesar tu compra en este momento.",compra,1,caliente
L01704,CHUCK_01,quedo atento para continuar cuando te venga bien.,seguimiento,0,tibio
L01705,CHUCK_06,quedo atento para continuar cuando te venga bien.,seguimiento,0,frio
L01706,CHUCK_07,fue un gusto ayudarte. estoy disponible cuando lo necesites.,despedida,0,frio
L01707,CHUCK_01,este producto incluye soporte y configuracion inicial.,consulta_producto,0,tibio
L01708,CHUCK_07,"si te parece, coordinamos una demostracion personalizada.",agendar_demo,0,tibio
L01709,CHUCK_09,"tenemos stock disponible, puedo procesar tu compra en este momento.",compra,1,caliente
L01710,CHUCK_10,fue un gusto ayudarte. estoy disponible cuando lo necesites.,despedida,0,frio
L01711,CHUCK_02,"excelente decision, te ayudo a completar tu compra ahora.",compra,1,tibio
L01712,CHUCK_06,quedo atento para continuar cuando te venga bien.,seguimiento,0,tibio
L01713,CHUCK_01,podemos resolver esa objecion con una opcion mas flexible.,objecion,0,tibio
L01714,CHUCK_07,"el costo depende del paquete, te paso las opciones de precio.",consulta_precio,1,tibio
L01715,CHUCK_06,"si te parece, coordinamos una demostracion personalizada.",agendar_demo,0,caliente
L01716,CHUCK_06,"hola, gracias por contactarnos. como puedo ayudarte hoy?",saludo,0,frio
L01717,CHUCK_09,"es normal tener esa inquietud, revisemos alternativas.",objecion,1,tibio
L01718,CHUCK_10,"bienvenido, estoy para ayudarte con toda la informacion.",saludo,0,frio
L01719,CHUCK_07,"tengo disponibilidad para demo, te paso horarios.",agendar_demo,0,tibio
L01720,CHUCK_01,"si, te puedo detallar precios y promociones vigentes.",consulta_precio,1,tibio
L01721,CHUCK_02,"gracias por tu tiempo, quedo atento a cualquier consulta.",despedida,0,frio
L01722,CHUCK_01,"tenemos stock disponible, puedo procesar tu compra en este momento.",compra,1,caliente
L01723,CHUCK_04,"perfecto, te comparto el link de pago para cerrar la compra.",compra,0,caliente
L01724,CHUCK_02,te comparo este plan frente a otras alternativas del mercado.,comparacion,0,tibio
L01725,CHUCK_10,"tengo disponibilidad para demo, te paso horarios.",agendar_demo,0,caliente
L01726,CHUCK_02,"el costo depende del paquete, te paso las opciones de precio.",consulta_precio,1,tibio
L01727,CHUCK_07,"el costo depende del paquete, te paso las opciones de precio.",consulta_precio,1,tibio
L01728,CHUCK_01,podemos agendar una demo de 20 minutos esta semana.,agendar_demo,0,tibio
L01729,CHUCK_05,"entiendo tu duda, te aclaro ese punto para que decidas con confianza.",objecion,0,frio
L01730,CHUCK_07,"es normal tener esa inquietud, revisemos alternativas.",objecion,0,tibio
L01731,CHUCK_03,"perfecto, hablamos pronto. que tengas excelente dia.",despedida,0,frio
L01732,CHUCK_09,"si quieres, te envio una tabla comparativa clara.",comparacion,1,tibio
L01733,CHUCK_04,"bienvenido, estoy para ayudarte con toda la informacion.",saludo,0,frio
L01734,CHUCK_07,este producto incluye soporte y configuracion inicial.,consulta_producto,0,frio
L01735,CHUCK_05,"si, te puedo detallar precios y promociones vigentes.",consulta_precio,1,tibio
L01736,CHUCK_06,"el costo depende del paquete, te paso las opciones de precio.",consulta_precio,1,tibio
L01737,CHUCK_03,"claro, te comparto el precio actualizado del plan.",consulta_precio,1,tibio
L01738,CHUCK_10,"perfecto, te comparto el link de pago para cerrar la compra.",compra,0,caliente
L01739,CHUCK_03,"entiendo tu duda, te aclaro ese punto para que decidas con confianza.",objecion,0,frio
L01740,CHUCK_06,"excelente decision, te ayudo a completar tu compra ahora.",compra,1,caliente
L01741,CHUCK_08,"perfecto, te comparto el link de pago para cerrar la compra.",compra,0,caliente
L01742,CHUCK_04,retomo la conversacion para ayudarte con la decision.,seguimiento,0,tibio
L01743,CHUCK_04,"si, te puedo detallar precios y promociones vigentes.",consulta_precio,1,tibio
L01744,CHUCK_08,"excelente decision, te ayudo a completar tu compra ahora.",compra,1,caliente
L01745,CHUCK_02,"excelente decision, te ayudo a completar tu compra ahora.",compra,1,tibio
L01746,CHUCK_01,este producto incluye soporte y configuracion inicial.,consulta_producto,0,frio
L01747,CHUCK_07,te ayudo con soporte tecnico paso a paso.,soporte,1,frio
L01748,CHUCK_10,"tenemos stock disponible, puedo procesar tu compra en este momento.",compra,1,caliente
L01749,CHUCK_04,"es normal tener esa inquietud, revisemos alternativas.",objecion,0,frio
L01750,CHUCK_06,"entiendo tu duda, te aclaro ese punto para que decidas con confianza.",objecion,0,tibio
L01751,CHUCK_02,fue un gusto ayudarte. estoy disponible cuando lo necesites.,despedida,1,frio
L01752,CHUCK_08,"es normal tener esa inquietud, revisemos alternativas.",objecion,0,frio
L01753,CHUCK_05,"entiendo tu duda, te aclaro ese punto para que decidas con confianza.",objecion,0,frio
L01754,CHUCK_06,"perfecto, te comparto el link de pago para cerrar la compra.",compra,1,caliente
L01755,CHUCK_04,"claro, te comparto el precio actualizado del plan.",consulta_precio,1,tibio
L01756,CHUCK_03,"perfecto, te comparto el link de pago para cerrar la compra.",compra,1,caliente
L01757,CHUCK_06,"claro, te comparto el precio actualizado del plan.",consulta_precio,1,caliente
L01758,CHUCK_01,"si, te puedo detallar precios y promociones vigentes.",consulta_precio,1,caliente
L01759,CHUCK_10,"el costo depende del paquete, te paso las opciones de precio.",consulta_precio,1,caliente
L01760,CHUCK_01,este producto incluye soporte y configuracion inicial.,consulta_producto,0,tibio
L01761,CHUCK_08,"excelente decision, te ayudo a completar tu compra ahora.",compra,0,caliente
L01762,CHUCK_04,te explico las caracteristicas principales del producto.,consulta_producto,0,tibio
L01763,CHUCK_04,"excelente decision, te ayudo a completar tu compra ahora.",compra,0,caliente
L01764,CHUCK_05,"bienvenido, estoy para ayudarte con toda la informacion.",saludo,0,frio
L01765,CHUCK_10,este producto incluye soporte y configuracion inicial.,consulta_producto,0,tibio
L01766,CHUCK_06,te comparto los beneficios para tu caso de uso.,consulta_producto,0,frio
L01767,CHUCK_09,"el costo depende del paquete, te paso las opciones de precio.",consulta_precio,1,tibio
L01768,CHUCK_04,"es normal tener esa inquietud, revisemos alternativas.",objecion,0,tibio
L01769,CHUCK_05,"el costo depende del paquete, te paso las opciones de precio.",consulta_precio,1,caliente
L01770,CHUCK_02,"perfecto, te comparto el link de pago para cerrar la compra.",compra,0,caliente
L01771,CHUCK_04,"el costo depende del paquete, te paso las opciones de precio.",consulta_precio,1,caliente
L01772,CHUCK_03,"es normal tener esa inquietud, revisemos alternativas.",objecion,0,tibio
L01773,CHUCK_02,"claro, te comparto el precio actualizado del plan.",consulta_precio,1,caliente
L01774,CHUCK_04,quedo atento para continuar cuando te venga bien.,seguimiento,1,frio
L01775,CHUCK_04,te escribo para dar seguimiento a tu interes.,seguimiento,0,frio
L01776,CHUCK_07,podemos resolver esa objecion con una opcion mas flexible.,objecion,0,frio
L01777,CHUCK_08,te escribo para dar seguimiento a tu interes.,seguimiento,0,tibio
L01778,CHUCK_07,"es normal tener esa inquietud, revisemos alternativas.",objecion,0,frio
L01779,CHUCK_08,te comparto los beneficios para tu caso de uso.,consulta_producto,0,frio
L01780,CHUCK_10,"perfecto, te comparto el link de pago para cerrar la compra.",compra,1,caliente
L01781,CHUCK_10,"si, te puedo detallar precios y promociones vigentes.",consulta_precio,1,tibio
L01782,CHUCK_02,"si, te puedo detallar precios y promociones vigentes.",consulta_precio,1,tibio
L01783,CHUCK_08,"tenemos stock disponible, puedo procesar tu compra en este momento.",compra,0,caliente
L01784,CHUCK_01,"en relacion calidad-precio, esta opcion destaca por soporte y resultados.",comparacion,1,tibio
L01785,CHUCK_05,"en relacion calidad-precio, esta opcion destaca por soporte y resultados.",comparacion,0,tibio
L01786,CHUCK_06,podemos resolver esa objecion con una opcion mas flexible.,objecion,0,tibio
L01787,CHUCK_02,"si, te puedo detallar precios y promociones vigentes.",consulta_precio,1,caliente
L01788,CHUCK_07,"si quieres, te envio una tabla comparativa clara.",comparacion,1,caliente
L01789,CHUCK_04,"perfecto, te comparto el link de pago para cerrar la compra.",compra,0,caliente
L01790,CHUCK_02,vamos a revisar ese inconveniente para resolverlo rapido.,soporte,0,frio
L01791,CHUCK_09,"tengo disponibilidad para demo, te paso horarios.",agendar_demo,0,tibio
L01792,CHUCK_01,"en relacion calidad-precio, esta opcion destaca por soporte y resultados.",comparacion,1,caliente
L01793,CHUCK_03,"entiendo tu duda, te aclaro ese punto para que decidas con confianza.",objecion,0,tibio
L01794,CHUCK_04,podemos agendar una demo de 20 minutos esta semana.,agendar_demo,0,caliente
L01795,CHUCK_04,retomo la conversacion para ayudarte con la decision.,seguimiento,0,tibio
L01796,CHUCK_06,"perfecto, te comparto el link de pago para cerrar la compra.",compra,1,caliente
L01797,CHUCK_06,"si quieres, te envio una tabla comparativa clara.",comparacion,1,tibio
L01798,CHUCK_02,este producto incluye soporte y configuracion inicial.,consulta_producto,0,tibio
L01799,CHUCK_04,"perfecto, te comparto el link de pago para cerrar la compra.",compra,1,caliente
L01800,CHUCK_02,"hola, un gusto saludarte. en que te asesoro?",saludo,0,frio
L01801,CHUCK_03,te explico las caracteristicas principales del producto.,consulta_producto,0,tibio
L01802,CHUCK_01,"tenemos stock disponible, puedo procesar tu compra en este momento.",compra,0,caliente
L01803,CHUCK_07,"en relacion calidad-precio, esta opcion destaca por soporte y resultados.",comparacion,1,tibio
L01804,CHUCK_04,"gracias por tu tiempo, quedo atento a cualquier consulta.",despedida,0,frio
L01805,CHUCK_03,"es normal tener esa inquietud, revisemos alternativas.",objecion,0,tibio
L01806,CHUCK_05,vamos a revisar ese inconveniente para resolverlo rapido.,soporte,0,frio
L01807,CHUCK_07,"es normal tener esa inquietud, revisemos alternativas.",objecion,0,tibio
L01808,CHUCK_06,te comparto los beneficios para tu caso de uso.,consulta_producto,0,tibio
L01809,CHUCK_02,"entiendo tu duda, te aclaro ese punto para que decidas con confianza.",objecion,0,tibio
L01810,CHUCK_07,"si, te puedo detallar precios y promociones vigentes.",consulta_precio,1,caliente
L01811,CHUCK_09,"perfecto, hablamos pronto. que tengas excelente dia.",despedida,0,frio
L01812,CHUCK_06,este producto incluye soporte y configuracion inicial.,consulta_producto,0,frio
L01813,CHUCK_10,vamos a revisar ese inconveniente para resolverlo rapido.,soporte,0,frio
L01814,CHUCK_02,"si te parece, coordinamos una demostracion personalizada.",agendar_demo,0,tibio
L01815,CHUCK_07,te explico las caracteristicas principales del producto.,consulta_producto,0,tibio
L01816,CHUCK_01,te escribo para dar seguimiento a tu interes.,seguimiento,0,tibio
L01817,CHUCK_09,"excelente decision, te ayudo a completar tu compra ahora.",compra,0,caliente
L01818,CHUCK_09,te explico las caracteristicas principales del producto.,consulta_producto,0,tibio
L01819,CHUCK_06,te escribo para dar seguimiento a tu interes.,seguimiento,0,frio
L01820,CHUCK_04,te comparto los beneficios para tu caso de uso.,consulta_producto,0,tibio
L01821,CHUCK_02,"el costo depende del paquete, te paso las opciones de precio.",consulta_precio,1,tibio
L01822,CHUCK_10,te comparo este plan frente a otras alternativas del mercado.,comparacion,0,tibio
L01823,CHUCK_01,"gracias por tu tiempo, quedo atento a cualquier consulta.",despedida,0,frio
L01824,CHUCK_09,te escribo para dar seguimiento a tu interes.,seguimiento,0,tibio
L01825,CHUCK_07,te comparo este plan frente a otras alternativas del mercado.,comparacion,1,tibio
L01826,CHUCK_09,este producto incluye soporte y configuracion inicial.,consulta_producto,0,tibio
L01827,CHUCK_03,"perfecto, hablamos pronto. que tengas excelente dia.",despedida,0,frio
L01828,CHUCK_08,"claro, te comparto el precio actualizado del plan.",consulta_precio,1,tibio
L01829,CHUCK_08,podemos agendar una demo de 20 minutos esta semana.,agendar_demo,0,caliente
L01830,CHUCK_04,"si, te puedo detallar precios y promociones vigentes.",consulta_precio,1,tibio
L01831,CHUCK_01,"tenemos stock disponible, puedo procesar tu compra en este momento.",compra,1,tibio
L01832,CHUCK_07,quedo atento para continuar cuando te venga bien.,seguimiento,0,frio
L01833,CHUCK_06,"si quieres, te envio una tabla comparativa clara.",comparacion,1,caliente
L01834,CHUCK_03,"es normal tener esa inquietud, revisemos alternativas.",objecion,0,tibio
L01835,CHUCK_02,"bienvenido, estoy para ayudarte con toda la informacion.",saludo,0,frio
L01836,CHUCK_04,"perfecto, te comparto el link de pago para cerrar la compra.",compra,0,caliente
L01837,CHUCK_06,"tenemos stock disponible, puedo procesar tu compra en este momento.",compra,1,caliente
L01838,CHUCK_10,"perfecto, te comparto el link de pago para cerrar la compra.",compra,0,tibio
L01839,CHUCK_05,podemos resolver esa objecion con una opcion mas flexible.,objecion,0,tibio
L01840,CHUCK_06,"entiendo tu duda, te aclaro ese punto para que decidas con confianza.",objecion,0,tibio
L01841,CHUCK_03,"hola, gracias por contactarnos. como puedo ayudarte hoy?",saludo,0,frio
L01842,CHUCK_04,"el costo depende del paquete, te paso las opciones de precio.",consulta_precio,1,caliente
L01843,CHUCK_10,"hola, gracias por contactarnos. como puedo ayudarte hoy?",saludo,0,frio
L01844,CHUCK_08,podemos agendar una demo de 20 minutos esta semana.,agendar_demo,0,tibio
L01845,CHUCK_05,"el costo depende del paquete, te paso las opciones de precio.",consulta_precio,1,caliente
L01846,CHUCK_02,te escribo para dar seguimiento a tu interes.,seguimiento,0,frio
L01847,CHUCK_10,"si, te puedo detallar precios y promociones vigentes.",consulta_precio,1,caliente
L01848,CHUCK_09,te comparto los beneficios para tu caso de uso.,consulta_producto,0,tibio
L01849,CHUCK_03,"en relacion calidad-precio, esta opcion destaca por soporte y resultados.",comparacion,0,caliente
L01850,CHUCK_10,"es normal tener esa inquietud, revisemos alternativas.",objecion,0,frio
L01851,CHUCK_10,podemos resolver esa objecion con una opcion mas flexible.,objecion,0,frio
L01852,CHUCK_03,"en relacion calidad-precio, esta opcion destaca por soporte y resultados.",comparacion,1,tibio
L01853,CHUCK_08,este producto incluye soporte y configuracion inicial.,consulta_producto,0,tibio
L01854,CHUCK_10,este producto incluye soporte y configuracion inicial.,consulta_producto,0,tibio
L01855,CHUCK_07,"perfecto, te comparto el link de pago para cerrar la compra.",compra,1,caliente
L01856,CHUCK_07,"si te parece, coordinamos una demostracion personalizada.",agendar_demo,0,tibio
L01857,CHUCK_07,"entiendo tu duda, te aclaro ese punto para que decidas con confianza.",objecion,0,tibio
L01858,CHUCK_07,retomo la conversacion para ayudarte con la decision.,seguimiento,0,tibio
L01859,CHUCK_04,"perfecto, te comparto el link de pago para cerrar la compra.",compra,1,caliente
L01860,CHUCK_04,vamos a revisar ese inconveniente para resolverlo rapido.,soporte,0,frio
L01861,CHUCK_02,podemos resolver esa objecion con una opcion mas flexible.,objecion,0,tibio
L01862,CHUCK_07,"si, te puedo detallar precios y promociones vigentes.",consulta_precio,1,caliente
L01863,CHUCK_01,"gracias por tu tiempo, quedo atento a cualquier consulta.",despedida,0,frio
L01864,CHUCK_02,"tenemos stock disponible, puedo procesar tu compra en este momento.",compra,1,caliente
L01865,CHUCK_04,este producto incluye soporte y configuracion inicial.,consulta_producto,0,tibio
L01866,CHUCK_08,te comparto los beneficios para tu caso de uso.,consulta_producto,0,frio
L01867,CHUCK_01,"si, te puedo detallar precios y promociones vigentes.",consulta_precio,1,tibio
L01868,CHUCK_09,te comparo este plan frente a otras alternativas del mercado.,comparacion,1,tibio
L01869,CHUCK_01,"perfecto, te comparto el link de pago para cerrar la compra.",compra,1,caliente
L01870,CHUCK_01,podemos agendar una demo de 20 minutos esta semana.,agendar_demo,0,tibio
L01871,CHUCK_06,"tenemos stock disponible, puedo procesar tu compra en este momento.",compra,0,caliente
L01872,CHUCK_03,este producto incluye soporte y configuracion inicial.,consulta_producto,0,tibio
L01873,CHUCK_05,"claro, te comparto el precio actualizado del plan.",consulta_precio,1,tibio
L01874,CHUCK_03,te comparto los beneficios para tu caso de uso.,consulta_producto,0,tibio
L01875,CHUCK_03,"en relacion calidad-precio, esta opcion destaca por soporte y resultados.",comparacion,0,tibio
L01876,CHUCK_03,fue un gusto ayudarte. estoy disponible cuando lo necesites.,despedida,0,frio
L01877,CHUCK_05,te comparo este plan frente a otras alternativas del mercado.,comparacion,1,tibio
L01878,CHUCK_03,"tengo disponibilidad para demo, te paso horarios.",agendar_demo,1,caliente
L01879,CHUCK_05,"tenemos stock disponible, puedo procesar tu compra en este momento.",compra,1,caliente
L01880,CHUCK_08,podemos resolver esa objecion con una opcion mas flexible.,objecion,0,frio
L01881,CHUCK_06,"tenemos stock disponible, puedo procesar tu compra en este momento.",compra,0,caliente
L01882,CHUCK_04,"tenemos stock disponible, puedo procesar tu compra en este momento.",compra,1,caliente
L01883,CHUCK_10,te comparo este plan frente a otras alternativas del mercado.,comparacion,1,tibio
L01884,CHUCK_10,"en relacion calidad-precio, esta opcion destaca por soporte y resultados.",comparacion,1,tibio
L01885,CHUCK_07,"gracias por tu tiempo, quedo atento a cualquier consulta.",despedida,0,frio
L01886,CHUCK_01,"entiendo tu duda, te aclaro ese punto para que decidas con confianza.",objecion,1,frio
L01887,CHUCK_08,te explico las caracteristicas principales del producto.,consulta_producto,0,frio
L01888,CHUCK_07,te comparo este plan frente a otras alternativas del mercado.,comparacion,1,tibio
L01889,CHUCK_02,"en relacion calidad-precio, esta opcion destaca por soporte y resultados.",comparacion,1,tibio
L01890,CHUCK_03,fue un gusto ayudarte. estoy disponible cuando lo necesites.,despedida,0,frio
L01891,CHUCK_01,"claro, te comparto el precio actualizado del plan.",consulta_precio,1,tibio
L01892,CHUCK_04,"perfecto, hablamos pronto. que tengas excelente dia.",despedida,1,frio
L01893,CHUCK_04,"hola, gracias por contactarnos. como puedo ayudarte hoy?",saludo,0,frio
L01894,CHUCK_04,te escribo para dar seguimiento a tu interes.,seguimiento,0,frio
L01895,CHUCK_02,"hola, un gusto saludarte. en que te asesoro?",saludo,0,frio
L01896,CHUCK_05,"gracias por tu tiempo, quedo atento a cualquier consulta.",despedida,0,frio
L01897,CHUCK_08,"tenemos stock disponible, puedo procesar tu compra en este momento.",compra,1,caliente
L01898,CHUCK_04,"claro, te comparto el precio actualizado del plan.",consulta_precio,1,tibio
L01899,CHUCK_09,"tenemos stock disponible, puedo procesar tu compra en este momento.",compra,0,caliente
L01900,CHUCK_01,vamos a revisar ese inconveniente para resolverlo rapido.,soporte,0,frio
L01901,CHUCK_05,"tenemos stock disponible, puedo procesar tu compra en este momento.",compra,1,tibio
L01902,CHUCK_10,"en relacion calidad-precio, esta opcion destaca por soporte y resultados.",comparacion,1,tibio
L01903,CHUCK_07,podemos resolver esa objecion con una opcion mas flexible.,objecion,0,tibio
L01904,CHUCK_04,vamos a revisar ese inconveniente para resolverlo rapido.,soporte,0,frio
L01905,CHUCK_03,te escribo para dar seguimiento a tu interes.,seguimiento,0,tibio
L01906,CHUCK_07,"si te parece, coordinamos una demostracion personalizada.",agendar_demo,0,tibio
L01907,CHUCK_04,"perfecto, te comparto el link de pago para cerrar la compra.",compra,1,caliente
L01908,CHUCK_02,te explico las caracteristicas principales del producto.,consulta_producto,0,frio
L01909,CHUCK_04,"si, te puedo detallar precios y promociones vigentes.",consulta_precio,1,caliente
L01910,CHUCK_09,este producto incluye soporte y configuracion inicial.,consulta_producto,0,tibio
L01911,CHUCK_05,"tenemos stock disponible, puedo procesar tu compra en este momento.",compra,0,tibio
L01912,CHUCK_10,podemos resolver esa objecion con una opcion mas flexible.,objecion,0,frio
L01913,CHUCK_10,"tengo disponibilidad para demo, te paso horarios.",agendar_demo,0,caliente
L01914,CHUCK_10,este producto incluye soporte y configuracion inicial.,consulta_producto,1,tibio
L01915,CHUCK_02,"excelente decision, te ayudo a completar tu compra ahora.",compra,0,caliente
L01916,CHUCK_09,te escribo para dar seguimiento a tu interes.,seguimiento,0,tibio
L01917,CHUCK_06,te explico las caracteristicas principales del producto.,consulta_producto,0,tibio
L01918,CHUCK_10,te escribo para dar seguimiento a tu interes.,seguimiento,0,tibio
L01919,CHUCK_09,podemos resolver esa objecion con una opcion mas flexible.,objecion,0,tibio
L01920,CHUCK_05,este producto incluye soporte y configuracion inicial.,consulta_producto,0,tibio
L01921,CHUCK_01,"tenemos stock disponible, puedo procesar tu compra en este momento.",compra,1,caliente
L01922,CHUCK_09,"si, te puedo detallar precios y promociones vigentes.",consulta_precio,1,tibio
L01923,CHUCK_01,te comparto los beneficios para tu caso de uso.,consulta_producto,0,frio
L01924,CHUCK_06,"si, te puedo detallar precios y promociones vigentes.",consulta_precio,1,tibio
L01925,CHUCK_03,retomo la conversacion para ayudarte con la decision.,seguimiento,0,tibio
L01926,CHUCK_05,te explico las caracteristicas principales del producto.,consulta_producto,0,frio
L01927,CHUCK_10,"tengo disponibilidad para demo, te paso horarios.",agendar_demo,0,tibio
L01928,CHUCK_09,este producto incluye soporte y configuracion inicial.,consulta_producto,0,frio
L01929,CHUCK_06,"en relacion calidad-precio, esta opcion destaca por soporte y resultados.",comparacion,0,tibio
L01930,CHUCK_07,vamos a revisar ese inconveniente para resolverlo rapido.,soporte,0,frio
L01931,CHUCK_05,quedo atento para continuar cuando te venga bien.,seguimiento,0,tibio
L01932,CHUCK_03,"hola, gracias por contactarnos. como puedo ayudarte hoy?",saludo,0,frio
L01933,CHUCK_06,te explico las caracteristicas principales del producto.,consulta_producto,0,tibio
L01934,CHUCK_02,"perfecto, te comparto el link de pago para cerrar la compra.",compra,1,tibio
L01935,CHUCK_01,"excelente decision, te ayudo a completar tu compra ahora.",compra,1,caliente
L01936,CHUCK_07,"claro, te comparto el precio actualizado del plan.",consulta_precio,1,tibio
L01937,CHUCK_02,"perfecto, te comparto el link de pago para cerrar la compra.",compra,1,caliente
L01938,CHUCK_03,"si, te puedo detallar precios y promociones vigentes.",consulta_precio,1,tibio
L01939,CHUCK_06,te comparo este plan frente a otras alternativas del mercado.,comparacion,1,tibio
L01940,CHUCK_07,retomo la conversacion para ayudarte con la decision.,seguimiento,0,frio
L01941,CHUCK_03,"el costo depende del paquete, te paso las opciones de precio.",consulta_precio,1,caliente
L01942,CHUCK_09,"excelente decision, te ayudo a completar tu compra ahora.",compra,0,caliente
L01943,CHUCK_06,te comparo este plan frente a otras alternativas del mercado.,comparacion,1,tibio
L01944,CHUCK_05,"el costo depende del paquete, te paso las opciones de precio.",consulta_precio,1,caliente
L01945,CHUCK_07,"hola, un gusto saludarte. en que te asesoro?",saludo,1,frio
L01946,CHUCK_05,"perfecto, te comparto el link de pago para cerrar la compra.",compra,1,caliente
L01947,CHUCK_01,quedo atento para continuar cuando te venga bien.,seguimiento,0,tibio
L01948,CHUCK_03,te ayudo con soporte tecnico paso a paso.,soporte,0,frio
L01949,CHUCK_09,"el costo depende del paquete, te paso las opciones de precio.",consulta_precio,1,tibio
L01950,CHUCK_04,"perfecto, te comparto el link de pago para cerrar la compra.",compra,0,caliente
L01951,CHUCK_07,"el costo depende del paquete, te paso las opciones de precio.",consulta_precio,1,caliente
L01952,CHUCK_10,"si quieres, te envio una tabla comparativa clara.",comparacion,1,tibio
L01953,CHUCK_03,te explico las caracteristicas principales del producto.,consulta_producto,0,tibio
L01954,CHUCK_03,"entiendo tu duda, te aclaro ese punto para que decidas con confianza.",objecion,0,tibio
L01955,CHUCK_01,"claro, te comparto el precio actualizado del plan.",consulta_precio,1,tibio
L01956,CHUCK_07,"excelente decision, te ayudo a completar tu compra ahora.",compra,1,tibio
L01957,CHUCK_09,te comparto los beneficios para tu caso de uso.,consulta_producto,0,frio
L01958,CHUCK_05,vamos a revisar ese inconveniente para resolverlo rapido.,soporte,0,frio
L01959,CHUCK_10,podemos agendar una demo de 20 minutos esta semana.,agendar_demo,0,tibio
L01960,CHUCK_04,"excelente decision, te ayudo a completar tu compra ahora.",compra,0,caliente
L01961,CHUCK_03,vamos a revisar ese inconveniente para resolverlo rapido.,soporte,0,frio
L01962,CHUCK_10,te ayudo con soporte tecnico paso a paso.,soporte,0,frio
L01963,CHUCK_01,"excelente decision, te ayudo a completar tu compra ahora.",compra,1,caliente
L01964,CHUCK_02,"perfecto, te comparto el link de pago para cerrar la compra.",compra,1,tibio
L01965,CHUCK_05,"si, te puedo detallar precios y promociones vigentes.",consulta_precio,1,tibio
L01966,CHUCK_03,"hola, gracias por contactarnos. como puedo ayudarte hoy?",saludo,0,frio
L01967,CHUCK_03,quedo atento para continuar cuando te venga bien.,seguimiento,0,tibio
L01968,CHUCK_04,"tenemos stock disponible, puedo procesar tu compra en este momento.",compra,0,caliente
L01969,CHUCK_02,te escribo para dar seguimiento a tu interes.,seguimiento,0,tibio
L01970,CHUCK_02,"perfecto, te comparto el link de pago para cerrar la compra.",compra,0,caliente
L01971,CHUCK_03,"excelente decision, te ayudo a completar tu compra ahora.",compra,1,caliente
L01972,CHUCK_09,te explico las caracteristicas principales del producto.,consulta_producto,0,tibio
L01973,CHUCK_02,te explico las caracteristicas principales del producto.,consulta_producto,0,tibio
L01974,CHUCK_03,puedo guiarte para solucionar el problema ahora mismo.,soporte,0,frio
L01975,CHUCK_08,"es normal tener esa inquietud, revisemos alternativas.",objecion,0,tibio
L01976,CHUCK_09,"gracias por tu tiempo, quedo atento a cualquier consulta.",despedida,0,frio
L01977,CHUCK_08,"gracias por tu tiempo, quedo atento a cualquier consulta.",despedida,0,frio
L01978,CHUCK_10,"si, te puedo detallar precios y promociones vigentes.",consulta_precio,1,caliente
L01979,CHUCK_02,"entiendo tu duda, te aclaro ese punto para que decidas con confianza.",objecion,0,tibio
L01980,CHUCK_06,este producto incluye soporte y configuracion inicial.,consulta_producto,0,frio
L01981,CHUCK_07,te explico las caracteristicas principales del producto.,consulta_producto,0,frio
L01982,CHUCK_04,"si te parece, coordinamos una demostracion personalizada.",agendar_demo,0,tibio
L01983,CHUCK_01,"perfecto, hablamos pronto. que tengas excelente dia.",despedida,1,frio
L01984,CHUCK_03,te explico las caracteristicas principales del producto.,consulta_producto,0,tibio
L01985,CHUCK_05,te comparo este plan frente a otras alternativas del mercado.,comparacion,1,tibio
L01986,CHUCK_10,este producto incluye soporte y configuracion inicial.,consulta_producto,0,tibio
L01987,CHUCK_07,podemos resolver esa objecion con una opcion mas flexible.,objecion,0,tibio
L01988,CHUCK_03,te comparto los beneficios para tu caso de uso.,consulta_producto,0,tibio
L01989,CHUCK_08,"si quieres, te envio una tabla comparativa clara.",comparacion,1,caliente
L01990,CHUCK_06,"en relacion calidad-precio, esta opcion destaca por soporte y resultados.",comparacion,1,tibio
L01991,CHUCK_08,podemos agendar una demo de 20 minutos esta semana.,agendar_demo,0,caliente
L01992,CHUCK_01,"el costo depende del paquete, te paso las opciones de precio.",consulta_precio,1,tibio
L01993,CHUCK_01,"gracias por tu tiempo, quedo atento a cualquier consulta.",despedida,0,frio
L01994,CHUCK_05,te escribo para dar seguimiento a tu interes.,seguimiento,0,tibio
L01995,CHUCK_03,"claro, te comparto el precio actualizado del plan.",consulta_precio,1,caliente
L01996,CHUCK_07,este producto incluye soporte y configuracion inicial.,consulta_producto,1,tibio
L01997,CHUCK_09,podemos resolver esa objecion con una opcion mas flexible.,objecion,0,tibio
L01998,CHUCK_02,retomo la conversacion para ayudarte con la decision.,seguimiento,0,frio
L01999,CHUCK_05,te explico las caracteristicas principales del producto.,consulta_producto,0,frio
L02000,CHUCK_08,"excelente decision, te ayudo a completar tu compra ahora.",compra,0,tibio
L02001,CHUCK_03,"perfecto, te comparto el link de pago para cerrar la compra.",compra,0,caliente
L02002,CHUCK_01,"si, te puedo detallar precios y promociones vigentes.",consulta_precio,1,caliente
L02003,CHUCK_07,vamos a revisar ese inconveniente para resolverlo rapido.,soporte,0,frio
L02004,CHUCK_04,"excelente decision, te ayudo a completar tu compra ahora.",compra,1,tibio
L02005,CHUCK_04,"perfecto, te comparto el link de pago para cerrar la compra.",compra,1,caliente
L02006,CHUCK_02,te explico las caracteristicas principales del producto.,consulta_producto,0,frio
L02007,CHUCK_03,este producto incluye soporte y configuracion inicial.,consulta_producto,0,tibio
L02008,CHUCK_02,"perfecto, hablamos pronto. que tengas excelente dia.",despedida,0,frio
L02009,CHUCK_10,"excelente decision, te ayudo a completar tu compra ahora.",compra,0,tibio
L02010,CHUCK_09,"claro, te comparto el precio actualizado del plan.",consulta_precio,1,caliente
L02011,CHUCK_05,este producto incluye soporte y configuracion inicial.,consulta_producto,0,tibio
L02012,CHUCK_08,te explico las caracteristicas principales del producto.,consulta_producto,0,tibio
L02013,CHUCK_05,podemos resolver esa objecion con una opcion mas flexible.,objecion,1,tibio
L02014,CHUCK_09,"excelente decision, te ayudo a completar tu compra ahora.",compra,1,tibio
L02015,CHUCK_08,"tenemos stock disponible, puedo procesar tu compra en este momento.",compra,0,caliente
L02016,CHUCK_05,"hola, gracias por contactarnos. como puedo ayudarte hoy?",saludo,1,frio
L02017,CHUCK_08,"hola, un gusto saludarte. en que te asesoro?",saludo,0,frio
L02018,CHUCK_07,"perfecto, te comparto el link de pago para cerrar la compra.",compra,1,tibio
L02019,CHUCK_01,"claro, te comparto el precio actualizado del plan.",consulta_precio,1,tibio
L02020,CHUCK_03,"si, te puedo detallar precios y promociones vigentes.",consulta_precio,1,caliente
L02021,CHUCK_07,te ayudo con soporte tecnico paso a paso.,soporte,0,frio
L02022,CHUCK_02,"tenemos stock disponible, puedo procesar tu compra en este momento.",compra,1,caliente
L02023,CHUCK_09,"gracias por tu tiempo, quedo atento a cualquier consulta.",despedida,0,frio
L02024,CHUCK_09,te comparto los beneficios para tu caso de uso.,consulta_producto,0,frio
L02025,CHUCK_07,te comparo este plan frente a otras alternativas del mercado.,comparacion,0,caliente
L02026,CHUCK_02,"es normal tener esa inquietud, revisemos alternativas.",objecion,0,frio
L02027,CHUCK_08,te explico las caracteristicas principales del producto.,consulta_producto,0,tibio
L02028,CHUCK_06,"excelente decision, te ayudo a completar tu compra ahora.",compra,0,caliente
L02029,CHUCK_08,podemos resolver esa objecion con una opcion mas flexible.,objecion,0,tibio
L02030,CHUCK_07,quedo atento para continuar cuando te venga bien.,seguimiento,1,tibio
L02031,CHUCK_08,te escribo para dar seguimiento a tu interes.,seguimiento,0,frio
L02032,CHUCK_09,quedo atento para continuar cuando te venga bien.,seguimiento,0,tibio
L02033,CHUCK_07,"si te parece, coordinamos una demostracion personalizada.",agendar_demo,0,caliente
L02034,CHUCK_07,te escribo para dar seguimiento a tu interes.,seguimiento,0,tibio
L02035,CHUCK_07,"tengo disponibilidad para demo, te paso horarios.",agendar_demo,0,caliente
L02036,CHUCK_07,"excelente decision, te ayudo a completar tu compra ahora.",compra,0,caliente
L02037,CHUCK_02,te comparto los beneficios para tu caso de uso.,consulta_producto,0,frio
L02038,CHUCK_05,te ayudo con soporte tecnico paso a paso.,soporte,0,frio
L02039,CHUCK_02,podemos resolver esa objecion con una opcion mas flexible.,objecion,0,tibio
L02040,CHUCK_08,retomo la conversacion para ayudarte con la decision.,seguimiento,0,frio
L02041,CHUCK_06,quedo atento para continuar cuando te venga bien.,seguimiento,0,tibio
L02042,CHUCK_10,"entiendo tu duda, te aclaro ese punto para que decidas con confianza.",objecion,1,tibio
L02043,CHUCK_08,este producto incluye soporte y configuracion inicial.,consulta_producto,0,tibio
L02044,CHUCK_04,"si quieres, te envio una tabla comparativa clara.",comparacion,1,tibio
L02045,CHUCK_03,"tenemos stock disponible, puedo procesar tu compra en este momento.",compra,0,caliente
L02046,CHUCK_05,te explico las caracteristicas principales del producto.,consulta_producto,0,frio
L02047,CHUCK_06,te ayudo con soporte tecnico paso a paso.,soporte,0,frio
L02048,CHUCK_04,"perfecto, hablamos pronto. que tengas excelente dia.",despedida,1,frio
L02049,CHUCK_01,te explico las caracteristicas principales del producto.,consulta_producto,0,tibio
L02050,CHUCK_04,"excelente decision, te ayudo a completar tu compra ahora.",compra,1,caliente
L02051,CHUCK_01,fue un gusto ayudarte. estoy disponible cuando lo necesites.,despedida,0,frio
L02052,CHUCK_04,"perfecto, te comparto el link de pago para cerrar la compra.",compra,0,tibio
L02053,CHUCK_10,podemos agendar una demo de 20 minutos esta semana.,agendar_demo,0,caliente
L02054,CHUCK_06,te explico las caracteristicas principales del producto.,consulta_producto,0,frio
L02055,CHUCK_06,"en relacion calidad-precio, esta opcion destaca por soporte y resultados.",comparacion,1,caliente
L02056,CHUCK_06,este producto incluye soporte y configuracion inicial.,consulta_producto,0,tibio
L02057,CHUCK_01,"gracias por tu tiempo, quedo atento a cualquier consulta.",despedida,1,frio
L02058,CHUCK_04,te explico las caracteristicas principales del producto.,consulta_producto,0,tibio
L02059,CHUCK_07,"excelente decision, te ayudo a completar tu compra ahora.",compra,0,caliente
L02060,CHUCK_07,podemos agendar una demo de 20 minutos esta semana.,agendar_demo,0,caliente
L02061,CHUCK_05,te explico las caracteristicas principales del producto.,consulta_producto,0,tibio
L02062,CHUCK_10,podemos agendar una demo de 20 minutos esta semana.,agendar_demo,0,tibio
L02063,CHUCK_09,"tenemos stock disponible, puedo procesar tu compra en este momento.",compra,1,tibio
L02064,CHUCK_01,"perfecto, hablamos pronto. que tengas excelente dia.",despedida,1,frio
L02065,CHUCK_10,"claro, te comparto el precio actualizado del plan.",consulta_precio,1,tibio
L02066,CHUCK_04,"tengo disponibilidad para demo, te paso horarios.",agendar_demo,0,tibio
L02067,CHUCK_01,"perfecto, te comparto el link de pago para cerrar la compra.",compra,0,caliente
L02068,CHUCK_03,te comparto los beneficios para tu caso de uso.,consulta_producto,0,frio
L02069,CHUCK_10,te explico las caracteristicas principales del producto.,consulta_producto,0,tibio
L02070,CHUCK_08,te comparto los beneficios para tu caso de uso.,consulta_producto,0,frio
L02071,CHUCK_10,"excelente decision, te ayudo a completar tu compra ahora.",compra,1,caliente
L02072,CHUCK_03,"perfecto, hablamos pronto. que tengas excelente dia.",despedida,0,frio
L02073,CHUCK_05,"excelente decision, te ayudo a completar tu compra ahora.",compra,0,tibio
L02074,CHUCK_06,te comparto los beneficios para tu caso de uso.,consulta_producto,0,tibio
L02075,CHUCK_10,podemos agendar una demo de 20 minutos esta semana.,agendar_demo,0,tibio
L02076,CHUCK_07,puedo guiarte para solucionar el problema ahora mismo.,soporte,0,frio
L02077,CHUCK_06,"perfecto, te comparto el link de pago para cerrar la compra.",compra,1,caliente
L02078,CHUCK_04,te explico las caracteristicas principales del producto.,consulta_producto,0,tibio
L02079,CHUCK_10,"hola, un gusto saludarte. en que te asesoro?",saludo,0,frio
L02080,CHUCK_06,te comparo este plan frente a otras alternativas del mercado.,comparacion,1,caliente
L02081,CHUCK_05,"tenemos stock disponible, puedo procesar tu compra en este momento.",compra,1,caliente
L02082,CHUCK_02,te ayudo con soporte tecnico paso a paso.,soporte,0,frio
L02083,CHUCK_08,"excelente decision, te ayudo a completar tu compra ahora.",compra,1,caliente
L02084,CHUCK_03,"en relacion calidad-precio, esta opcion destaca por soporte y resultados.",comparacion,0,caliente
L02085,CHUCK_07,"si te parece, coordinamos una demostracion personalizada.",agendar_demo,0,tibio
L02086,CHUCK_09,te comparo este plan frente a otras alternativas del mercado.,comparacion,1,caliente
L02087,CHUCK_01,te explico las caracteristicas principales del producto.,consulta_producto,0,frio
L02088,CHUCK_01,"perfecto, hablamos pronto. que tengas excelente dia.",despedida,1,frio
L02089,CHUCK_02,"el costo depende del paquete, te paso las opciones de precio.",consulta_precio,1,caliente
L02090,CHUCK_10,"tenemos stock disponible, puedo procesar tu compra en este momento.",compra,0,caliente
L02091,CHUCK_04,"en relacion calidad-precio, esta opcion destaca por soporte y resultados.",comparacion,1,caliente
L02092,CHUCK_03,podemos agendar una demo de 20 minutos esta semana.,agendar_demo,0,caliente
L02093,CHUCK_06,"si, te puedo detallar precios y promociones vigentes.",consulta_precio,1,caliente
L02094,CHUCK_02,te explico las caracteristicas principales del producto.,consulta_producto,0,tibio
L02095,CHUCK_02,retomo la conversacion para ayudarte con la decision.,seguimiento,0,frio
L02096,CHUCK_03,"el costo depende del paquete, te paso las opciones de precio.",consulta_precio,1,tibio
L02097,CHUCK_07,"entiendo tu duda, te aclaro ese punto para que decidas con confianza.",objecion,0,tibio
L02098,CHUCK_09,"si quieres, te envio una tabla comparativa clara.",comparacion,1,tibio
L02099,CHUCK_02,te ayudo con soporte tecnico paso a paso.,soporte,0,frio
L02100,CHUCK_09,te explico las caracteristicas principales del producto.,consulta_producto,0,frio
L02101,CHUCK_02,"excelente decision, te ayudo a completar tu compra ahora.",compra,0,caliente
L02102,CHUCK_02,podemos resolver esa objecion con una opcion mas flexible.,objecion,0,tibio
L02103,CHUCK_02,"es normal tener esa inquietud, revisemos alternativas.",objecion,0,tibio
L02104,CHUCK_04,"es normal tener esa inquietud, revisemos alternativas.",objecion,0,tibio
L02105,CHUCK_09,"hola, gracias por contactarnos. como puedo ayudarte hoy?",saludo,0,frio
L02106,CHUCK_08,"en relacion calidad-precio, esta opcion destaca por soporte y resultados.",comparacion,1,tibio
L02107,CHUCK_02,te comparto los beneficios para tu caso de uso.,consulta_producto,0,tibio
L02108,CHUCK_02,vamos a revisar ese inconveniente para resolverlo rapido.,soporte,0,frio
L02109,CHUCK_09,te comparto los beneficios para tu caso de uso.,consulta_producto,0,tibio
L02110,CHUCK_03,este producto incluye soporte y configuracion inicial.,consulta_producto,0,tibio
L02111,CHUCK_10,retomo la conversacion para ayudarte con la decision.,seguimiento,0,tibio
L02112,CHUCK_07,este producto incluye soporte y configuracion inicial.,consulta_producto,0,tibio
L02113,CHUCK_06,"en relacion calidad-precio, esta opcion destaca por soporte y resultados.",comparacion,1,tibio
L02114,CHUCK_07,"si, te puedo detallar precios y promociones vigentes.",consulta_precio,1,tibio
L02115,CHUCK_08,"el costo depende del paquete, te paso las opciones de precio.",consulta_precio,1,tibio
L02116,CHUCK_10,"gracias por tu tiempo, quedo atento a cualquier consulta.",despedida,0,frio
L02117,CHUCK_07,"si te parece, coordinamos una demostracion personalizada.",agendar_demo,1,tibio
L02118,CHUCK_09,puedo guiarte para solucionar el problema ahora mismo.,soporte,0,frio
L02119,CHUCK_07,"tenemos stock disponible, puedo procesar tu compra en este momento.",compra,0,caliente
L02120,CHUCK_10,"claro, te comparto el precio actualizado del plan.",consulta_precio,1,caliente
L02121,CHUCK_04,"si te parece, coordinamos una demostracion personalizada.",agendar_demo,0,tibio
L02122,CHUCK_08,te comparto los beneficios para tu caso de uso.,consulta_producto,0,frio
L02123,CHUCK_09,este producto incluye soporte y configuracion inicial.,consulta_producto,0,frio
L02124,CHUCK_04,este producto incluye soporte y configuracion inicial.,consulta_producto,0,frio
L02125,CHUCK_09,podemos resolver esa objecion con una opcion mas flexible.,objecion,0,tibio
L02126,CHUCK_07,"claro, te comparto el precio actualizado del plan.",consulta_precio,1,tibio
L02127,CHUCK_03,"hola, un gusto saludarte. en que te asesoro?",saludo,0,frio
L02128,CHUCK_09,retomo la conversacion para ayudarte con la decision.,seguimiento,1,tibio
L02129,CHUCK_07,"es normal tener esa inquietud, revisemos alternativas.",objecion,0,tibio
L02130,CHUCK_04,"excelente decision, te ayudo a completar tu compra ahora.",compra,1,tibio
L02131,CHUCK_04,"perfecto, hablamos pronto. que tengas excelente dia.",despedida,0,frio
L02132,CHUCK_07,"tenemos stock disponible, puedo procesar tu compra en este momento.",compra,0,caliente
L02133,CHUCK_08,podemos resolver esa objecion con una opcion mas flexible.,objecion,0,tibio
L02134,CHUCK_04,quedo atento para continuar cuando te venga bien.,seguimiento,0,tibio
L02135,CHUCK_06,"entiendo tu duda, te aclaro ese punto para que decidas con confianza.",objecion,0,tibio
L02136,CHUCK_05,vamos a revisar ese inconveniente para resolverlo rapido.,soporte,0,frio
L02137,CHUCK_07,podemos resolver esa objecion con una opcion mas flexible.,objecion,1,tibio
L02138,CHUCK_05,te ayudo con soporte tecnico paso a paso.,soporte,0,frio
L02139,CHUCK_03,este producto incluye soporte y configuracion inicial.,consulta_producto,0,frio
L02140,CHUCK_07,te explico las caracteristicas principales del producto.,consulta_producto,0,tibio
L02141,CHUCK_09,"tenemos stock disponible, puedo procesar tu compra en este momento.",compra,0,caliente
L02142,CHUCK_08,este producto incluye soporte y configuracion inicial.,consulta_producto,0,tibio
L02143,CHUCK_05,"perfecto, te comparto el link de pago para cerrar la compra.",compra,1,tibio
L02144,CHUCK_03,retomo la conversacion para ayudarte con la decision.,seguimiento,1,frio
L02145,CHUCK_03,"el costo depende del paquete, te paso las opciones de precio.",consulta_precio,1,caliente
L02146,CHUCK_09,retomo la conversacion para ayudarte con la decision.,seguimiento,0,tibio
L02147,CHUCK_02,te comparto los beneficios para tu caso de uso.,consulta_producto,0,frio
L02148,CHUCK_04,este producto incluye soporte y configuracion inicial.,consulta_producto,0,tibio
L02149,CHUCK_05,"es normal tener esa inquietud, revisemos alternativas.",objecion,0,tibio
L02150,CHUCK_10,te escribo para dar seguimiento a tu interes.,seguimiento,0,frio
L02151,CHUCK_10,quedo atento para continuar cuando te venga bien.,seguimiento,0,tibio
L02152,CHUCK_07,podemos resolver esa objecion con una opcion mas flexible.,objecion,0,frio
L02153,CHUCK_06,"en relacion calidad-precio, esta opcion destaca por soporte y resultados.",comparacion,0,caliente
L02154,CHUCK_02,"si quieres, te envio una tabla comparativa clara.",comparacion,1,tibio
L02155,CHUCK_07,"claro, te comparto el precio actualizado del plan.",consulta_precio,1,tibio
L02156,CHUCK_09,podemos agendar una demo de 20 minutos esta semana.,agendar_demo,0,tibio
L02157,CHUCK_03,"si, te puedo detallar precios y promociones vigentes.",consulta_precio,1,caliente
L02158,CHUCK_10,"gracias por tu tiempo, quedo atento a cualquier consulta.",despedida,0,frio
L02159,CHUCK_09,"el costo depende del paquete, te paso las opciones de precio.",consulta_precio,1,tibio
L02160,CHUCK_02,te comparto los beneficios para tu caso de uso.,consulta_producto,0,frio
L02161,CHUCK_10,"el costo depende del paquete, te paso las opciones de precio.",consulta_precio,1,tibio
L02162,CHUCK_09,te explico las caracteristicas principales del producto.,consulta_producto,0,tibio
L02163,CHUCK_03,"es normal tener esa inquietud, revisemos alternativas.",objecion,1,tibio
L02164,CHUCK_08,podemos agendar una demo de 20 minutos esta semana.,agendar_demo,0,tibio
L02165,CHUCK_02,podemos agendar una demo de 20 minutos esta semana.,agendar_demo,1,caliente
L02166,CHUCK_09,retomo la conversacion para ayudarte con la decision.,seguimiento,0,frio
L02167,CHUCK_07,te comparto los beneficios para tu caso de uso.,consulta_producto,0,tibio
L02168,CHUCK_02,"es normal tener esa inquietud, revisemos alternativas.",objecion,0,tibio
L02169,CHUCK_05,te escribo para dar seguimiento a tu interes.,seguimiento,0,tibio
L02170,CHUCK_07,retomo la conversacion para ayudarte con la decision.,seguimiento,1,tibio
L02171,CHUCK_09,este producto incluye soporte y configuracion inicial.,consulta_producto,1,tibio
L02172,CHUCK_08,"el costo depende del paquete, te paso las opciones de precio.",consulta_precio,1,tibio
L02173,CHUCK_10,"claro, te comparto el precio actualizado del plan.",consulta_precio,1,tibio
L02174,CHUCK_06,puedo guiarte para solucionar el problema ahora mismo.,soporte,0,frio
L02175,CHUCK_02,"gracias por tu tiempo, quedo atento a cualquier consulta.",despedida,0,frio
L02176,CHUCK_06,"es normal tener esa inquietud, revisemos alternativas.",objecion,0,tibio
L02177,CHUCK_05,"excelente decision, te ayudo a completar tu compra ahora.",compra,0,caliente
L02178,CHUCK_09,"si, te puedo detallar precios y promociones vigentes.",consulta_precio,1,caliente
L02179,CHUCK_06,"excelente decision, te ayudo a completar tu compra ahora.",compra,1,caliente
L02180,CHUCK_04,"si te parece, coordinamos una demostracion personalizada.",agendar_demo,0,caliente
L02181,CHUCK_10,retomo la conversacion para ayudarte con la decision.,seguimiento,0,tibio
L02182,CHUCK_04,podemos resolver esa objecion con una opcion mas flexible.,objecion,1,frio
L02183,CHUCK_05,"tenemos stock disponible, puedo procesar tu compra en este momento.",compra,0,caliente
L02184,CHUCK_03,"excelente decision, te ayudo a completar tu compra ahora.",compra,1,caliente
L02185,CHUCK_09,"tengo disponibilidad para demo, te paso horarios.",agendar_demo,0,tibio
L02186,CHUCK_01,"gracias por tu tiempo, quedo atento a cualquier consulta.",despedida,0,frio
L02187,CHUCK_07,"perfecto, te comparto el link de pago para cerrar la compra.",compra,0,caliente
L02188,CHUCK_05,"perfecto, te comparto el link de pago para cerrar la compra.",compra,1,caliente
L02189,CHUCK_09,"claro, te comparto el precio actualizado del plan.",consulta_precio,1,tibio
L02190,CHUCK_07,"tenemos stock disponible, puedo procesar tu compra en este momento.",compra,1,caliente
L02191,CHUCK_10,retomo la conversacion para ayudarte con la decision.,seguimiento,1,frio
L02192,CHUCK_08,retomo la conversacion para ayudarte con la decision.,seguimiento,0,frio
L02193,CHUCK_08,"el costo depende del paquete, te paso las opciones de precio.",consulta_precio,1,caliente
L02194,CHUCK_01,"en relacion calidad-precio, esta opcion destaca por soporte y resultados.",comparacion,1,tibio
L02195,CHUCK_07,quedo atento para continuar cuando te venga bien.,seguimiento,1,tibio
L02196,CHUCK_09,te comparo este plan frente a otras alternativas del mercado.,comparacion,1,tibio
L02197,CHUCK_05,vamos a revisar ese inconveniente para resolverlo rapido.,soporte,1,frio
L02198,CHUCK_06,"bienvenido, estoy para ayudarte con toda la informacion.",saludo,1,frio
L02199,CHUCK_07,puedo guiarte para solucionar el problema ahora mismo.,soporte,0,frio
L02200,CHUCK_07,fue un gusto ayudarte. estoy disponible cuando lo necesites.,despedida,0,frio
L02201,CHUCK_06,"es normal tener esa inquietud, revisemos alternativas.",objecion,0,tibio
L02202,CHUCK_02,podemos resolver esa objecion con una opcion mas flexible.,objecion,0,frio
L02203,CHUCK_02,"si te parece, coordinamos una demostracion personalizada.",agendar_demo,0,tibio
L02204,CHUCK_05,te comparo este plan frente a otras alternativas del mercado.,comparacion,0,tibio
L02205,CHUCK_04,"es normal tener esa inquietud, revisemos alternativas.",objecion,0,tibio
L02206,CHUCK_03,"hola, gracias por contactarnos. como puedo ayudarte hoy?",saludo,0,frio
L02207,CHUCK_07,te escribo para dar seguimiento a tu interes.,seguimiento,0,tibio
L02208,CHUCK_05,"hola, gracias por contactarnos. como puedo ayudarte hoy?",saludo,0,frio
L02209,CHUCK_07,"claro, te comparto el precio actualizado del plan.",consulta_precio,1,tibio
L02210,CHUCK_06,"entiendo tu duda, te aclaro ese punto para que decidas con confianza.",objecion,0,tibio
L02211,CHUCK_09,puedo guiarte para solucionar el problema ahora mismo.,soporte,0,frio
L02212,CHUCK_08,"tenemos stock disponible, puedo procesar tu compra en este momento.",compra,0,tibio
L02213,CHUCK_04,te explico las caracteristicas principales del producto.,consulta_producto,1,frio
L02214,CHUCK_02,"bienvenido, estoy para ayudarte con toda la informacion.",saludo,0,frio
L02215,CHUCK_08,"perfecto, te comparto el link de pago para cerrar la compra.",compra,1,caliente
L02216,CHUCK_05,te explico las caracteristicas principales del producto.,consulta_producto,0,tibio
L02217,CHUCK_03,te comparto los beneficios para tu caso de uso.,consulta_producto,0,tibio
L02218,CHUCK_07,"es normal tener esa inquietud, revisemos alternativas.",objecion,0,frio
L02219,CHUCK_03,"bienvenido, estoy para ayudarte con toda la informacion.",saludo,1,frio
L02220,CHUCK_09,"si quieres, te envio una tabla comparativa clara.",comparacion,1,tibio
L02221,CHUCK_01,"claro, te comparto el precio actualizado del plan.",consulta_precio,1,tibio
L02222,CHUCK_02,"si, te puedo detallar precios y promociones vigentes.",consulta_precio,1,caliente
L02223,CHUCK_10,"es normal tener esa inquietud, revisemos alternativas.",objecion,0,tibio
L02224,CHUCK_03,podemos agendar una demo de 20 minutos esta semana.,agendar_demo,0,tibio
L02225,CHUCK_03,"bienvenido, estoy para ayudarte con toda la informacion.",saludo,0,frio
L02226,CHUCK_10,te comparo este plan frente a otras alternativas del mercado.,comparacion,1,tibio
L02227,CHUCK_06,"excelente decision, te ayudo a completar tu compra ahora.",compra,1,tibio
L02228,CHUCK_05,quedo atento para continuar cuando te venga bien.,seguimiento,0,tibio
L02229,CHUCK_07,"claro, te comparto el precio actualizado del plan.",consulta_precio,1,tibio
L02230,CHUCK_01,podemos resolver esa objecion con una opcion mas flexible.,objecion,0,frio
L02231,CHUCK_03,te comparo este plan frente a otras alternativas del mercado.,comparacion,0,tibio
L02232,CHUCK_05,te comparto los beneficios para tu caso de uso.,consulta_producto,0,frio
L02233,CHUCK_02,podemos resolver esa objecion con una opcion mas flexible.,objecion,0,tibio
L02234,CHUCK_01,vamos a revisar ese inconveniente para resolverlo rapido.,soporte,0,frio
L02235,CHUCK_08,"perfecto, hablamos pronto. que tengas excelente dia.",despedida,1,frio
L02236,CHUCK_03,"hola, gracias por contactarnos. como puedo ayudarte hoy?",saludo,0,frio
L02237,CHUCK_09,"entiendo tu duda, te aclaro ese punto para que decidas con confianza.",objecion,0,tibio
L02238,CHUCK_01,"tengo disponibilidad para demo, te paso horarios.",agendar_demo,0,tibio
L02239,CHUCK_02,te explico las caracteristicas principales del producto.,consulta_producto,0,frio
L02240,CHUCK_02,te ayudo con soporte tecnico paso a paso.,soporte,1,frio
L02241,CHUCK_05,"si quieres, te envio una tabla comparativa clara.",comparacion,1,caliente
L02242,CHUCK_02,"tenemos stock disponible, puedo procesar tu compra en este momento.",compra,0,caliente
L02243,CHUCK_01,este producto incluye soporte y configuracion inicial.,consulta_producto,0,tibio
L02244,CHUCK_08,te escribo para dar seguimiento a tu interes.,seguimiento,0,tibio
L02245,CHUCK_04,podemos resolver esa objecion con una opcion mas flexible.,objecion,0,tibio
L02246,CHUCK_05,podemos resolver esa objecion con una opcion mas flexible.,objecion,0,tibio
L02247,CHUCK_05,quedo atento para continuar cuando te venga bien.,seguimiento,0,tibio
L02248,CHUCK_09,"entiendo tu duda, te aclaro ese punto para que decidas con confianza.",objecion,0,tibio
L02249,CHUCK_05,retomo la conversacion para ayudarte con la decision.,seguimiento,0,tibio
L02250,CHUCK_02,podemos agendar una demo de 20 minutos esta semana.,agendar_demo,0,caliente
L02251,CHUCK_03,te explico las caracteristicas principales del producto.,consulta_producto,0,tibio
L02252,CHUCK_02,retomo la conversacion para ayudarte con la decision.,seguimiento,0,tibio
L02253,CHUCK_03,quedo atento para continuar cuando te venga bien.,seguimiento,0,frio
L02254,CHUCK_07,"si quieres, te envio una tabla comparativa clara.",comparacion,0,tibio
L02255,CHUCK_04,te comparo este plan frente a otras alternativas del mercado.,comparacion,0,tibio
L02256,CHUCK_07,"entiendo tu duda, te aclaro ese punto para que decidas con confianza.",objecion,0,frio
L02257,CHUCK_10,"tenemos stock disponible, puedo procesar tu compra en este momento.",compra,1,caliente
L02258,CHUCK_01,este producto incluye soporte y configuracion inicial.,consulta_producto,0,tibio
L02259,CHUCK_10,"excelente decision, te ayudo a completar tu compra ahora.",compra,1,caliente
L02260,CHUCK_01,te escribo para dar seguimiento a tu interes.,seguimiento,0,frio
L02261,CHUCK_08,te explico las caracteristicas principales del producto.,consulta_producto,0,frio
L02262,CHUCK_08,"perfecto, te comparto el link de pago para cerrar la compra.",compra,1,caliente
L02263,CHUCK_05,retomo la conversacion para ayudarte con la decision.,seguimiento,0,frio
L02264,CHUCK_09,"en relacion calidad-precio, esta opcion destaca por soporte y resultados.",comparacion,1,tibio
L02265,CHUCK_03,"excelente decision, te ayudo a completar tu compra ahora.",compra,1,caliente
L02266,CHUCK_02,"bienvenido, estoy para ayudarte con toda la informacion.",saludo,1,frio
L02267,CHUCK_01,"el costo depende del paquete, te paso las opciones de precio.",consulta_precio,1,tibio
L02268,CHUCK_02,"tenemos stock disponible, puedo procesar tu compra en este momento.",compra,0,caliente
L02269,CHUCK_06,"perfecto, te comparto el link de pago para cerrar la compra.",compra,1,caliente
L02270,CHUCK_08,te explico las caracteristicas principales del producto.,consulta_producto,0,frio
L02271,CHUCK_05,podemos resolver esa objecion con una opcion mas flexible.,objecion,0,tibio
L02272,CHUCK_01,"excelente decision, te ayudo a completar tu compra ahora.",compra,1,caliente
L02273,CHUCK_10,"si, te puedo detallar precios y promociones vigentes.",consulta_precio,1,tibio
L02274,CHUCK_05,"en relacion calidad-precio, esta opcion destaca por soporte y resultados.",comparacion,1,tibio
L02275,CHUCK_10,"gracias por tu tiempo, quedo atento a cualquier consulta.",despedida,0,frio
L02276,CHUCK_05,te comparto los beneficios para tu caso de uso.,consulta_producto,0,frio
L02277,CHUCK_06,"el costo depende del paquete, te paso las opciones de precio.",consulta_precio,1,tibio
L02278,CHUCK_04,te escribo para dar seguimiento a tu interes.,seguimiento,1,tibio
L02279,CHUCK_09,"perfecto, te comparto el link de pago para cerrar la compra.",compra,0,caliente
L02280,CHUCK_10,"tenemos stock disponible, puedo procesar tu compra en este momento.",compra,1,caliente
L02281,CHUCK_08,"tengo disponibilidad para demo, te paso horarios.",agendar_demo,0,tibio
L02282,CHUCK_08,fue un gusto ayudarte. estoy disponible cuando lo necesites.,despedida,0,frio
L02283,CHUCK_07,"excelente decision, te ayudo a completar tu compra ahora.",compra,0,caliente
L02284,CHUCK_05,te escribo para dar seguimiento a tu interes.,seguimiento,0,tibio
L02285,CHUCK_09,"si, te puedo detallar precios y promociones vigentes.",consulta_precio,1,caliente
L02286,CHUCK_05,"perfecto, te comparto el link de pago para cerrar la compra.",compra,1,tibio
L02287,CHUCK_01,"excelente decision, te ayudo a completar tu compra ahora.",compra,1,caliente
L02288,CHUCK_03,"excelente decision, te ayudo a completar tu compra ahora.",compra,1,tibio
L02289,CHUCK_06,te explico las caracteristicas principales del producto.,consulta_producto,0,frio
L02290,CHUCK_02,te comparto los beneficios para tu caso de uso.,consulta_producto,0,tibio
L02291,CHUCK_03,"gracias por tu tiempo, quedo atento a cualquier consulta.",despedida,0,frio
L02292,CHUCK_05,"bienvenido, estoy para ayudarte con toda la informacion.",saludo,0,frio
L02293,CHUCK_08,"excelente decision, te ayudo a completar tu compra ahora.",compra,0,caliente
L02294,CHUCK_10,"excelente decision, te ayudo a completar tu compra ahora.",compra,0,caliente
L02295,CHUCK_06,"tenemos stock disponible, puedo procesar tu compra en este momento.",compra,1,caliente
L02296,CHUCK_02,quedo atento para continuar cuando te venga bien.,seguimiento,0,frio
L02297,CHUCK_10,"perfecto, te comparto el link de pago para cerrar la compra.",compra,1,caliente
L02298,CHUCK_09,podemos agendar una demo de 20 minutos esta semana.,agendar_demo,0,tibio
L02299,CHUCK_01,"claro, te comparto el precio actualizado del plan.",consulta_precio,1,caliente
L02300,CHUCK_10,"bienvenido, estoy para ayudarte con toda la informacion.",saludo,0,frio
L02301,CHUCK_09,este producto incluye soporte y configuracion inicial.,consulta_producto,0,tibio
L02302,CHUCK_04,podemos resolver esa objecion con una opcion mas flexible.,objecion,0,frio
L02303,CHUCK_08,"el costo depende del paquete, te paso las opciones de precio.",consulta_precio,1,tibio
L02304,CHUCK_06,"si quieres, te envio una tabla comparativa clara.",comparacion,1,tibio
L02305,CHUCK_02,"si, te puedo detallar precios y promociones vigentes.",consulta_precio,1,caliente
L02306,CHUCK_08,"excelente decision, te ayudo a completar tu compra ahora.",compra,1,caliente
L02307,CHUCK_10,te comparto los beneficios para tu caso de uso.,consulta_producto,0,frio
L02308,CHUCK_06,puedo guiarte para solucionar el problema ahora mismo.,soporte,0,frio
L02309,CHUCK_05,te explico las caracteristicas principales del producto.,consulta_producto,0,tibio
L02310,CHUCK_03,te ayudo con soporte tecnico paso a paso.,soporte,0,frio
L02311,CHUCK_06,retomo la conversacion para ayudarte con la decision.,seguimiento,1,frio
L02312,CHUCK_02,"si te parece, coordinamos una demostracion personalizada.",agendar_demo,0,caliente
L02313,CHUCK_05,"hola, gracias por contactarnos. como puedo ayudarte hoy?",saludo,0,frio
L02314,CHUCK_02,te escribo para dar seguimiento a tu interes.,seguimiento,0,tibio
L02315,CHUCK_05,podemos resolver esa objecion con una opcion mas flexible.,objecion,1,tibio
L02316,CHUCK_03,podemos resolver esa objecion con una opcion mas flexible.,objecion,0,frio
L02317,CHUCK_05,"bienvenido, estoy para ayudarte con toda la informacion.",saludo,0,frio
L02318,CHUCK_09,te explico las caracteristicas principales del producto.,consulta_producto,0,tibio
L02319,CHUCK_02,te comparo este plan frente a otras alternativas del mercado.,comparacion,1,tibio
L02320,CHUCK_04,puedo guiarte para solucionar el problema ahora mismo.,soporte,0,frio
L02321,CHUCK_01,te comparto los beneficios para tu caso de uso.,consulta_producto,0,tibio
L02322,CHUCK_01,este producto incluye soporte y configuracion inicial.,consulta_producto,0,frio
L02323,CHUCK_10,te comparto los beneficios para tu caso de uso.,consulta_producto,0,frio
L02324,CHUCK_06,"excelente decision, te ayudo a completar tu compra ahora.",compra,1,caliente
L02325,CHUCK_08,"es normal tener esa inquietud, revisemos alternativas.",objecion,0,tibio
L02326,CHUCK_06,podemos resolver esa objecion con una opcion mas flexible.,objecion,0,tibio
L02327,CHUCK_06,te explico las caracteristicas principales del producto.,consulta_producto,0,frio
L02328,CHUCK_04,"gracias por tu tiempo, quedo atento a cualquier consulta.",despedida,0,frio
L02329,CHUCK_10,"perfecto, te comparto el link de pago para cerrar la compra.",compra,1,caliente
L02330,CHUCK_01,te comparo este plan frente a otras alternativas del mercado.,comparacion,1,tibio
L02331,CHUCK_04,te explico las caracteristicas principales del producto.,consulta_producto,0,tibio
L02332,CHUCK_01,"es normal tener esa inquietud, revisemos alternativas.",objecion,0,frio
L02333,CHUCK_04,"perfecto, te comparto el link de pago para cerrar la compra.",compra,0,caliente
L02334,CHUCK_10,"excelente decision, te ayudo a completar tu compra ahora.",compra,1,caliente
L02335,CHUCK_01,puedo guiarte para solucionar el problema ahora mismo.,soporte,0,frio
L02336,CHUCK_04,podemos agendar una demo de 20 minutos esta semana.,agendar_demo,0,tibio
L02337,CHUCK_10,"perfecto, te comparto el link de pago para cerrar la compra.",compra,0,caliente
L02338,CHUCK_06,te comparto los beneficios para tu caso de uso.,consulta_producto,1,frio
L02339,CHUCK_06,este producto incluye soporte y configuracion inicial.,consulta_producto,0,frio
L02340,CHUCK_08,"hola, un gusto saludarte. en que te asesoro?",saludo,0,frio
L02341,CHUCK_06,quedo atento para continuar cuando te venga bien.,seguimiento,0,tibio
L02342,CHUCK_09,quedo atento para continuar cuando te venga bien.,seguimiento,0,frio
L02343,CHUCK_03,"tengo disponibilidad para demo, te paso horarios.",agendar_demo,0,caliente
L02344,CHUCK_10,este producto incluye soporte y configuracion inicial.,consulta_producto,0,frio
L02345,CHUCK_06,"si te parece, coordinamos una demostracion personalizada.",agendar_demo,0,tibio
L02346,CHUCK_09,retomo la conversacion para ayudarte con la decision.,seguimiento,0,frio
L02347,CHUCK_08,"claro, te comparto el precio actualizado del plan.",consulta_precio,1,tibio
L02348,CHUCK_01,"excelente decision, te ayudo a completar tu compra ahora.",compra,1,tibio
L02349,CHUCK_07,"el costo depende del paquete, te paso las opciones de precio.",consulta_precio,1,caliente
L02350,CHUCK_03,"tenemos stock disponible, puedo procesar tu compra en este momento.",compra,1,caliente
L02351,CHUCK_07,"si, te puedo detallar precios y promociones vigentes.",consulta_precio,1,caliente
L02352,CHUCK_03,"si, te puedo detallar precios y promociones vigentes.",consulta_precio,1,caliente
L02353,CHUCK_06,te comparto los beneficios para tu caso de uso.,consulta_producto,0,frio
L02354,CHUCK_04,"perfecto, te comparto el link de pago para cerrar la compra.",compra,0,caliente
L02355,CHUCK_08,"perfecto, te comparto el link de pago para cerrar la compra.",compra,1,caliente
L02356,CHUCK_07,retomo la conversacion para ayudarte con la decision.,seguimiento,0,frio
L02357,CHUCK_06,"entiendo tu duda, te aclaro ese punto para que decidas con confianza.",objecion,0,tibio
L02358,CHUCK_05,quedo atento para continuar cuando te venga bien.,seguimiento,1,tibio
L02359,CHUCK_09,te comparto los beneficios para tu caso de uso.,consulta_producto,0,tibio
L02360,CHUCK_01,"excelente decision, te ayudo a completar tu compra ahora.",compra,1,caliente
L02361,CHUCK_03,"claro, te comparto el precio actualizado del plan.",consulta_precio,1,caliente
L02362,CHUCK_08,retomo la conversacion para ayudarte con la decision.,seguimiento,0,frio
L02363,CHUCK_09,"entiendo tu duda, te aclaro ese punto para que decidas con confianza.",objecion,0,frio
L02364,CHUCK_10,"perfecto, te comparto el link de pago para cerrar la compra.",compra,0,caliente
L02365,CHUCK_06,"tengo disponibilidad para demo, te paso horarios.",agendar_demo,0,tibio
L02366,CHUCK_03,te comparo este plan frente a otras alternativas del mercado.,comparacion,0,tibio
L02367,CHUCK_07,"tenemos stock disponible, puedo procesar tu compra en este momento.",compra,1,tibio
L02368,CHUCK_02,"bienvenido, estoy para ayudarte con toda la informacion.",saludo,0,frio
L02369,CHUCK_06,"claro, te comparto el precio actualizado del plan.",consulta_precio,1,caliente
L02370,CHUCK_02,"tengo disponibilidad para demo, te paso horarios.",agendar_demo,0,tibio
L02371,CHUCK_09,te comparo este plan frente a otras alternativas del mercado.,comparacion,1,caliente
L02372,CHUCK_06,"en relacion calidad-precio, esta opcion destaca por soporte y resultados.",comparacion,0,caliente
L02373,CHUCK_06,te comparto los beneficios para tu caso de uso.,consulta_producto,0,tibio
L02374,CHUCK_07,"si, te puedo detallar precios y promociones vigentes.",consulta_precio,1,tibio
L02375,CHUCK_10,"perfecto, te comparto el link de pago para cerrar la compra.",compra,0,caliente
L02376,CHUCK_09,"es normal tener esa inquietud, revisemos alternativas.",objecion,0,tibio
L02377,CHUCK_05,te comparto los beneficios para tu caso de uso.,consulta_producto,1,tibio
L02378,CHUCK_05,te ayudo con soporte tecnico paso a paso.,soporte,0,frio
L02379,CHUCK_10,te comparo este plan frente a otras alternativas del mercado.,comparacion,1,tibio
L02380,CHUCK_09,"tenemos stock disponible, puedo procesar tu compra en este momento.",compra,1,caliente
L02381,CHUCK_09,"si quieres, te envio una tabla comparativa clara.",comparacion,1,caliente
L02382,CHUCK_01,quedo atento para continuar cuando te venga bien.,seguimiento,1,tibio
L02383,CHUCK_02,"hola, gracias por contactarnos. como puedo ayudarte hoy?",saludo,0,frio
L02384,CHUCK_07,te explico las caracteristicas principales del producto.,consulta_producto,0,frio
L02385,CHUCK_03,"el costo depende del paquete, te paso las opciones de precio.",consulta_precio,1,caliente
L02386,CHUCK_07,"tengo disponibilidad para demo, te paso horarios.",agendar_demo,0,tibio
L02387,CHUCK_06,este producto incluye soporte y configuracion inicial.,consulta_producto,0,frio
L02388,CHUCK_03,"claro, te comparto el precio actualizado del plan.",consulta_precio,1,caliente
L02389,CHUCK_09,"tenemos stock disponible, puedo procesar tu compra en este momento.",compra,1,caliente
L02390,CHUCK_05,"hola, gracias por contactarnos. como puedo ayudarte hoy?",saludo,0,frio
L02391,CHUCK_07,"tenemos stock disponible, puedo procesar tu compra en este momento.",compra,0,tibio
L02392,CHUCK_03,"entiendo tu duda, te aclaro ese punto para que decidas con confianza.",objecion,0,tibio
L02393,CHUCK_07,te comparto los beneficios para tu caso de uso.,consulta_producto,1,tibio
L02394,CHUCK_05,te explico las caracteristicas principales del producto.,consulta_producto,0,frio
L02395,CHUCK_07,podemos resolver esa objecion con una opcion mas flexible.,objecion,0,tibio
L02396,CHUCK_05,"perfecto, te comparto el link de pago para cerrar la compra.",compra,1,caliente
L02397,CHUCK_03,te ayudo con soporte tecnico paso a paso.,soporte,0,frio
L02398,CHUCK_04,"excelente decision, te ayudo a completar tu compra ahora.",compra,0,caliente
L02399,CHUCK_10,"bienvenido, estoy para ayudarte con toda la informacion.",saludo,0,frio
L02400,CHUCK_06,vamos a revisar ese inconveniente para resolverlo rapido.,soporte,0,frio
L02401,CHUCK_07,"es normal tener esa inquietud, revisemos alternativas.",objecion,0,tibio
L02402,CHUCK_08,"excelente decision, te ayudo a completar tu compra ahora.",compra,1,caliente
L02403,CHUCK_05,vamos a revisar ese inconveniente para resolverlo rapido.,soporte,0,frio
L02404,CHUCK_02,"excelente decision, te ayudo a completar tu compra ahora.",compra,1,caliente
L02405,CHUCK_07,podemos agendar una demo de 20 minutos esta semana.,agendar_demo,0,tibio
L02406,CHUCK_09,te comparto los beneficios para tu caso de uso.,consulta_producto,0,tibio
L02407,CHUCK_02,te explico las caracteristicas principales del producto.,consulta_producto,0,frio
L02408,CHUCK_01,"si, te puedo detallar precios y promociones vigentes.",consulta_precio,1,caliente
L02409,CHUCK_06,"es normal tener esa inquietud, revisemos alternativas.",objecion,0,tibio
L02410,CHUCK_07,"excelente decision, te ayudo a completar tu compra ahora.",compra,0,caliente
L02411,CHUCK_02,"si quieres, te envio una tabla comparativa clara.",comparacion,0,tibio
L02412,CHUCK_06,"si te parece, coordinamos una demostracion personalizada.",agendar_demo,1,caliente
L02413,CHUCK_07,"claro, te comparto el precio actualizado del plan.",consulta_precio,1,tibio
L02414,CHUCK_10,te comparto los beneficios para tu caso de uso.,consulta_producto,0,tibio
L02415,CHUCK_08,fue un gusto ayudarte. estoy disponible cuando lo necesites.,despedida,0,frio
L02416,CHUCK_03,puedo guiarte para solucionar el problema ahora mismo.,soporte,0,frio
L02417,CHUCK_09,podemos resolver esa objecion con una opcion mas flexible.,objecion,1,tibio
L02418,CHUCK_01,este producto incluye soporte y configuracion inicial.,consulta_producto,0,tibio
L02419,CHUCK_05,podemos resolver esa objecion con una opcion mas flexible.,objecion,0,tibio
L02420,CHUCK_07,"si quieres, te envio una tabla comparativa clara.",comparacion,1,caliente
L02421,CHUCK_06,"si, te puedo detallar precios y promociones vigentes.",consulta_precio,1,tibio
L02422,CHUCK_02,te comparo este plan frente a otras alternativas del mercado.,comparacion,1,caliente
L02423,CHUCK_06,"entiendo tu duda, te aclaro ese punto para que decidas con confianza.",objecion,0,frio
L02424,CHUCK_03,"perfecto, hablamos pronto. que tengas excelente dia.",despedida,0,frio
L02425,CHUCK_05,"si, te puedo detallar precios y promociones vigentes.",consulta_precio,1,caliente
L02426,CHUCK_03,"si te parece, coordinamos una demostracion personalizada.",agendar_demo,0,caliente
L02427,CHUCK_07,te comparto los beneficios para tu caso de uso.,consulta_producto,0,frio
L02428,CHUCK_04,"excelente decision, te ayudo a completar tu compra ahora.",compra,0,caliente
L02429,CHUCK_01,te ayudo con soporte tecnico paso a paso.,soporte,0,frio
L02430,CHUCK_10,"si quieres, te envio una tabla comparativa clara.",comparacion,1,tibio
L02431,CHUCK_05,quedo atento para continuar cuando te venga bien.,seguimiento,0,tibio
L02432,CHUCK_09,"el costo depende del paquete, te paso las opciones de precio.",consulta_precio,1,tibio
L02433,CHUCK_10,"bienvenido, estoy para ayudarte con toda la informacion.",saludo,0,frio
L02434,CHUCK_08,"si, te puedo detallar precios y promociones vigentes.",consulta_precio,1,caliente
L02435,CHUCK_09,este producto incluye soporte y configuracion inicial.,consulta_producto,0,frio
L02436,CHUCK_09,"hola, un gusto saludarte. en que te asesoro?",saludo,0,frio
L02437,CHUCK_08,"entiendo tu duda, te aclaro ese punto para que decidas con confianza.",objecion,0,tibio
L02438,CHUCK_05,"el costo depende del paquete, te paso las opciones de precio.",consulta_precio,1,caliente
L02439,CHUCK_07,"excelente decision, te ayudo a completar tu compra ahora.",compra,1,caliente
L02440,CHUCK_06,este producto incluye soporte y configuracion inicial.,consulta_producto,0,frio
L02441,CHUCK_04,"excelente decision, te ayudo a completar tu compra ahora.",compra,0,tibio
L02442,CHUCK_07,"si quieres, te envio una tabla comparativa clara.",comparacion,0,tibio
L02443,CHUCK_05,"perfecto, hablamos pronto. que tengas excelente dia.",despedida,0,frio
L02444,CHUCK_09,"claro, te comparto el precio actualizado del plan.",consulta_precio,1,caliente
L02445,CHUCK_05,"tenemos stock disponible, puedo procesar tu compra en este momento.",compra,0,caliente
L02446,CHUCK_10,"si quieres, te envio una tabla comparativa clara.",comparacion,1,caliente
L02447,CHUCK_04,"si, te puedo detallar precios y promociones vigentes.",consulta_precio,1,tibio
L02448,CHUCK_03,"entiendo tu duda, te aclaro ese punto para que decidas con confianza.",objecion,0,tibio
L02449,CHUCK_08,"gracias por tu tiempo, quedo atento a cualquier consulta.",despedida,0,frio
L02450,CHUCK_06,"bienvenido, estoy para ayudarte con toda la informacion.",saludo,0,frio
L02451,CHUCK_07,este producto incluye soporte y configuracion inicial.,consulta_producto,0,frio
L02452,CHUCK_09,"tenemos stock disponible, puedo procesar tu compra en este momento.",compra,0,tibio
L02453,CHUCK_03,"excelente decision, te ayudo a completar tu compra ahora.",compra,0,tibio
L02454,CHUCK_09,quedo atento para continuar cuando te venga bien.,seguimiento,1,frio
L02455,CHUCK_03,retomo la conversacion para ayudarte con la decision.,seguimiento,0,tibio
L02456,CHUCK_09,te explico las caracteristicas principales del producto.,consulta_producto,0,tibio
L02457,CHUCK_07,puedo guiarte para solucionar el problema ahora mismo.,soporte,1,frio
L02458,CHUCK_08,"en relacion calidad-precio, esta opcion destaca por soporte y resultados.",comparacion,1,tibio
L02459,CHUCK_05,"entiendo tu duda, te aclaro ese punto para que decidas con confianza.",objecion,0,tibio
L02460,CHUCK_04,podemos agendar una demo de 20 minutos esta semana.,agendar_demo,0,caliente
L02461,CHUCK_03,te comparo este plan frente a otras alternativas del mercado.,comparacion,0,caliente
L02462,CHUCK_03,fue un gusto ayudarte. estoy disponible cuando lo necesites.,despedida,0,frio
L02463,CHUCK_01,este producto incluye soporte y configuracion inicial.,consulta_producto,0,frio
L02464,CHUCK_06,"perfecto, te comparto el link de pago para cerrar la compra.",compra,0,caliente
L02465,CHUCK_07,"tengo disponibilidad para demo, te paso horarios.",agendar_demo,0,tibio
L02466,CHUCK_01,te comparo este plan frente a otras alternativas del mercado.,comparacion,1,tibio
L02467,CHUCK_02,"el costo depende del paquete, te paso las opciones de precio.",consulta_precio,1,tibio
L02468,CHUCK_08,"es normal tener esa inquietud, revisemos alternativas.",objecion,0,frio
L02469,CHUCK_01,"es normal tener esa inquietud, revisemos alternativas.",objecion,0,frio
L02470,CHUCK_09,"tenemos stock disponible, puedo procesar tu compra en este momento.",compra,1,caliente
L02471,CHUCK_01,podemos agendar una demo de 20 minutos esta semana.,agendar_demo,0,tibio
L02472,CHUCK_09,"perfecto, te comparto el link de pago para cerrar la compra.",compra,0,caliente
L02473,CHUCK_07,este producto incluye soporte y configuracion inicial.,consulta_producto,0,tibio
L02474,CHUCK_04,"en relacion calidad-precio, esta opcion destaca por soporte y resultados.",comparacion,1,tibio
L02475,CHUCK_01,vamos a revisar ese inconveniente para resolverlo rapido.,soporte,0,frio
L02476,CHUCK_09,"es normal tener esa inquietud, revisemos alternativas.",objecion,0,tibio
L02477,CHUCK_03,podemos resolver esa objecion con una opcion mas flexible.,objecion,0,frio
L02478,CHUCK_09,"perfecto, te comparto el link de pago para cerrar la compra.",compra,1,caliente
L02479,CHUCK_02,"si te parece, coordinamos una demostracion personalizada.",agendar_demo,1,caliente
L02480,CHUCK_01,"es normal tener esa inquietud, revisemos alternativas.",objecion,0,tibio
L02481,CHUCK_09,"es normal tener esa inquietud, revisemos alternativas.",objecion,0,frio
L02482,CHUCK_05,puedo guiarte para solucionar el problema ahora mismo.,soporte,0,frio
L02483,CHUCK_05,"perfecto, te comparto el link de pago para cerrar la compra.",compra,0,caliente
L02484,CHUCK_09,te comparto los beneficios para tu caso de uso.,consulta_producto,0,tibio
L02485,CHUCK_03,vamos a revisar ese inconveniente para resolverlo rapido.,soporte,0,frio
L02486,CHUCK_07,"entiendo tu duda, te aclaro ese punto para que decidas con confianza.",objecion,0,tibio
L02487,CHUCK_08,"tenemos stock disponible, puedo procesar tu compra en este momento.",compra,1,caliente
L02488,CHUCK_06,"perfecto, te comparto el link de pago para cerrar la compra.",compra,1,caliente
L02489,CHUCK_06,"el costo depende del paquete, te paso las opciones de precio.",consulta_precio,1,caliente
L02490,CHUCK_07,te comparo este plan frente a otras alternativas del mercado.,comparacion,1,tibio
L02491,CHUCK_09,"si quieres, te envio una tabla comparativa clara.",comparacion,0,tibio
L02492,CHUCK_04,puedo guiarte para solucionar el problema ahora mismo.,soporte,0,frio
L02493,CHUCK_09,te ayudo con soporte tecnico paso a paso.,soporte,1,frio
L02494,CHUCK_09,este producto incluye soporte y configuracion inicial.,consulta_producto,0,tibio
L02495,CHUCK_06,"es normal tener esa inquietud, revisemos alternativas.",objecion,0,frio
L02496,CHUCK_06,"claro, te comparto el precio actualizado del plan.",consulta_precio,1,tibio
L02497,CHUCK_10,"bienvenido, estoy para ayudarte con toda la informacion.",saludo,0,frio
L02498,CHUCK_08,te comparto los beneficios para tu caso de uso.,consulta_producto,1,tibio
L02499,CHUCK_06,"tenemos stock disponible, puedo procesar tu compra en este momento.",compra,0,caliente
L02500,CHUCK_06,"si, te puedo detallar precios y promociones vigentes.",consulta_precio,1,tibio
L02501,CHUCK_10,vamos a revisar ese inconveniente para resolverlo rapido.,soporte,0,frio
L02502,CHUCK_05,"tengo disponibilidad para demo, te paso horarios.",agendar_demo,0,caliente
L02503,CHUCK_05,"si quieres, te envio una tabla comparativa clara.",comparacion,1,tibio
L02504,CHUCK_10,te escribo para dar seguimiento a tu interes.,seguimiento,0,tibio
L02505,CHUCK_03,"entiendo tu duda, te aclaro ese punto para que decidas con confianza.",objecion,0,frio
L02506,CHUCK_02,te explico las caracteristicas principales del producto.,consulta_producto,0,tibio
L02507,CHUCK_08,este producto incluye soporte y configuracion inicial.,consulta_producto,0,frio
L02508,CHUCK_06,"si te parece, coordinamos una demostracion personalizada.",agendar_demo,0,tibio
L02509,CHUCK_03,te explico las caracteristicas principales del producto.,consulta_producto,0,frio
L02510,CHUCK_02,"perfecto, te comparto el link de pago para cerrar la compra.",compra,1,caliente
L02511,CHUCK_01,"perfecto, te comparto el link de pago para cerrar la compra.",compra,0,caliente
L02512,CHUCK_02,vamos a revisar ese inconveniente para resolverlo rapido.,soporte,0,frio
L02513,CHUCK_08,"el costo depende del paquete, te paso las opciones de precio.",consulta_precio,1,tibio
L02514,CHUCK_01,este producto incluye soporte y configuracion inicial.,consulta_producto,0,tibio
L02515,CHUCK_03,"hola, gracias por contactarnos. como puedo ayudarte hoy?",saludo,0,frio
L02516,CHUCK_07,"si, te puedo detallar precios y promociones vigentes.",consulta_precio,1,tibio
L02517,CHUCK_04,"si, te puedo detallar precios y promociones vigentes.",consulta_precio,1,tibio
L02518,CHUCK_04,te explico las caracteristicas principales del producto.,consulta_producto,0,tibio
L02519,CHUCK_03,"tengo disponibilidad para demo, te paso horarios.",agendar_demo,0,tibio
L02520,CHUCK_05,"tengo disponibilidad para demo, te paso horarios.",agendar_demo,0,tibio
L02521,CHUCK_07,"si te parece, coordinamos una demostracion personalizada.",agendar_demo,0,tibio
L02522,CHUCK_08,te explico las caracteristicas principales del producto.,consulta_producto,0,frio
L02523,CHUCK_05,te explico las caracteristicas principales del producto.,consulta_producto,0,tibio
L02524,CHUCK_04,"si quieres, te envio una tabla comparativa clara.",comparacion,1,tibio
L02525,CHUCK_03,fue un gusto ayudarte. estoy disponible cuando lo necesites.,despedida,0,frio
L02526,CHUCK_06,"perfecto, te comparto el link de pago para cerrar la compra.",compra,1,caliente
L02527,CHUCK_10,"perfecto, te comparto el link de pago para cerrar la compra.",compra,0,caliente
L02528,CHUCK_04,"excelente decision, te ayudo a completar tu compra ahora.",compra,1,caliente
L02529,CHUCK_06,"gracias por tu tiempo, quedo atento a cualquier consulta.",despedida,0,frio
L02530,CHUCK_07,retomo la conversacion para ayudarte con la decision.,seguimiento,0,frio
L02531,CHUCK_05,"perfecto, te comparto el link de pago para cerrar la compra.",compra,0,caliente
L02532,CHUCK_09,te comparto los beneficios para tu caso de uso.,consulta_producto,1,frio
L02533,CHUCK_08,"si, te puedo detallar precios y promociones vigentes.",consulta_precio,1,caliente
L02534,CHUCK_06,"tenemos stock disponible, puedo procesar tu compra en este momento.",compra,0,caliente
L02535,CHUCK_03,"si te parece, coordinamos una demostracion personalizada.",agendar_demo,0,tibio
L02536,CHUCK_02,fue un gusto ayudarte. estoy disponible cuando lo necesites.,despedida,0,frio
L02537,CHUCK_03,este producto incluye soporte y configuracion inicial.,consulta_producto,0,frio
L02538,CHUCK_10,te ayudo con soporte tecnico paso a paso.,soporte,0,frio
L02539,CHUCK_04,"entiendo tu duda, te aclaro ese punto para que decidas con confianza.",objecion,0,tibio
L02540,CHUCK_03,"si quieres, te envio una tabla comparativa clara.",comparacion,0,tibio
L02541,CHUCK_04,"tengo disponibilidad para demo, te paso horarios.",agendar_demo,0,tibio
L02542,CHUCK_06,"excelente decision, te ayudo a completar tu compra ahora.",compra,0,caliente
L02543,CHUCK_02,"gracias por tu tiempo, quedo atento a cualquier consulta.",despedida,0,frio
L02544,CHUCK_10,fue un gusto ayudarte. estoy disponible cuando lo necesites.,despedida,0,frio
L02545,CHUCK_07,"perfecto, te comparto el link de pago para cerrar la compra.",compra,1,caliente
L02546,CHUCK_05,te escribo para dar seguimiento a tu interes.,seguimiento,0,tibio
L02547,CHUCK_10,te escribo para dar seguimiento a tu interes.,seguimiento,0,tibio
L02548,CHUCK_04,te ayudo con soporte tecnico paso a paso.,soporte,0,frio
L02549,CHUCK_03,te explico las caracteristicas principales del producto.,consulta_producto,0,tibio
L02550,CHUCK_08,este producto incluye soporte y configuracion inicial.,consulta_producto,0,frio
L02551,CHUCK_08,"si quieres, te envio una tabla comparativa clara.",comparacion,0,tibio
L02552,CHUCK_03,quedo atento para continuar cuando te venga bien.,seguimiento,1,frio
L02553,CHUCK_05,"claro, te comparto el precio actualizado del plan.",consulta_precio,1,caliente
L02554,CHUCK_02,retomo la conversacion para ayudarte con la decision.,seguimiento,0,tibio
L02555,CHUCK_03,"es normal tener esa inquietud, revisemos alternativas.",objecion,0,tibio
L02556,CHUCK_02,"si te parece, coordinamos una demostracion personalizada.",agendar_demo,0,caliente
L02557,CHUCK_08,"perfecto, te comparto el link de pago para cerrar la compra.",compra,0,caliente
L02558,CHUCK_04,este producto incluye soporte y configuracion inicial.,consulta_producto,0,frio
L02559,CHUCK_03,"tengo disponibilidad para demo, te paso horarios.",agendar_demo,0,tibio
L02560,CHUCK_08,"perfecto, te comparto el link de pago para cerrar la compra.",compra,0,caliente
L02561,CHUCK_09,"si, te puedo detallar precios y promociones vigentes.",consulta_precio,1,caliente
L02562,CHUCK_01,retomo la conversacion para ayudarte con la decision.,seguimiento,0,tibio
L02563,CHUCK_06,quedo atento para continuar cuando te venga bien.,seguimiento,0,tibio
L02564,CHUCK_02,quedo atento para continuar cuando te venga bien.,seguimiento,0,frio
L02565,CHUCK_05,te escribo para dar seguimiento a tu interes.,seguimiento,0,tibio
L02566,CHUCK_04,te comparto los beneficios para tu caso de uso.,consulta_producto,0,tibio
L02567,CHUCK_08,"hola, un gusto saludarte. en que te asesoro?",saludo,0,frio
L02568,CHUCK_06,podemos agendar una demo de 20 minutos esta semana.,agendar_demo,0,tibio
L02569,CHUCK_02,"excelente decision, te ayudo a completar tu compra ahora.",compra,1,tibio
L02570,CHUCK_07,"entiendo tu duda, te aclaro ese punto para que decidas con confianza.",objecion,0,tibio
L02571,CHUCK_04,"perfecto, te comparto el link de pago para cerrar la compra.",compra,0,caliente
L02572,CHUCK_05,puedo guiarte para solucionar el problema ahora mismo.,soporte,0,frio
L02573,CHUCK_08,"el costo depende del paquete, te paso las opciones de precio.",consulta_precio,1,tibio
L02574,CHUCK_08,te explico las caracteristicas principales del producto.,consulta_producto,0,frio
L02575,CHUCK_01,"excelente decision, te ayudo a completar tu compra ahora.",compra,1,caliente
L02576,CHUCK_06,"excelente decision, te ayudo a completar tu compra ahora.",compra,0,tibio
L02577,CHUCK_02,"hola, un gusto saludarte. en que te asesoro?",saludo,0,frio
L02578,CHUCK_09,"claro, te comparto el precio actualizado del plan.",consulta_precio,1,caliente
L02579,CHUCK_05,podemos resolver esa objecion con una opcion mas flexible.,objecion,0,tibio
L02580,CHUCK_04,te escribo para dar seguimiento a tu interes.,seguimiento,0,tibio
L02581,CHUCK_09,"tengo disponibilidad para demo, te paso horarios.",agendar_demo,0,tibio
L02582,CHUCK_04,"si te parece, coordinamos una demostracion personalizada.",agendar_demo,0,tibio
L02583,CHUCK_06,"gracias por tu tiempo, quedo atento a cualquier consulta.",despedida,0,frio
L02584,CHUCK_04,"si te parece, coordinamos una demostracion personalizada.",agendar_demo,0,caliente
L02585,CHUCK_06,"es normal tener esa inquietud, revisemos alternativas.",objecion,1,tibio
L02586,CHUCK_07,te comparto los beneficios para tu caso de uso.,consulta_producto,0,tibio
L02587,CHUCK_03,"entiendo tu duda, te aclaro ese punto para que decidas con confianza.",objecion,0,tibio
L02588,CHUCK_04,te explico las caracteristicas principales del producto.,consulta_producto,0,frio
L02589,CHUCK_01,quedo atento para continuar cuando te venga bien.,seguimiento,0,tibio
L02590,CHUCK_10,"tenemos stock disponible, puedo procesar tu compra en este momento.",compra,1,caliente
L02591,CHUCK_02,"perfecto, te comparto el link de pago para cerrar la compra.",compra,1,caliente
L02592,CHUCK_02,"tenemos stock disponible, puedo procesar tu compra en este momento.",compra,0,caliente
L02593,CHUCK_01,retomo la conversacion para ayudarte con la decision.,seguimiento,0,tibio
L02594,CHUCK_09,te explico las caracteristicas principales del producto.,consulta_producto,0,tibio
L02595,CHUCK_04,te comparo este plan frente a otras alternativas del mercado.,comparacion,1,caliente
L02596,CHUCK_04,"si, te puedo detallar precios y promociones vigentes.",consulta_precio,1,caliente
L02597,CHUCK_03,"excelente decision, te ayudo a completar tu compra ahora.",compra,0,caliente
L02598,CHUCK_05,"entiendo tu duda, te aclaro ese punto para que decidas con confianza.",objecion,0,tibio
L02599,CHUCK_10,te comparto los beneficios para tu caso de uso.,consulta_producto,1,tibio
L02600,CHUCK_07,"el costo depende del paquete, te paso las opciones de precio.",consulta_precio,1,tibio
L02601,CHUCK_05,podemos resolver esa objecion con una opcion mas flexible.,objecion,0,tibio
L02602,CHUCK_07,"entiendo tu duda, te aclaro ese punto para que decidas con confianza.",objecion,0,tibio
L02603,CHUCK_04,"es normal tener esa inquietud, revisemos alternativas.",objecion,0,frio
L02604,CHUCK_02,puedo guiarte para solucionar el problema ahora mismo.,soporte,1,frio
L02605,CHUCK_02,"tengo disponibilidad para demo, te paso horarios.",agendar_demo,0,tibio
L02606,CHUCK_06,"el costo depende del paquete, te paso las opciones de precio.",consulta_precio,1,tibio
L02607,CHUCK_07,puedo guiarte para solucionar el problema ahora mismo.,soporte,1,frio
L02608,CHUCK_04,podemos agendar una demo de 20 minutos esta semana.,agendar_demo,0,caliente
L02609,CHUCK_10,podemos agendar una demo de 20 minutos esta semana.,agendar_demo,0,tibio
L02610,CHUCK_03,"hola, gracias por contactarnos. como puedo ayudarte hoy?",saludo,0,frio
L02611,CHUCK_04,"hola, un gusto saludarte. en que te asesoro?",saludo,0,frio
L02612,CHUCK_08,quedo atento para continuar cuando te venga bien.,seguimiento,0,frio
L02613,CHUCK_05,"si, te puedo detallar precios y promociones vigentes.",consulta_precio,1,tibio
L02614,CHUCK_10,este producto incluye soporte y configuracion inicial.,consulta_producto,0,frio
L02615,CHUCK_09,"hola, un gusto saludarte. en que te asesoro?",saludo,0,frio
L02616,CHUCK_08,te explico las caracteristicas principales del producto.,consulta_producto,0,tibio
L02617,CHUCK_09,"en relacion calidad-precio, esta opcion destaca por soporte y resultados.",comparacion,1,tibio
L02618,CHUCK_07,te comparto los beneficios para tu caso de uso.,consulta_producto,0,frio
L02619,CHUCK_06,retomo la conversacion para ayudarte con la decision.,seguimiento,0,tibio
L02620,CHUCK_04,"tenemos stock disponible, puedo procesar tu compra en este momento.",compra,0,caliente
L02621,CHUCK_10,"perfecto, te comparto el link de pago para cerrar la compra.",compra,1,tibio
L02622,CHUCK_08,te escribo para dar seguimiento a tu interes.,seguimiento,0,frio
L02623,CHUCK_08,fue un gusto ayudarte. estoy disponible cuando lo necesites.,despedida,0,frio
L02624,CHUCK_07,"si, te puedo detallar precios y promociones vigentes.",consulta_precio,1,caliente
L02625,CHUCK_10,"perfecto, te comparto el link de pago para cerrar la compra.",compra,1,caliente
L02626,CHUCK_02,"tenemos stock disponible, puedo procesar tu compra en este momento.",compra,1,caliente
L02627,CHUCK_08,"excelente decision, te ayudo a completar tu compra ahora.",compra,0,caliente
L02628,CHUCK_08,"entiendo tu duda, te aclaro ese punto para que decidas con confianza.",objecion,1,tibio
L02629,CHUCK_06,"claro, te comparto el precio actualizado del plan.",consulta_precio,1,tibio
L02630,CHUCK_02,te comparto los beneficios para tu caso de uso.,consulta_producto,0,tibio
L02631,CHUCK_09,"si, te puedo detallar precios y promociones vigentes.",consulta_precio,1,tibio
L02632,CHUCK_02,"tengo disponibilidad para demo, te paso horarios.",agendar_demo,0,caliente
L02633,CHUCK_10,te comparto los beneficios para tu caso de uso.,consulta_producto,0,frio
L02634,CHUCK_03,te comparo este plan frente a otras alternativas del mercado.,comparacion,1,tibio
L02635,CHUCK_02,este producto incluye soporte y configuracion inicial.,consulta_producto,0,tibio
L02636,CHUCK_07,"excelente decision, te ayudo a completar tu compra ahora.",compra,1,tibio
L02637,CHUCK_04,retomo la conversacion para ayudarte con la decision.,seguimiento,0,tibio
L02638,CHUCK_03,"tenemos stock disponible, puedo procesar tu compra en este momento.",compra,1,caliente
L02639,CHUCK_10,"tenemos stock disponible, puedo procesar tu compra en este momento.",compra,0,tibio
L02640,CHUCK_09,"en relacion calidad-precio, esta opcion destaca por soporte y resultados.",comparacion,1,tibio
L02641,CHUCK_03,"en relacion calidad-precio, esta opcion destaca por soporte y resultados.",comparacion,0,tibio
L02642,CHUCK_05,"entiendo tu duda, te aclaro ese punto para que decidas con confianza.",objecion,0,tibio
L02643,CHUCK_06,podemos resolver esa objecion con una opcion mas flexible.,objecion,0,frio
L02644,CHUCK_04,te comparo este plan frente a otras alternativas del mercado.,comparacion,1,caliente
L02645,CHUCK_04,te escribo para dar seguimiento a tu interes.,seguimiento,0,tibio
L02646,CHUCK_01,te comparo este plan frente a otras alternativas del mercado.,comparacion,0,tibio
L02647,CHUCK_02,"perfecto, hablamos pronto. que tengas excelente dia.",despedida,0,frio
L02648,CHUCK_04,"tengo disponibilidad para demo, te paso horarios.",agendar_demo,1,caliente
L02649,CHUCK_09,"si te parece, coordinamos una demostracion personalizada.",agendar_demo,1,tibio
L02650,CHUCK_03,"perfecto, te comparto el link de pago para cerrar la compra.",compra,0,caliente
L02651,CHUCK_07,quedo atento para continuar cuando te venga bien.,seguimiento,0,tibio
L02652,CHUCK_05,podemos resolver esa objecion con una opcion mas flexible.,objecion,0,tibio
L02653,CHUCK_03,"perfecto, te comparto el link de pago para cerrar la compra.",compra,0,caliente
L02654,CHUCK_06,podemos resolver esa objecion con una opcion mas flexible.,objecion,0,tibio
L02655,CHUCK_09,"perfecto, te comparto el link de pago para cerrar la compra.",compra,1,caliente
L02656,CHUCK_03,retomo la conversacion para ayudarte con la decision.,seguimiento,0,frio
L02657,CHUCK_04,te explico las caracteristicas principales del producto.,consulta_producto,0,frio
L02658,CHUCK_01,"es normal tener esa inquietud, revisemos alternativas.",objecion,1,tibio
L02659,CHUCK_08,este producto incluye soporte y configuracion inicial.,consulta_producto,0,tibio
L02660,CHUCK_03,este producto incluye soporte y configuracion inicial.,consulta_producto,0,frio
L02661,CHUCK_05,"perfecto, te comparto el link de pago para cerrar la compra.",compra,0,caliente
L02662,CHUCK_03,"si te parece, coordinamos una demostracion personalizada.",agendar_demo,0,caliente
L02663,CHUCK_04,"si, te puedo detallar precios y promociones vigentes.",consulta_precio,1,tibio
L02664,CHUCK_01,te comparto los beneficios para tu caso de uso.,consulta_producto,0,frio
L02665,CHUCK_03,"si, te puedo detallar precios y promociones vigentes.",consulta_precio,1,caliente
L02666,CHUCK_04,"tengo disponibilidad para demo, te paso horarios.",agendar_demo,0,caliente
L02667,CHUCK_03,"tenemos stock disponible, puedo procesar tu compra en este momento.",compra,1,caliente
L02668,CHUCK_03,te explico las caracteristicas principales del producto.,consulta_producto,1,tibio
L02669,CHUCK_03,"claro, te comparto el precio actualizado del plan.",consulta_precio,1,tibio
L02670,CHUCK_04,"hola, un gusto saludarte. en que te asesoro?",saludo,0,frio
L02671,CHUCK_07,fue un gusto ayudarte. estoy disponible cuando lo necesites.,despedida,0,frio
L02672,CHUCK_06,"si quieres, te envio una tabla comparativa clara.",comparacion,1,tibio
L02673,CHUCK_06,"el costo depende del paquete, te paso las opciones de precio.",consulta_precio,1,tibio
L02674,CHUCK_02,"si, te puedo detallar precios y promociones vigentes.",consulta_precio,1,tibio
L02675,CHUCK_09,puedo guiarte para solucionar el problema ahora mismo.,soporte,0,frio
L02676,CHUCK_06,"hola, gracias por contactarnos. como puedo ayudarte hoy?",saludo,1,frio
L02677,CHUCK_04,este producto incluye soporte y configuracion inicial.,consulta_producto,0,frio
L02678,CHUCK_06,"claro, te comparto el precio actualizado del plan.",consulta_precio,1,tibio
L02679,CHUCK_02,"gracias por tu tiempo, quedo atento a cualquier consulta.",despedida,0,frio
L02680,CHUCK_05,"excelente decision, te ayudo a completar tu compra ahora.",compra,1,caliente
L02681,CHUCK_01,"perfecto, te comparto el link de pago para cerrar la compra.",compra,0,caliente
L02682,CHUCK_07,"si te parece, coordinamos una demostracion personalizada.",agendar_demo,0,tibio
L02683,CHUCK_07,retomo la conversacion para ayudarte con la decision.,seguimiento,0,tibio
L02684,CHUCK_07,quedo atento para continuar cuando te venga bien.,seguimiento,0,tibio
L02685,CHUCK_04,"tenemos stock disponible, puedo procesar tu compra en este momento.",compra,0,caliente
L02686,CHUCK_06,fue un gusto ayudarte. estoy disponible cuando lo necesites.,despedida,0,frio
L02687,CHUCK_05,te ayudo con soporte tecnico paso a paso.,soporte,0,frio
L02688,CHUCK_06,"si, te puedo detallar precios y promociones vigentes.",consulta_precio,1,tibio
L02689,CHUCK_07,este producto incluye soporte y configuracion inicial.,consulta_producto,1,tibio
L02690,CHUCK_09,"hola, un gusto saludarte. en que te asesoro?",saludo,0,frio
L02691,CHUCK_07,este producto incluye soporte y configuracion inicial.,consulta_producto,0,frio
L02692,CHUCK_01,podemos resolver esa objecion con una opcion mas flexible.,objecion,0,tibio
L02693,CHUCK_03,este producto incluye soporte y configuracion inicial.,consulta_producto,0,tibio
L02694,CHUCK_02,"perfecto, te comparto el link de pago para cerrar la compra.",compra,0,tibio
L02695,CHUCK_01,"tengo disponibilidad para demo, te paso horarios.",agendar_demo,0,caliente
L02696,CHUCK_03,"perfecto, hablamos pronto. que tengas excelente dia.",despedida,0,frio
L02697,CHUCK_08,"si te parece, coordinamos una demostracion personalizada.",agendar_demo,0,tibio
L02698,CHUCK_04,retomo la conversacion para ayudarte con la decision.,seguimiento,0,tibio
L02699,CHUCK_04,"el costo depende del paquete, te paso las opciones de precio.",consulta_precio,1,tibio
L02700,CHUCK_02,puedo guiarte para solucionar el problema ahora mismo.,soporte,0,frio
L02701,CHUCK_04,"bienvenido, estoy para ayudarte con toda la informacion.",saludo,0,frio
L02702,CHUCK_08,"excelente decision, te ayudo a completar tu compra ahora.",compra,1,caliente
L02703,CHUCK_09,"claro, te comparto el precio actualizado del plan.",consulta_precio,1,caliente
L02704,CHUCK_01,"hola, un gusto saludarte. en que te asesoro?",saludo,0,frio
L02705,CHUCK_07,"tengo disponibilidad para demo, te paso horarios.",agendar_demo,0,tibio
L02706,CHUCK_07,"si, te puedo detallar precios y promociones vigentes.",consulta_precio,1,tibio
L02707,CHUCK_01,este producto incluye soporte y configuracion inicial.,consulta_producto,0,tibio
L02708,CHUCK_05,te escribo para dar seguimiento a tu interes.,seguimiento,0,frio
L02709,CHUCK_10,"excelente decision, te ayudo a completar tu compra ahora.",compra,0,caliente
L02710,CHUCK_09,podemos resolver esa objecion con una opcion mas flexible.,objecion,0,tibio
L02711,CHUCK_03,"excelente decision, te ayudo a completar tu compra ahora.",compra,1,caliente
L02712,CHUCK_09,"perfecto, te comparto el link de pago para cerrar la compra.",compra,1,caliente
L02713,CHUCK_03,"perfecto, te comparto el link de pago para cerrar la compra.",compra,0,caliente
L02714,CHUCK_10,retomo la conversacion para ayudarte con la decision.,seguimiento,0,tibio
L02715,CHUCK_07,retomo la conversacion para ayudarte con la decision.,seguimiento,0,tibio
L02716,CHUCK_01,te explico las caracteristicas principales del producto.,consulta_producto,0,frio
L02717,CHUCK_09,"hola, un gusto saludarte. en que te asesoro?",saludo,0,frio
L02718,CHUCK_04,"tenemos stock disponible, puedo procesar tu compra en este momento.",compra,0,caliente
L02719,CHUCK_08,vamos a revisar ese inconveniente para resolverlo rapido.,soporte,0,frio
L02720,CHUCK_09,"entiendo tu duda, te aclaro ese punto para que decidas con confianza.",objecion,0,frio
L02721,CHUCK_07,"tenemos stock disponible, puedo procesar tu compra en este momento.",compra,0,caliente
L02722,CHUCK_05,te escribo para dar seguimiento a tu interes.,seguimiento,0,tibio
L02723,CHUCK_05,puedo guiarte para solucionar el problema ahora mismo.,soporte,0,frio
L02724,CHUCK_02,"perfecto, hablamos pronto. que tengas excelente dia.",despedida,0,frio
L02725,CHUCK_01,"en relacion calidad-precio, esta opcion destaca por soporte y resultados.",comparacion,1,tibio
L02726,CHUCK_02,podemos resolver esa objecion con una opcion mas flexible.,objecion,0,tibio
L02727,CHUCK_05,"perfecto, te comparto el link de pago para cerrar la compra.",compra,1,caliente
L02728,CHUCK_03,te comparo este plan frente a otras alternativas del mercado.,comparacion,0,tibio
L02729,CHUCK_05,"excelente decision, te ayudo a completar tu compra ahora.",compra,0,caliente
L02730,CHUCK_08,"claro, te comparto el precio actualizado del plan.",consulta_precio,1,tibio
L02731,CHUCK_07,retomo la conversacion para ayudarte con la decision.,seguimiento,0,frio
L02732,CHUCK_02,"hola, un gusto saludarte. en que te asesoro?",saludo,0,frio
L02733,CHUCK_03,te comparo este plan frente a otras alternativas del mercado.,comparacion,1,caliente
L02734,CHUCK_08,"es normal tener esa inquietud, revisemos alternativas.",objecion,0,tibio
L02735,CHUCK_07,"bienvenido, estoy para ayudarte con toda la informacion.",saludo,0,frio
L02736,CHUCK_08,"si te parece, coordinamos una demostracion personalizada.",agendar_demo,0,tibio
L02737,CHUCK_01,te explico las caracteristicas principales del producto.,consulta_producto,0,frio
L02738,CHUCK_07,"gracias por tu tiempo, quedo atento a cualquier consulta.",despedida,0,frio
L02739,CHUCK_04,"tengo disponibilidad para demo, te paso horarios.",agendar_demo,0,tibio
L02740,CHUCK_05,"perfecto, te comparto el link de pago para cerrar la compra.",compra,1,caliente
L02741,CHUCK_06,"tenemos stock disponible, puedo procesar tu compra en este momento.",compra,1,tibio
L02742,CHUCK_06,"tenemos stock disponible, puedo procesar tu compra en este momento.",compra,0,tibio
L02743,CHUCK_05,"es normal tener esa inquietud, revisemos alternativas.",objecion,0,tibio
L02744,CHUCK_04,te escribo para dar seguimiento a tu interes.,seguimiento,0,frio
L02745,CHUCK_01,"si, te puedo detallar precios y promociones vigentes.",consulta_precio,1,caliente
L02746,CHUCK_10,"hola, gracias por contactarnos. como puedo ayudarte hoy?",saludo,0,frio
L02747,CHUCK_09,"si, te puedo detallar precios y promociones vigentes.",consulta_precio,1,tibio
L02748,CHUCK_01,puedo guiarte para solucionar el problema ahora mismo.,soporte,0,frio
L02749,CHUCK_01,"es normal tener esa inquietud, revisemos alternativas.",objecion,0,tibio
L02750,CHUCK_05,"si, te puedo detallar precios y promociones vigentes.",consulta_precio,1,tibio
L02751,CHUCK_05,"en relacion calidad-precio, esta opcion destaca por soporte y resultados.",comparacion,1,tibio
L02752,CHUCK_02,quedo atento para continuar cuando te venga bien.,seguimiento,0,tibio
L02753,CHUCK_02,"perfecto, te comparto el link de pago para cerrar la compra.",compra,1,caliente
L02754,CHUCK_10,podemos resolver esa objecion con una opcion mas flexible.,objecion,1,frio
L02755,CHUCK_02,"tengo disponibilidad para demo, te paso horarios.",agendar_demo,0,tibio
L02756,CHUCK_09,este producto incluye soporte y configuracion inicial.,consulta_producto,0,tibio
L02757,CHUCK_08,te escribo para dar seguimiento a tu interes.,seguimiento,0,tibio
L02758,CHUCK_07,"tenemos stock disponible, puedo procesar tu compra en este momento.",compra,1,caliente
L02759,CHUCK_02,te escribo para dar seguimiento a tu interes.,seguimiento,0,tibio
L02760,CHUCK_01,"perfecto, hablamos pronto. que tengas excelente dia.",despedida,0,frio
L02761,CHUCK_02,podemos resolver esa objecion con una opcion mas flexible.,objecion,0,tibio
L02762,CHUCK_10,te explico las caracteristicas principales del producto.,consulta_producto,0,tibio
L02763,CHUCK_03,podemos resolver esa objecion con una opcion mas flexible.,objecion,0,tibio
L02764,CHUCK_09,"tenemos stock disponible, puedo procesar tu compra en este momento.",compra,1,caliente
L02765,CHUCK_07,"el costo depende del paquete, te paso las opciones de precio.",consulta_precio,1,tibio
L02766,CHUCK_08,"el costo depende del paquete, te paso las opciones de precio.",consulta_precio,1,tibio
L02767,CHUCK_07,retomo la conversacion para ayudarte con la decision.,seguimiento,0,tibio
L02768,CHUCK_02,"perfecto, te comparto el link de pago para cerrar la compra.",compra,0,tibio
L02769,CHUCK_07,"el costo depende del paquete, te paso las opciones de precio.",consulta_precio,1,tibio
L02770,CHUCK_09,"si, te puedo detallar precios y promociones vigentes.",consulta_precio,1,caliente
L02771,CHUCK_01,te explico las caracteristicas principales del producto.,consulta_producto,0,tibio
L02772,CHUCK_07,"si, te puedo detallar precios y promociones vigentes.",consulta_precio,1,tibio
L02773,CHUCK_06,"excelente decision, te ayudo a completar tu compra ahora.",compra,1,tibio
L02774,CHUCK_05,"perfecto, te comparto el link de pago para cerrar la compra.",compra,1,caliente
L02775,CHUCK_05,"perfecto, te comparto el link de pago para cerrar la compra.",compra,1,caliente
L02776,CHUCK_06,"tengo disponibilidad para demo, te paso horarios.",agendar_demo,0,tibio
L02777,CHUCK_08,"perfecto, te comparto el link de pago para cerrar la compra.",compra,1,caliente
L02778,CHUCK_05,te comparto los beneficios para tu caso de uso.,consulta_producto,0,frio
L02779,CHUCK_06,"hola, gracias por contactarnos. como puedo ayudarte hoy?",saludo,1,frio
L02780,CHUCK_02,"excelente decision, te ayudo a completar tu compra ahora.",compra,0,caliente
L02781,CHUCK_05,te explico las caracteristicas principales del producto.,consulta_producto,0,frio
L02782,CHUCK_01,te explico las caracteristicas principales del producto.,consulta_producto,0,frio
L02783,CHUCK_08,"tenemos stock disponible, puedo procesar tu compra en este momento.",compra,1,caliente
L02784,CHUCK_03,te explico las caracteristicas principales del producto.,consulta_producto,0,frio
L02785,CHUCK_01,"perfecto, te comparto el link de pago para cerrar la compra.",compra,1,tibio
L02786,CHUCK_02,quedo atento para continuar cuando te venga bien.,seguimiento,0,tibio
L02787,CHUCK_05,"hola, un gusto saludarte. en que te asesoro?",saludo,1,frio
L02788,CHUCK_07,"perfecto, te comparto el link de pago para cerrar la compra.",compra,0,caliente
L02789,CHUCK_06,"claro, te comparto el precio actualizado del plan.",consulta_precio,1,caliente
L02790,CHUCK_08,"tenemos stock disponible, puedo procesar tu compra en este momento.",compra,1,caliente
L02791,CHUCK_03,te explico las caracteristicas principales del producto.,consulta_producto,0,tibio
L02792,CHUCK_05,"bienvenido, estoy para ayudarte con toda la informacion.",saludo,0,frio
L02793,CHUCK_10,"perfecto, te comparto el link de pago para cerrar la compra.",compra,1,caliente
L02794,CHUCK_07,"tenemos stock disponible, puedo procesar tu compra en este momento.",compra,0,caliente
L02795,CHUCK_04,"excelente decision, te ayudo a completar tu compra ahora.",compra,1,caliente
L02796,CHUCK_01,te escribo para dar seguimiento a tu interes.,seguimiento,0,frio
L02797,CHUCK_10,"el costo depende del paquete, te paso las opciones de precio.",consulta_precio,1,caliente
L02798,CHUCK_02,podemos agendar una demo de 20 minutos esta semana.,agendar_demo,0,tibio
L02799,CHUCK_06,"si, te puedo detallar precios y promociones vigentes.",consulta_precio,1,tibio
L02800,CHUCK_07,"gracias por tu tiempo, quedo atento a cualquier consulta.",despedida,0,frio
L02801,CHUCK_03,fue un gusto ayudarte. estoy disponible cuando lo necesites.,despedida,0,frio
L02802,CHUCK_05,"tengo disponibilidad para demo, te paso horarios.",agendar_demo,0,caliente
L02803,CHUCK_09,"tengo disponibilidad para demo, te paso horarios.",agendar_demo,0,caliente
L02804,CHUCK_02,"hola, gracias por contactarnos. como puedo ayudarte hoy?",saludo,0,frio
L02805,CHUCK_06,"si, te puedo detallar precios y promociones vigentes.",consulta_precio,1,tibio
L02806,CHUCK_09,"hola, gracias por contactarnos. como puedo ayudarte hoy?",saludo,0,frio
L02807,CHUCK_04,"entiendo tu duda, te aclaro ese punto para que decidas con confianza.",objecion,0,tibio
L02808,CHUCK_07,quedo atento para continuar cuando te venga bien.,seguimiento,0,tibio
L02809,CHUCK_02,te ayudo con soporte tecnico paso a paso.,soporte,0,frio
L02810,CHUCK_04,"claro, te comparto el precio actualizado del plan.",consulta_precio,1,tibio
L02811,CHUCK_01,"es normal tener esa inquietud, revisemos alternativas.",objecion,0,frio
L02812,CHUCK_04,"perfecto, hablamos pronto. que tengas excelente dia.",despedida,0,frio
L02813,CHUCK_03,"el costo depende del paquete, te paso las opciones de precio.",consulta_precio,1,tibio
L02814,CHUCK_09,"hola, un gusto saludarte. en que te asesoro?",saludo,0,frio
L02815,CHUCK_03,"entiendo tu duda, te aclaro ese punto para que decidas con confianza.",objecion,0,frio
L02816,CHUCK_05,"tenemos stock disponible, puedo procesar tu compra en este momento.",compra,1,tibio
L02817,CHUCK_04,"excelente decision, te ayudo a completar tu compra ahora.",compra,1,caliente
L02818,CHUCK_08,este producto incluye soporte y configuracion inicial.,consulta_producto,0,frio
L02819,CHUCK_10,"tenemos stock disponible, puedo procesar tu compra en este momento.",compra,0,caliente
L02820,CHUCK_09,este producto incluye soporte y configuracion inicial.,consulta_producto,0,tibio
L02821,CHUCK_04,quedo atento para continuar cuando te venga bien.,seguimiento,0,frio
L02822,CHUCK_01,podemos resolver esa objecion con una opcion mas flexible.,objecion,0,tibio
L02823,CHUCK_05,"perfecto, te comparto el link de pago para cerrar la compra.",compra,1,caliente
L02824,CHUCK_02,"claro, te comparto el precio actualizado del plan.",consulta_precio,1,caliente
L02825,CHUCK_08,podemos agendar una demo de 20 minutos esta semana.,agendar_demo,0,caliente
L02826,CHUCK_04,"bienvenido, estoy para ayudarte con toda la informacion.",saludo,0,frio
L02827,CHUCK_01,fue un gusto ayudarte. estoy disponible cuando lo necesites.,despedida,0,frio
L02828,CHUCK_10,"perfecto, hablamos pronto. que tengas excelente dia.",despedida,0,frio
L02829,CHUCK_06,"si te parece, coordinamos una demostracion personalizada.",agendar_demo,0,tibio
L02830,CHUCK_05,"excelente decision, te ayudo a completar tu compra ahora.",compra,1,caliente
L02831,CHUCK_04,"el costo depende del paquete, te paso las opciones de precio.",consulta_precio,1,tibio
L02832,CHUCK_06,"si quieres, te envio una tabla comparativa clara.",comparacion,1,caliente
L02833,CHUCK_08,"claro, te comparto el precio actualizado del plan.",consulta_precio,1,tibio
L02834,CHUCK_03,te explico las caracteristicas principales del producto.,consulta_producto,0,frio
L02835,CHUCK_06,este producto incluye soporte y configuracion inicial.,consulta_producto,0,frio
L02836,CHUCK_07,te comparo este plan frente a otras alternativas del mercado.,comparacion,1,tibio
L02837,CHUCK_04,vamos a revisar ese inconveniente para resolverlo rapido.,soporte,0,frio
L02838,CHUCK_02,retomo la conversacion para ayudarte con la decision.,seguimiento,0,tibio
L02839,CHUCK_02,"si quieres, te envio una tabla comparativa clara.",comparacion,1,caliente
L02840,CHUCK_05,"perfecto, te comparto el link de pago para cerrar la compra.",compra,0,caliente
L02841,CHUCK_03,te comparto los beneficios para tu caso de uso.,consulta_producto,0,tibio
L02842,CHUCK_02,te ayudo con soporte tecnico paso a paso.,soporte,0,frio
L02843,CHUCK_09,este producto incluye soporte y configuracion inicial.,consulta_producto,0,tibio
L02844,CHUCK_04,"si, te puedo detallar precios y promociones vigentes.",consulta_precio,1,tibio
L02845,CHUCK_01,te comparo este plan frente a otras alternativas del mercado.,comparacion,1,tibio
L02846,CHUCK_09,te escribo para dar seguimiento a tu interes.,seguimiento,0,tibio
L02847,CHUCK_05,fue un gusto ayudarte. estoy disponible cuando lo necesites.,despedida,0,frio
L02848,CHUCK_08,retomo la conversacion para ayudarte con la decision.,seguimiento,0,tibio
L02849,CHUCK_03,"gracias por tu tiempo, quedo atento a cualquier consulta.",despedida,0,frio
L02850,CHUCK_03,"hola, un gusto saludarte. en que te asesoro?",saludo,0,frio
L02851,CHUCK_07,podemos resolver esa objecion con una opcion mas flexible.,objecion,0,frio
L02852,CHUCK_03,te explico las caracteristicas principales del producto.,consulta_producto,0,tibio
L02853,CHUCK_07,"excelente decision, te ayudo a completar tu compra ahora.",compra,0,tibio
L02854,CHUCK_02,"tenemos stock disponible, puedo procesar tu compra en este momento.",compra,1,tibio
L02855,CHUCK_06,te comparto los beneficios para tu caso de uso.,consulta_producto,0,frio
L02856,CHUCK_08,te escribo para dar seguimiento a tu interes.,seguimiento,0,tibio
L02857,CHUCK_04,te escribo para dar seguimiento a tu interes.,seguimiento,0,tibio
L02858,CHUCK_05,te ayudo con soporte tecnico paso a paso.,soporte,1,frio
L02859,CHUCK_08,"si, te puedo detallar precios y promociones vigentes.",consulta_precio,1,caliente
L02860,CHUCK_08,"si quieres, te envio una tabla comparativa clara.",comparacion,0,tibio
L02861,CHUCK_09,"es normal tener esa inquietud, revisemos alternativas.",objecion,1,tibio
L02862,CHUCK_06,"si te parece, coordinamos una demostracion personalizada.",agendar_demo,0,caliente
L02863,CHUCK_09,vamos a revisar ese inconveniente para resolverlo rapido.,soporte,0,frio
L02864,CHUCK_09,"tengo disponibilidad para demo, te paso horarios.",agendar_demo,0,tibio
L02865,CHUCK_05,"bienvenido, estoy para ayudarte con toda la informacion.",saludo,0,frio
L02866,CHUCK_02,te comparo este plan frente a otras alternativas del mercado.,comparacion,0,tibio
L02867,CHUCK_02,retomo la conversacion para ayudarte con la decision.,seguimiento,0,tibio
L02868,CHUCK_10,"excelente decision, te ayudo a completar tu compra ahora.",compra,0,caliente
L02869,CHUCK_10,te explico las caracteristicas principales del producto.,consulta_producto,0,tibio
L02870,CHUCK_05,te comparto los beneficios para tu caso de uso.,consulta_producto,0,frio
L02871,CHUCK_10,podemos resolver esa objecion con una opcion mas flexible.,objecion,0,frio
L02872,CHUCK_05,"es normal tener esa inquietud, revisemos alternativas.",objecion,0,tibio
L02873,CHUCK_02,"claro, te comparto el precio actualizado del plan.",consulta_precio,1,tibio
L02874,CHUCK_04,"perfecto, hablamos pronto. que tengas excelente dia.",despedida,0,frio
L02875,CHUCK_09,podemos resolver esa objecion con una opcion mas flexible.,objecion,0,tibio
L02876,CHUCK_02,te explico las caracteristicas principales del producto.,consulta_producto,1,tibio
L02877,CHUCK_10,"hola, gracias por contactarnos. como puedo ayudarte hoy?",saludo,0,frio
L02878,CHUCK_02,podemos agendar una demo de 20 minutos esta semana.,agendar_demo,0,tibio
L02879,CHUCK_10,"hola, gracias por contactarnos. como puedo ayudarte hoy?",saludo,0,frio
L02880,CHUCK_07,"tenemos stock disponible, puedo procesar tu compra en este momento.",compra,0,tibio
L02881,CHUCK_03,te comparto los beneficios para tu caso de uso.,consulta_producto,0,frio
L02882,CHUCK_04,podemos agendar una demo de 20 minutos esta semana.,agendar_demo,1,tibio
L02883,CHUCK_08,podemos agendar una demo de 20 minutos esta semana.,agendar_demo,0,tibio
L02884,CHUCK_09,"perfecto, te comparto el link de pago para cerrar la compra.",compra,0,caliente
L02885,CHUCK_04,"perfecto, te comparto el link de pago para cerrar la compra.",compra,1,caliente
L02886,CHUCK_10,"claro, te comparto el precio actualizado del plan.",consulta_precio,1,caliente
L02887,CHUCK_09,te comparto los beneficios para tu caso de uso.,consulta_producto,0,frio
L02888,CHUCK_04,te comparto los beneficios para tu caso de uso.,consulta_producto,0,frio
L02889,CHUCK_05,podemos agendar una demo de 20 minutos esta semana.,agendar_demo,0,tibio
L02890,CHUCK_08,te explico las caracteristicas principales del producto.,consulta_producto,0,tibio
L02891,CHUCK_06,te comparto los beneficios para tu caso de uso.,consulta_producto,0,tibio
L02892,CHUCK_06,"perfecto, te comparto el link de pago para cerrar la compra.",compra,1,tibio
L02893,CHUCK_09,"si quieres, te envio una tabla comparativa clara.",comparacion,1,caliente
L02894,CHUCK_02,"el costo depende del paquete, te paso las opciones de precio.",consulta_precio,1,caliente
L02895,CHUCK_09,"perfecto, hablamos pronto. que tengas excelente dia.",despedida,0,frio
L02896,CHUCK_04,"claro, te comparto el precio actualizado del plan.",consulta_precio,1,tibio
L02897,CHUCK_01,"claro, te comparto el precio actualizado del plan.",consulta_precio,1,tibio
L02898,CHUCK_02,"perfecto, hablamos pronto. que tengas excelente dia.",despedida,1,frio
L02899,CHUCK_10,"excelente decision, te ayudo a completar tu compra ahora.",compra,0,caliente
L02900,CHUCK_03,"es normal tener esa inquietud, revisemos alternativas.",objecion,0,tibio
L02901,CHUCK_10,"si quieres, te envio una tabla comparativa clara.",comparacion,1,tibio
L02902,CHUCK_07,"el costo depende del paquete, te paso las opciones de precio.",consulta_precio,1,caliente
L02903,CHUCK_03,"si, te puedo detallar precios y promociones vigentes.",consulta_precio,1,caliente
L02904,CHUCK_04,te ayudo con soporte tecnico paso a paso.,soporte,0,frio
L02905,CHUCK_10,"tengo disponibilidad para demo, te paso horarios.",agendar_demo,0,tibio
L02906,CHUCK_03,te comparo este plan frente a otras alternativas del mercado.,comparacion,1,tibio
L02907,CHUCK_06,podemos agendar una demo de 20 minutos esta semana.,agendar_demo,1,caliente
L02908,CHUCK_01,este producto incluye soporte y configuracion inicial.,consulta_producto,0,frio
L02909,CHUCK_05,"claro, te comparto el precio actualizado del plan.",consulta_precio,1,caliente
L02910,CHUCK_09,"si quieres, te envio una tabla comparativa clara.",comparacion,1,tibio
L02911,CHUCK_01,este producto incluye soporte y configuracion inicial.,consulta_producto,0,tibio
L02912,CHUCK_01,"excelente decision, te ayudo a completar tu compra ahora.",compra,1,caliente
L02913,CHUCK_02,"claro, te comparto el precio actualizado del plan.",consulta_precio,1,tibio
L02914,CHUCK_05,"si quieres, te envio una tabla comparativa clara.",comparacion,1,tibio
L02915,CHUCK_10,te explico las caracteristicas principales del producto.,consulta_producto,0,frio
L02916,CHUCK_01,"excelente decision, te ayudo a completar tu compra ahora.",compra,0,caliente
L02917,CHUCK_07,"claro, te comparto el precio actualizado del plan.",consulta_precio,1,caliente
L02918,CHUCK_01,"en relacion calidad-precio, esta opcion destaca por soporte y resultados.",comparacion,1,caliente
L02919,CHUCK_04,quedo atento para continuar cuando te venga bien.,seguimiento,0,frio
L02920,CHUCK_04,"perfecto, hablamos pronto. que tengas excelente dia.",despedida,0,frio
L02921,CHUCK_04,"en relacion calidad-precio, esta opcion destaca por soporte y resultados.",comparacion,0,caliente
L02922,CHUCK_02,"en relacion calidad-precio, esta opcion destaca por soporte y resultados.",comparacion,0,caliente
L02923,CHUCK_02,podemos resolver esa objecion con una opcion mas flexible.,objecion,0,tibio
L02924,CHUCK_05,este producto incluye soporte y configuracion inicial.,consulta_producto,0,tibio
L02925,CHUCK_05,te comparto los beneficios para tu caso de uso.,consulta_producto,0,frio
L02926,CHUCK_03,quedo atento para continuar cuando te venga bien.,seguimiento,0,tibio
L02927,CHUCK_07,te comparto los beneficios para tu caso de uso.,consulta_producto,0,tibio
L02928,CHUCK_09,"en relacion calidad-precio, esta opcion destaca por soporte y resultados.",comparacion,1,tibio
L02929,CHUCK_03,"excelente decision, te ayudo a completar tu compra ahora.",compra,1,caliente
L02930,CHUCK_04,"el costo depende del paquete, te paso las opciones de precio.",consulta_precio,1,tibio
L02931,CHUCK_05,podemos agendar una demo de 20 minutos esta semana.,agendar_demo,0,caliente
L02932,CHUCK_08,este producto incluye soporte y configuracion inicial.,consulta_producto,1,frio
L02933,CHUCK_06,"entiendo tu duda, te aclaro ese punto para que decidas con confianza.",objecion,0,tibio
L02934,CHUCK_03,podemos agendar una demo de 20 minutos esta semana.,agendar_demo,0,caliente
L02935,CHUCK_03,puedo guiarte para solucionar el problema ahora mismo.,soporte,0,frio
L02936,CHUCK_06,te comparto los beneficios para tu caso de uso.,consulta_producto,0,tibio
L02937,CHUCK_08,podemos resolver esa objecion con una opcion mas flexible.,objecion,0,frio
L02938,CHUCK_01,"entiendo tu duda, te aclaro ese punto para que decidas con confianza.",objecion,0,frio
L02939,CHUCK_02,este producto incluye soporte y configuracion inicial.,consulta_producto,0,frio
L02940,CHUCK_08,"excelente decision, te ayudo a completar tu compra ahora.",compra,1,caliente
L02941,CHUCK_08,"tenemos stock disponible, puedo procesar tu compra en este momento.",compra,0,caliente
L02942,CHUCK_08,te comparto los beneficios para tu caso de uso.,consulta_producto,0,tibio
L02943,CHUCK_03,"si quieres, te envio una tabla comparativa clara.",comparacion,1,tibio
L02944,CHUCK_03,te comparo este plan frente a otras alternativas del mercado.,comparacion,1,caliente
L02945,CHUCK_02,"excelente decision, te ayudo a completar tu compra ahora.",compra,0,tibio
L02946,CHUCK_09,"en relacion calidad-precio, esta opcion destaca por soporte y resultados.",comparacion,1,tibio
L02947,CHUCK_07,"perfecto, te comparto el link de pago para cerrar la compra.",compra,0,caliente
L02948,CHUCK_02,podemos agendar una demo de 20 minutos esta semana.,agendar_demo,1,caliente
L02949,CHUCK_04,podemos agendar una demo de 20 minutos esta semana.,agendar_demo,0,caliente
L02950,CHUCK_03,"claro, te comparto el precio actualizado del plan.",consulta_precio,1,tibio
L02951,CHUCK_03,"hola, gracias por contactarnos. como puedo ayudarte hoy?",saludo,0,frio
L02952,CHUCK_10,podemos resolver esa objecion con una opcion mas flexible.,objecion,0,tibio
L02953,CHUCK_03,"es normal tener esa inquietud, revisemos alternativas.",objecion,0,tibio
L02954,CHUCK_09,"excelente decision, te ayudo a completar tu compra ahora.",compra,0,caliente
L02955,CHUCK_05,"gracias por tu tiempo, quedo atento a cualquier consulta.",despedida,0,frio
L02956,CHUCK_09,este producto incluye soporte y configuracion inicial.,consulta_producto,0,tibio
L02957,CHUCK_01,"excelente decision, te ayudo a completar tu compra ahora.",compra,1,caliente
L02958,CHUCK_06,"entiendo tu duda, te aclaro ese punto para que decidas con confianza.",objecion,0,frio
L02959,CHUCK_06,fue un gusto ayudarte. estoy disponible cuando lo necesites.,despedida,0,frio
L02960,CHUCK_06,"perfecto, te comparto el link de pago para cerrar la compra.",compra,0,caliente
L02961,CHUCK_07,"claro, te comparto el precio actualizado del plan.",consulta_precio,1,tibio
L02962,CHUCK_01,te explico las caracteristicas principales del producto.,consulta_producto,0,frio
L02963,CHUCK_02,te comparto los beneficios para tu caso de uso.,consulta_producto,0,frio
L02964,CHUCK_10,"excelente decision, te ayudo a completar tu compra ahora.",compra,1,caliente
L02965,CHUCK_10,te explico las caracteristicas principales del producto.,consulta_producto,0,tibio
L02966,CHUCK_01,podemos agendar una demo de 20 minutos esta semana.,agendar_demo,0,tibio
L02967,CHUCK_09,"claro, te comparto el precio actualizado del plan.",consulta_precio,1,caliente
L02968,CHUCK_04,este producto incluye soporte y configuracion inicial.,consulta_producto,0,frio
L02969,CHUCK_01,"hola, gracias por contactarnos. como puedo ayudarte hoy?",saludo,0,frio
L02970,CHUCK_10,"tenemos stock disponible, puedo procesar tu compra en este momento.",compra,1,tibio
L02971,CHUCK_07,podemos resolver esa objecion con una opcion mas flexible.,objecion,1,frio
L02972,CHUCK_04,este producto incluye soporte y configuracion inicial.,consulta_producto,0,frio
L02973,CHUCK_03,te explico las caracteristicas principales del producto.,consulta_producto,0,tibio
L02974,CHUCK_08,te ayudo con soporte tecnico paso a paso.,soporte,0,frio
L02975,CHUCK_05,vamos a revisar ese inconveniente para resolverlo rapido.,soporte,0,frio
L02976,CHUCK_01,"tenemos stock disponible, puedo procesar tu compra en este momento.",compra,1,caliente
L02977,CHUCK_08,"es normal tener esa inquietud, revisemos alternativas.",objecion,0,tibio
L02978,CHUCK_09,"perfecto, te comparto el link de pago para cerrar la compra.",compra,0,tibio
L02979,CHUCK_06,"es normal tener esa inquietud, revisemos alternativas.",objecion,0,tibio
L02980,CHUCK_02,"claro, te comparto el precio actualizado del plan.",consulta_precio,1,tibio
L02981,CHUCK_07,este producto incluye soporte y configuracion inicial.,consulta_producto,0,frio
L02982,CHUCK_07,retomo la conversacion para ayudarte con la decision.,seguimiento,0,tibio
L02983,CHUCK_03,"tenemos stock disponible, puedo procesar tu compra en este momento.",compra,0,caliente
L02984,CHUCK_08,"si te parece, coordinamos una demostracion personalizada.",agendar_demo,0,caliente
L02985,CHUCK_01,te explico las caracteristicas principales del producto.,consulta_producto,1,tibio
L02986,CHUCK_07,"hola, gracias por contactarnos. como puedo ayudarte hoy?",saludo,0,frio
L02987,CHUCK_03,"perfecto, te comparto el link de pago para cerrar la compra.",compra,0,caliente
L02988,CHUCK_07,te comparo este plan frente a otras alternativas del mercado.,comparacion,0,caliente
L02989,CHUCK_04,vamos a revisar ese inconveniente para resolverlo rapido.,soporte,1,frio
L02990,CHUCK_06,"en relacion calidad-precio, esta opcion destaca por soporte y resultados.",comparacion,0,tibio
L02991,CHUCK_04,"el costo depende del paquete, te paso las opciones de precio.",consulta_precio,1,tibio
L02992,CHUCK_09,te comparto los beneficios para tu caso de uso.,consulta_producto,0,tibio
L02993,CHUCK_02,"perfecto, te comparto el link de pago para cerrar la compra.",compra,0,tibio
L02994,CHUCK_09,"excelente decision, te ayudo a completar tu compra ahora.",compra,1,caliente
L02995,CHUCK_03,"si, te puedo detallar precios y promociones vigentes.",consulta_precio,1,caliente
L02996,CHUCK_02,este producto incluye soporte y configuracion inicial.,consulta_producto,0,frio
L02997,CHUCK_06,"tenemos stock disponible, puedo procesar tu compra en este momento.",compra,0,tibio
L02998,CHUCK_08,"si, te puedo detallar precios y promociones vigentes.",consulta_precio,1,tibio
L02999,CHUCK_07,"si, te puedo detallar precios y promociones vigentes.",consulta_precio,1,tibio
L03000,CHUCK_01,este producto incluye soporte y configuracion inicial.,consulta_producto,1,tibio
